number,value,datetime_start,datetime_complete,duration,params_a_0,params_a_1,params_a_2,params_a_3,params_a_4,params_a_5,params_a_6,params_u_dc_0,params_u_dc_1,params_u_dc_2,params_u_dc_3,params_u_dc_4,params_u_dc_5,params_u_dc_6,state
0,0.6793529971455756,2025-10-28 14:45:35.047949,2025-10-28 17:09:01.606854,0 days 02:23:26.558905,0.06027174058518492,-0.19400087492835683,0.6897173888425785,0.8299824213861862,1.17278741802382,-0.21624987717543487,1.5594788800855501,0.9197922178462276,0.7156013150107265,0.9695366947583401,0.5214631749266352,0.917605790351696,0.2517400700470082,0.614517437967606,COMPLETE
1,0.6907706945765937,2025-10-28 17:09:02.065968,2025-10-28 19:34:09.247735,0 days 02:25:07.181767,0.035948902441170105,0.6001338917361205,-0.9544305818452989,0.8063171958752497,1.8240941655534573,1.7614944127225574,-0.5590349135485049,0.6135981487889243,0.25503367735459803,0.5226409622084758,0.5822943292333134,0.12913544220002182,0.5014578419128323,0.3601803554613917,COMPLETE
2,0.4367269267364415,2025-10-28 19:34:09.707614,2025-10-28 21:58:48.281735,0 days 02:24:38.574121,-1.29490287106923,-1.7584017708752846,-0.9496442783446657,-1.7635971314570935,-1.360585009277103,1.320913328632864,-1.892753435883741,0.32095447507597546,0.6578979952458763,0.18448940208258297,0.8931726181806104,0.1658835105413014,0.5387720445120041,0.6118988685586765,COMPLETE
3,0.46574690770694577,2025-10-28 21:58:48.715121,2025-10-29 00:23:14.455010,0 days 02:24:25.739889,0.982873903268489,0.14968926119261905,0.5225003759779261,1.346839736411804,-0.5739514552161427,-1.51307372140386,0.7802953639765153,0.6978743449661767,0.39630786003297125,0.41710498015427794,0.03559842119685361,0.7044962169587693,0.4590962424771094,0.13396569161077976,COMPLETE
4,0.29257849666983826,2025-10-29 00:23:14.851705,2025-10-29 02:47:53.174604,0 days 02:24:38.322899,-1.179941078982452,-1.311461711445911,-0.9928874788822277,-0.3788179488938779,0.3091245875112283,-1.6654590177957767,1.8164782674367865,0.9952553028361695,0.15819413948248556,0.36914597074759115,0.10998611417083896,0.31892826863415624,0.49834893767920424,0.6361557660040248,COMPLETE
5,0.3748810656517602,2025-10-29 02:47:53.669925,2025-10-29 05:17:17.074339,0 days 02:29:23.404414,0.5146813406780244,-1.5396987496562615,-1.9339834945519545,-0.7323906782957375,1.7074633388493106,-1.9986230314933664,0.7696328294470409,0.9224015658221769,0.3198780438066854,0.6116700841589411,0.9757247061910623,0.9408734342210602,0.7623768779048878,0.06457649484792755,COMPLETE
6,0.17126546146527116,2025-10-29 05:17:17.467918,2025-10-29 07:46:49.651438,0 days 02:29:32.183520,0.898791040310623,-0.5928778679175437,-0.833222864377209,-0.4918074526101637,1.5515191923984757,-0.5149703272485597,0.3984105548111452,0.29116281312355125,0.7127682957372611,0.07134123673944895,0.3807943030728294,0.7297471129185781,0.9122718740342892,0.6496866181092319,COMPLETE
7,0.708848715509039,2025-10-29 07:46:50.090253,2025-10-29 10:14:58.817701,0 days 02:28:08.727448,0.2518132591764499,1.3726881616282403,-1.3865325901220555,-1.6386743752464064,0.21041291120399652,-0.9901634537195516,0.5529913768431234,0.13863740805447872,0.5816692560476548,0.04242538017773423,0.1783056550574133,0.2291949176696927,0.28880067884966787,0.26358830761086327,COMPLETE
8,0.3981921979067555,2025-10-29 10:14:59.276843,2025-10-29 12:30:16.317464,0 days 02:15:17.040621,-1.7349049832927461,0.9172850449226919,-1.6905811613294608,1.298324238079707,-0.8562343002917157,-0.2261485720516112,-0.331082638115209,0.2885304521741611,0.01902896421352262,0.35165673642604217,0.37982483624392377,0.8986742957523063,0.13160748232476302,0.7385777868873974,COMPLETE
9,0.35394862036156044,2025-10-29 12:30:16.772563,2025-10-29 14:48:53.743911,0 days 02:18:36.971348,1.9572335198896966,-0.3802286419018839,-1.211545315554929,-0.18956279474308735,-0.4443649754026766,1.5215529689587766,1.4493831884615083,0.7788447918058525,0.5522221567811804,0.15736693256807302,0.7103634377649859,0.03169187324563989,0.295326836025803,0.33858050600394696,COMPLETE
10,0.4429115128449096,2025-10-29 14:48:54.341416,2025-10-29 16:40:13.548603,0 days 01:51:19.207187,-0.7612592399833837,1.88897456059814,1.6453773166548342,-1.7979691441954277,0.5169302163933912,0.696841279126309,-1.1254942435880448,0.025278899971844362,0.906543806243964,0.7579102470509602,0.22399026299019903,0.41426166178815826,0.06289781490670784,0.9872894241159804,COMPLETE
11,0.439581351094196,2025-10-29 16:40:14.070660,2025-10-29 18:47:10.773043,0 days 02:06:56.702383,-0.30398417320634796,1.183512733268936,0.02430741022071259,0.5714146328132459,-1.9110753790572663,-0.9565963293933564,-0.45460812350539836,0.5104855044916414,0.2990066777034667,0.6048287651838685,0.6321833640199858,0.22133697348592235,0.6578066170929009,0.3363720531170534,COMPLETE
12,0.6950523311132255,2025-10-29 18:47:11.225963,2025-10-29 20:51:09.422289,0 days 02:03:58.196326,0.08882440807774739,0.7860347027031517,-0.2176259519998467,-1.053399720698481,0.8093552314892656,0.4309965091807233,-0.9440799561733548,0.012517170885570528,0.4977636305619276,0.7895875713765718,0.315587058840023,0.05876424506257967,0.33067695181941037,0.31080130891213564,COMPLETE
13,0.7012369172216937,2025-10-29 20:51:09.805622,2025-10-29 22:37:41.179823,0 days 01:46:31.374201,1.5127661630726523,1.7628235272787238,-0.26151357867292646,-1.1524745234810978,0.8308330570603818,0.4621310431474299,-1.2946609169275451,0.01331548064211523,0.5025202449229281,0.870247650195763,0.2694577047443294,0.024474980301506244,0.28332602723783046,0.20716522120608738,COMPLETE
14,0.3796384395813511,2025-10-29 22:37:41.547748,2025-10-30 00:14:37.573441,0 days 01:36:56.025693,1.8297904851061955,1.9712397761607348,-0.10282548260002736,-1.511474751387325,0.02959115408697732,-0.9461098244993494,-1.8647321132226158,0.15858988895331477,0.8930940979747978,0.9985717658338935,0.18485515686057238,0.30475400574798894,0.1914414659632151,0.20182733646798737,COMPLETE
15,0.5195052331113226,2025-10-30 00:14:37.995177,2025-10-30 01:55:37.447051,0 days 01:40:59.451874,1.3477952824137953,1.506094521848858,1.4545334413305362,-1.193999244592635,0.9182777412934623,0.48499612801093267,0.14595358135127157,0.18044061412132867,0.5147615123122976,0.7734335191874891,0.26737963407123244,0.5140367706762577,0.015500439277552736,0.01751990245071397,COMPLETE
16,0.3725023786869648,2025-10-30 01:55:37.854188,2025-10-30 03:37:52.084097,0 days 01:42:14.229909,1.3722955399758716,1.4094964147981992,-1.5006277260519603,-1.9728096548778267,-0.13063166068221443,1.108780716896491,-1.3424016478221183,0.17111039829231545,0.6109525717189139,0.282836871819905,0.012284079586540736,0.47077422429022864,0.3524450781546518,0.4738155835124267,COMPLETE
17,0.39533777354900096,2025-10-30 03:37:52.555898,2025-10-30 05:19:26.071696,0 days 01:41:33.515798,0.4967072308592533,0.25621731068074494,-0.3056557444377115,-1.1164338908877396,1.1655911358123086,-0.869603753255878,0.9674779511043186,0.44672631627569975,0.7895932795396583,0.8431789562662135,0.4272234953624073,0.25545811840435917,0.3988510614659735,0.20861092800332975,COMPLETE
18,0.4743101807802093,2025-10-30 05:19:26.603639,2025-10-30 07:00:54.099961,0 days 01:41:27.496322,-0.5678609649318727,1.603991045925588,0.6586101590845019,1.9235238755521413,0.5298560626316265,0.15148762448778125,0.09845380207893435,0.101270332228583,0.43923648925460324,0.030628598825876763,0.14792828869932656,0.1054630516713741,0.18804691798025752,0.18833641660980127,COMPLETE
19,0.3401522359657469,2025-10-30 07:00:54.596819,2025-10-30 08:42:35.139682,0 days 01:41:40.542863,1.4438749629538088,-1.0772555922425684,-0.4403327182441224,0.21969315499802455,0.07228027563350184,0.9317299727296601,-1.4572620866872485,0.367310644118363,0.9898238431398616,0.6830170001975058,0.28872441096015444,0.37012739592929306,0.7064594961963819,0.4762044732858195,COMPLETE
20,0.6874405328258801,2025-10-30 08:42:35.657595,2025-10-30 10:25:20.691384,0 days 01:42:45.033789,0.6536723224493575,1.0945326089091483,1.106276073563634,-1.4670797900942196,-1.0311426460383872,-0.4957752031449253,-0.7163414414645679,0.09922009306401891,0.17342351823278296,0.49874391149616076,0.445536113333179,0.5980558196829506,0.6057774730516396,0.26760769890373515,COMPLETE
21,0.6569933396764985,2025-10-30 10:25:21.209254,2025-10-30 12:03:18.989011,0 days 01:37:57.779757,0.19238774622672603,0.726311620073705,0.23351400878204503,-0.8483033020923463,0.6614822860492456,0.6017705054416727,-1.169348347473502,0.07199432860931324,0.419903939414061,0.9074021437508688,0.29094326871876136,0.03723271129312905,0.32219008286243545,0.399956284250491,COMPLETE
22,0.7193149381541389,2025-10-30 12:03:19.425217,2025-10-30 13:43:06.886598,0 days 01:39:47.461381,-0.3485278441556269,0.5378456775728305,-0.45049588710928357,-1.1384312941997141,0.9262557994049239,0.11971365957040775,-0.8478646703728436,0.03930451545798812,0.5751165112745169,0.8180723352986587,0.3295674690087458,0.045117839407652106,0.3952413381799611,0.10846129287513195,COMPLETE
23,0.4548049476688868,2025-10-30 13:43:07.310521,2025-10-30 15:31:20.334345,0 days 01:48:13.023824,-0.5206525594156404,1.6377726308108702,-0.4841970293158668,-1.5449453039894727,1.3294649103771965,0.17622975365227456,-0.3250082484186738,0.22166680531775756,0.6153914889793975,0.8811738557507083,0.08798425245582445,0.20626683199708915,0.43439233721068515,0.10441696569219142,COMPLETE
24,0.5599429115128449,2025-10-30 15:31:21.067742,2025-10-30 17:59:41.095839,0 days 02:28:20.028097,-0.8698674430367244,1.2246455569991117,-1.3916378161253182,-1.3026657140682645,0.2942708568127586,-0.03210976185595815,-1.4595274541625782,0.2291917729170792,0.7679401349418185,0.698046018918206,0.19973780007535458,0.1216057174727542,0.12535494548421683,0.013839991824545844,COMPLETE
25,0.7012369172216937,2025-10-30 17:59:41.555087,2025-10-30 20:21:44.836476,0 days 02:22:03.281389,-0.264235310774801,0.43447152059528393,-0.6469752871158262,-0.7339524581002896,1.0388711792217742,-1.3612859884049708,-0.7891846929546378,0.010811618036697335,0.5687492307431946,0.5642949619474846,0.3572318619294808,0.015317398325306507,0.22049764722723872,0.14526893624983792,COMPLETE
26,0.40913415794481445,2025-10-30 20:21:45.392143,2025-10-30 23:04:42.105830,0 days 02:42:56.713687,1.0199712890746881,1.727959956558571,0.20611654994463757,0.18422963909267276,-0.2656910204245331,-0.46338697178424837,0.3248911157766856,0.1080920952658842,0.4621091512624559,0.6955164360728814,0.4771850721750231,0.1766940856236342,0.5775603065047593,0.24123214924162717,COMPLETE
27,0.32825880114176975,2025-10-30 23:04:42.478151,2025-10-31 02:01:12.553194,0 days 02:56:30.075043,0.3542955169629641,1.3292622164538863,-1.9339772297865987,-1.976573910023927,1.989255625207222,0.9739425165936092,-0.14523662185920505,0.4228339183292609,0.8228517591337867,0.9130026281699833,0.21588720603499795,0.2583706747621942,0.392975760624033,0.42240814128065446,COMPLETE
28,0.461465271170314,2025-10-31 02:01:12.972678,2025-10-31 04:57:51.028470,0 days 02:56:38.055792,-1.861267252053125,1.0629907033987878,-0.6732192109006511,-0.9481368624594142,1.4273769372528404,0.2829505402688391,1.1389841877578857,0.10749800506355979,0.35016346135670806,0.2380702284742515,0.09453506752051942,0.09354180708801105,0.12729168413034225,0.27073740572495936,COMPLETE
29,0.510941960038059,2025-10-31 04:57:51.565560,2025-10-31 07:54:09.044530,0 days 02:56:17.478970,1.6893203706310875,0.5398268596239129,-1.2431105226081067,-0.47964004949831374,0.2922946982084705,-0.1652043527036713,-1.7255184015006768,0.2522132572300486,0.6939809921648348,0.9471084704374153,0.5705385445380442,0.010047978161188487,0.2751424791002242,0.08788427114373751,COMPLETE
30,0.2921027592768792,2025-10-31 07:54:09.473339,2025-10-31 10:47:24.819461,0 days 02:53:15.346122,-1.1677310777572059,-0.13779184816831824,1.1183221754867887,-1.3396955762193292,0.7683646519467576,1.9362999325140848,0.607481696962591,0.17185126418452673,0.6365155304453437,0.8496590920647441,0.7413946376804275,0.3327268926596133,0.2481691904441679,0.5656933689682979,COMPLETE
31,0.7093244529019981,2025-10-31 10:47:25.197037,2025-10-31 12:46:40.466650,0 days 01:59:15.269613,-0.2836573997699358,0.23704296050978607,-0.6585033427051014,-0.7429623522523006,1.14445626958282,-1.2310436851185016,-0.8521305879769334,0.028492578723204823,0.5823510496861912,0.5295889726718619,0.369608166836223,0.010621784718350697,0.21914813878947143,0.1522206950293366,COMPLETE
32,0.6912464319695528,2025-10-31 12:46:40.756739,2025-10-31 14:41:53.207315,0 days 01:55:12.450576,-0.17881075415255782,-0.3484888152723331,-0.6487444599052645,-1.7160344346552192,1.1916665882794681,-0.7322872858985083,-0.9792311725099174,0.05099941696076858,0.5512600746265928,0.4367137768591652,0.506811619533367,0.11805952795866131,0.37629476096945075,0.14306460338076019,COMPLETE
33,0.37345385347288296,2025-10-31 14:41:53.576352,2025-10-31 16:28:13.229229,0 days 01:46:19.652877,-0.5464710549278949,-0.7841411384565311,-1.0546922446940716,-0.7658440866186391,0.9815199938697107,-1.2383954988929542,-0.6835398406097385,0.13207903911016378,0.477071940113503,0.5093656452494402,0.3628617249666252,0.168388795481371,0.2658073558883654,0.1660160382039526,COMPLETE
34,0.6902949571836346,2025-10-31 16:28:13.620505,2025-10-31 18:32:45.723435,0 days 02:04:32.102930,-0.0044588848043312646,0.1828637298626044,0.14156238249057052,-0.18965188976569225,1.600836381937282,-1.8257737326122359,-1.586203354840631,0.5805745069074111,0.6766844640418763,0.14437517772885028,0.24935097124024336,0.10378786474067873,0.4897996103023983,0.06630013112508296,COMPLETE
35,0.3258801141769743,2025-10-31 18:32:46.330416,2025-10-31 21:14:14.282660,0 days 02:41:27.952244,-0.9000070158797184,-0.0030859207083135665,-1.6089620490232401,-1.6784271113412554,0.5064790108632056,-1.272678925790673,-1.174243126741648,0.06755956876282833,0.38390624001623913,0.6385460958188034,0.15115545983728879,0.15429857035566524,0.43368708078366813,0.2521000581264621,COMPLETE
36,0.4457659372026641,2025-10-31 21:14:14.688743,2025-10-31 23:37:53.247443,0 days 02:23:38.558700,-1.513859388204076,0.3938980986392094,-0.8604167447440797,-1.2489300598499482,1.3028753366420893,-1.1252553639960414,-0.5975867373215813,0.3490937671342074,0.5780505719499316,0.3042002472875439,0.4213318144398206,0.0694934404531476,0.20811072236466005,0.3021245953190415,COMPLETE
37,0.37630827783063747,2025-10-31 23:37:53.810959,2025-11-01 01:45:23.419620,0 days 02:07:29.608661,0.7938786178499617,0.8851185703924243,0.5001943812094677,-0.5465774476712076,0.2061860231372683,-1.6540391817578108,-0.12913988602886298,0.2184394478244478,0.7563212817905351,0.43371651280423934,0.3232613112833109,0.25179609634506694,0.15432082982037504,0.41274007987351724,COMPLETE
38,0.692197906755471,2025-11-01 01:45:23.905907,2025-11-01 04:10:58.826351,0 days 02:25:34.920444,1.1587042347852115,1.7733583722520563,-1.1321361716837934,-0.93680565431068,0.6506764767929789,-0.27710531145726336,-0.9519445025876606,0.054818474893885916,0.65072092014023,0.815146550477513,0.5522694602233571,0.0678700246657442,0.9297500223041474,0.1098744279773704,COMPLETE
39,0.23786869647954328,2025-11-01 04:10:59.225858,2025-11-01 06:29:28.128328,0 days 02:18:28.902470,-0.1978176614451863,0.552164678314734,-0.4471471714991435,-0.25188304983425347,1.0371910208732893,-0.6122529737220477,-1.9444268247068428,0.7706725197032407,0.24931078193076117,0.7232037871787173,0.14341897046496146,0.8481482202143107,0.9980350710367824,0.9026332504621271,COMPLETE
40,0.681255946717412,2025-11-01 06:29:28.658859,2025-11-01 08:51:15.951030,0 days 02:21:47.292171,0.26410147402922995,-1.8155213180561196,-0.7990676444809066,-0.6940753525807476,1.673691130138517,1.3484745287991116,1.3116909617841537,0.2744643224126177,0.5179011271782904,0.365420809386671,0.057614602937878956,0.19779956760583106,0.5327574646302431,0.04311642253787651,COMPLETE
41,0.7283539486203615,2025-11-01 08:51:16.292590,2025-11-01 10:57:11.281500,0 days 02:05:54.988910,-0.4420354816039456,0.38408642959751393,-0.6219415334144809,0.027109394298862055,1.0379817912989897,-1.3978858995628736,-0.7804487967454584,0.023036773534756517,0.5717912403340403,0.5664629634855314,0.36084138667223514,0.015638680225076362,0.24504079465886935,0.14704642950503874,COMPLETE
42,0.7178877259752616,2025-11-01 10:57:11.616498,2025-11-01 13:14:25.256529,0 days 02:17:13.640031,-0.41851244076353034,0.048666813642197077,-0.17481761446347666,0.416051823073532,0.8506547272532193,-1.5121981007449665,-0.43539962220725,0.011630391086833837,0.53316920337298,0.47430368625875285,0.34527457074192036,0.017530382659916185,0.304702899699792,0.18645286238594583,COMPLETE
43,0.7098001902949572,2025-11-01 13:14:25.689827,2025-11-01 15:38:57.528115,0 days 02:24:31.838288,-0.058572865758176246,0.04052493596771739,-0.04585179194784861,0.56889243654853,1.446769975655204,-1.4729044824171402,-0.32810324313746403,0.13324468879606688,0.5901041126112906,0.5295064622004839,0.4073307660513999,0.14942825579527247,0.07843077702819806,0.14352804612153644,COMPLETE
44,0.4267364414843007,2025-11-01 15:38:58.036528,2025-11-01 17:57:31.906407,0 days 02:18:33.869879,-0.4412225704006036,0.029455343470069673,-0.04023504463716368,0.9136138354298997,1.8516024277149468,-1.9891593610066876,-0.37983343867504316,0.06364503043345504,0.7023554047362061,0.5635530008059142,0.3978861548697801,0.14533012912050094,0.06567553819994706,0.11558291294221176,COMPLETE
45,0.7169362511893435,2025-11-01 17:57:32.385874,2025-11-01 20:15:49.782564,0 days 02:18:17.396690,-0.035313240137974544,-0.24870428674555495,-0.529778069597427,0.5799450058547616,1.4856826530617402,-1.5199925971137573,-0.21336280932772722,0.1337807062629755,0.6066983119963243,0.4700098013745139,0.46162010518690405,0.06600643323401627,0.09664499055435499,0.7224184611373595,COMPLETE
46,0.6969552806850619,2025-11-01 20:15:50.213795,2025-11-01 22:35:45.546731,0 days 02:19:55.332936,-0.01114637083929132,-0.5549402797709067,0.3367764836213774,0.611338346140994,1.4955985511908816,-1.4932215605079862,-0.09487169321782721,0.18961789422999642,0.7323571727569124,0.46399282511616674,0.6123512132317745,0.9939440038451063,0.07268583455469352,0.7426125289125538,COMPLETE
47,0.4319695528068506,2025-11-01 22:35:46.026783,2025-11-02 00:54:45.189685,0 days 02:18:59.162902,-0.7390232948627605,-0.2923863195102051,-0.16361429602735067,0.07972460558132793,1.7252431455976942,-1.624194806517998,-0.46225084037197445,0.129710822215124,0.6438707247695932,0.40162157073843435,0.48296031134519624,0.14029528640738592,0.011224618493033856,0.7174200935020294,COMPLETE
48,0.26070409134157946,2025-11-02 00:54:45.749178,2025-11-02 03:14:41.001807,0 days 02:19:55.252629,-1.0444139949649263,-0.10104285447284159,-0.35982055717547445,0.4262510672748285,1.3673383887056068,-1.4727232968442385,-0.3022839323555684,0.30346202385588017,0.5401429139509977,0.6330501143173658,0.6726717223215124,0.07054101495610228,0.10638505710095031,0.8251302208110681,COMPLETE
49,0.670313986679353,2025-11-02 03:14:41.512955,2025-11-02 05:34:44.341773,0 days 02:20:02.828818,-0.04820431518737034,-0.6147235293048509,0.036418683462578594,1.2073642381738177,1.9918689208683926,-1.9061238616645673,0.23590079903908817,0.09092256248469655,0.6098104118334862,0.5756096323232968,0.46214824026332657,0.6974056193325422,0.16492761065784944,0.5406103655784913,COMPLETE
50,0.2664129400570885,2025-11-02 05:34:44.744261,2025-11-02 07:56:48.208210,0 days 02:22:03.463949,-0.6962332999984984,-0.9098964026709124,-0.9693210890670447,0.7693538949008659,1.2578251838951042,-1.7900317283713498,-0.5278972838966418,0.14549498116566933,0.40208976616948355,0.46236988930246703,0.5186433378366986,0.06018217793139925,0.3238220669742376,0.6809683619923385,COMPLETE
51,0.7150333016175071,2025-11-02 07:56:48.730434,2025-11-02 10:20:30.328034,0 days 02:23:41.597600,-0.38120052485361183,0.3311875894734971,-0.6052780367940067,0.34901868253126933,1.1364445154198528,-1.1261409400508229,-0.8169857709305715,0.03330780685520064,0.4677355702913612,0.5247118716247507,0.3397587158802587,0.016961667521388404,0.23620257435922515,0.055603638763427554,COMPLETE
52,0.42721217887725976,2025-11-02 10:20:30.705432,2025-11-02 12:38:50.117478,0 days 02:18:19.412046,-0.38719156933355414,0.0624402812349904,-0.5348839747816604,0.4051257126654736,1.455411114464794,-1.3970095113892147,1.88869666187032,0.04521818221021458,0.4522868793008351,0.5272093558689558,0.32605782650378407,0.0855763465399963,0.08986334061529853,0.06086546151872618,COMPLETE
53,0.7145575642245481,2025-11-02 12:38:50.808127,2025-11-02 14:59:48.602986,0 days 02:20:57.794859,0.0979226798194352,0.35537400930407037,-0.20555264760721126,0.8802913047879152,0.9338874811376686,-1.1020380319196428,-0.1903382545108886,0.07986278667738378,0.5174295556148367,0.38821615372996987,0.40756664028937784,0.05406514979016264,0.25063386421731887,0.18588829000449683,COMPLETE
54,0.6964795432921027,2025-11-02 14:59:49.109465,2025-11-02 17:20:34.522055,0 days 02:20:45.412590,0.4367826089305761,0.7270578517462158,-0.24057923670389178,1.0558596063713233,0.5016335414943649,-1.0676204688224766,-0.03438728477777728,0.07894085973480264,0.48994632840624225,0.3290130678942955,0.3305573241212691,0.05295478209509917,0.2421011342779046,0.20321924758907517,COMPLETE
55,0.670313986679353,2025-11-02 17:20:35.016691,2025-11-02 19:38:50.343570,0 days 02:18:15.326879,0.15021640259507751,0.3547138031669282,-0.8032248225019394,-0.031005176804229928,0.8625384439953707,-1.7035896961263735,-0.6564001846088282,0.02481576144477588,0.5383789948560672,0.3851070614485218,0.24232487378681986,0.04209600486601608,0.3262146959951371,0.3678096401486227,COMPLETE
56,0.7064700285442436,2025-11-02 19:38:50.830824,2025-11-02 21:58:35.745145,0 days 02:19:44.914321,-0.14804626469551846,0.6442413169972458,-0.26264421612179273,1.4603478277397801,0.6771424016482102,-0.8682719919888072,-1.050827828396562,0.010188744886647075,0.375525732848897,0.482883858179285,0.437669616377098,0.09972527097108524,0.3605803737794432,0.069662101329896,COMPLETE
57,0.31018078020932444,2025-11-02 21:58:36.244264,2025-11-03 00:20:49.866874,0 days 02:22:13.622610,-0.4183105814389861,-0.215850626626561,-0.5444483895601583,0.32881836372698475,1.0797947065464344,-0.7318056599199523,-0.7989486240658668,0.9810717634133657,0.42568623804152916,0.6035621628634861,0.2915495517233417,0.19236266774796973,0.29747057671213645,0.8053371829728603,COMPLETE
58,0.46907706945765937,2025-11-03 00:20:50.429184,2025-11-03 03:12:14.303877,0 days 02:51:23.874693,-0.6478010927180118,0.30059395842731557,0.39930829176156246,-0.022502630828933667,0.9602452163015288,-1.053038501738219,0.08345517156278215,0.19177591523741938,0.3214569119006381,0.24054962599615282,0.34249726340678793,0.044184193040687735,0.17052072155950687,0.6025065021284002,COMPLETE
59,0.23977164605137963,2025-11-03 03:12:14.741567,2025-11-03 06:16:24.423444,0 days 03:04:09.681877,-0.8778778948057581,-0.5081811925712698,-0.12030323550122521,0.7829444147183588,0.7799596616175442,-1.6073497464482949,-1.2804213010302001,0.6893924587745793,0.5112472991173596,0.413702492408793,0.9831833454367649,0.5680170395808593,0.42657085564017183,0.17913765447309557,COMPLETE
60,0.692197906755471,2025-11-03 06:16:24.984181,2025-11-03 09:17:59.893698,0 days 03:01:34.909517,0.09629431415441239,0.8924465405003802,0.09785631409363982,1.5745797926663778,-1.4867593803558823,-1.1705567458605801,-0.22823779296190025,0.10188310846753731,0.039172402092254144,0.34622318641393995,0.8110965568597958,0.28853013365966274,0.47681018190704905,0.2312931454332381,COMPLETE
61,0.7050428163653664,2025-11-03 09:18:00.353482,2025-11-03 11:34:31.063130,0 days 02:16:30.709648,-0.0864344669085983,0.1305173444407426,-0.3214573895253735,0.48316793712832184,1.2639632240302663,-1.4849635506955587,-0.5045409583911625,0.1434347751848829,0.5948019107126755,0.5335328077628387,0.39150406079743677,0.11047296259235792,0.03833096427678798,0.02903090980029968,COMPLETE
62,0.46003805899143674,2025-11-03 11:34:31.488131,2025-11-03 13:46:49.466886,0 days 02:12:17.978755,-0.4221279260040997,0.4796363224057064,-0.08104836639302865,0.5657248132182602,1.5814467665038314,-1.3315877003748207,-0.3621647260355207,0.12570880180330363,0.6254698045408877,0.468526943591384,0.4161660042771009,0.13635079568216238,0.14716413100498987,0.1160259010341661,COMPLETE
63,0.7302568981921979,2025-11-03 13:46:49.978550,2025-11-03 16:00:23.430509,0 days 02:13:33.451959,0.2983205566688159,-0.12644444456057172,-0.4025899496577094,0.25485664237930905,1.132624785904437,-1.7750216556941887,-0.21523324873057148,0.04951344090551649,0.4634386461247795,0.663864378889699,0.40210007508441276,0.01129967696488561,0.24017383729222525,0.2895001718818926,COMPLETE
64,0.7259752616555661,2025-11-03 16:00:23.943441,2025-11-03 18:15:31.856121,0 days 02:15:07.912680,0.3169827247419853,-1.9941223300600617,-0.3992622414808355,0.23287834018238351,1.1246317604325986,-1.721816989545801,-0.21774565048713684,0.04643216304346758,0.47913307765910007,0.6516068610663087,0.5465361929288739,0.014912591923711804,0.24897987427859727,0.2904764501311536,COMPLETE
65,0.7012369172216937,2025-11-03 18:15:32.375166,2025-11-03 20:30:15.324858,0 days 02:14:42.949692,0.5260344170962986,-1.4805179058962163,-0.40308718533317467,0.25295823281276714,1.1296315764691667,-1.7835806195911192,0.03740754441239297,0.04503048258996745,0.4443614311777018,0.6739375098476251,0.5257797988934731,0.012918544525528753,0.2840914479186567,0.3006483725714693,COMPLETE
66,0.7240723120837298,2025-11-03 20:30:15.796916,2025-11-03 22:46:31.842781,0 days 02:16:16.045865,0.6559845038919265,-0.056725751624898485,-0.7873861173790268,0.10035196746063205,1.768151595868186,-1.9985589089419848,0.47848662268653636,0.03894004078197058,0.4800038017777142,0.6591568445945402,0.46607569602613824,0.033285590235305224,0.18584756122282714,0.37957351839936115,COMPLETE
67,0.6912464319695528,2025-11-03 22:46:32.456957,2025-11-04 01:01:38.634044,0 days 02:15:06.177087,0.806790693704029,-1.91463004208088,-0.7959254770003036,-0.30127606683883645,1.7465216425343595,-1.9820486284079188,0.434632778805511,0.08187483235388843,0.5491197916816529,0.7387414573772834,0.5980117179236443,0.0843017433340507,0.17936576320029757,0.3494469425361899,COMPLETE
68,0.736441484300666,2025-11-04 01:01:39.016234,2025-11-04 03:22:35.365595,0 days 02:20:56.349361,0.36004018958770784,-0.4263525733632374,1.8808531066813943,0.14626520117244105,1.8991967619158723,-1.8482887744372458,0.5362757933096544,0.17093824936761137,0.2697054176150514,0.7767255164383305,0.5440599266826409,0.03248876894176173,0.20137938424222795,0.45417263437127375,COMPLETE
69,0.32207421503330164,2025-11-04 03:22:35.967949,2025-11-04 05:39:20.991524,0 days 02:16:45.023575,0.6316468577422136,-1.1562302231507955,0.8669089270677175,0.12480599071975373,1.8272263330510852,-1.8614493773284966,0.6836288979539256,0.20634979688469046,0.23879064275513934,0.7856136558207348,0.6532635436585386,0.4351900965191234,0.3069520149063607,0.39374357179627695,COMPLETE
70,0.7074215033301617,2025-11-04 05:39:21.491267,2025-11-04 07:53:37.773403,0 days 02:14:16.282136,0.3022218531650992,-0.4331023677195731,1.783212808828404,-0.07896498316076167,1.9158520127770917,-1.7117415066204542,0.4852990778850541,0.2483195658155772,0.12993667155542155,0.6537439517606604,0.5745966463780583,0.03599746221543368,0.3541051230831729,0.4410749860297447,COMPLETE
71,0.6774500475737393,2025-11-04 07:53:38.184270,2025-11-04 10:09:13.461989,0 days 02:15:35.277719,0.620242748388746,-0.7361321465676091,-0.7142541894775334,0.24670510286363817,1.6870451106758462,-1.5895965021656544,0.8247212612629471,0.010170695865362539,0.29708533375909923,0.7539163236213786,0.45893483678677305,0.03922174904626911,0.21900973685935227,0.49625486760032467,COMPLETE
72,0.6845861084681256,2025-11-04 10:09:14.024440,2025-11-04 11:53:44.882767,0 days 01:44:30.858327,0.3229250747520171,-0.09974521724180489,1.9499657069387533,-0.11784470024380336,1.5701713673061364,-1.896877969597643,0.28504552937143957,0.0512766392847312,0.6742455169250415,0.8127842847804466,0.5455023902563327,0.08280168818909446,0.1952634020438739,0.45527653567236415,COMPLETE
73,0.6764985727878211,2025-11-04 11:53:45.297553,2025-11-04 13:50:05.392531,0 days 01:56:20.094978,0.44737744635512616,-0.28451614301748274,-0.9254949216427614,0.6890164974649995,1.3603321860873983,0.026409724481141872,1.0815273423070304,0.15203722583727192,0.19322215069798254,0.6692163285858106,0.47974263909000303,0.1195688729863971,0.13335904746695887,0.32468902600556426,COMPLETE
74,0.450523311132255,2025-11-04 13:50:05.815184,2025-11-04 15:53:23.991211,0 days 02:03:18.176027,1.0694020554717527,-1.505766222263996,-0.5207264985172677,0.08892298053425285,-0.6099275776097252,-1.7407588658899296,-0.03476283628377899,0.1712216751363086,0.34448094553415987,0.7158456902113443,0.4988567903879685,0.012616212350873807,0.26608996219824177,0.2986155657230305,COMPLETE
75,0.70313986679353,2025-11-04 15:53:24.365158,2025-11-04 17:54:22.868280,0 days 02:00:58.503122,0.7343727108421839,-0.07296273797685243,1.4571659286279082,-0.37577605375024414,1.2381141595395468,-1.5619523300603246,0.13465730414327765,0.09290552199154509,0.4831659776276967,0.5724966906696468,0.37475098339405116,0.07758073271399253,0.39909597027537824,0.36077726803254745,COMPLETE
76,0.7421503330161751,2025-11-04 17:54:23.300638,2025-11-04 20:07:25.886513,0 days 02:13:02.585875,0.22189087332583268,0.1713941432429839,-1.0991733142908358,0.05169312353371924,0.4187665137530935,0.3374142952417423,0.8941897100002563,0.11770724741394704,0.40809724984767265,0.6309852323471008,0.44743989790427463,0.17351374954446785,0.0992040787812892,0.2287239262620343,COMPLETE
77,0.7340627973358707,2025-11-04 20:07:26.463763,2025-11-04 22:24:47.049504,0 days 02:17:20.585741,0.18170320101704743,0.1643720699890751,-1.3181181631901215,0.046761940408462654,0.42470410165569195,0.3575592610435114,0.8968551722602045,0.10923918408527922,0.4140067085407849,0.6229065771611646,0.29729801023819546,0.22143569883405081,0.7898033393860782,0.22115497016758756,COMPLETE
78,0.659372026641294,2025-11-04 22:24:47.423168,2025-11-05 00:43:48.756102,0 days 02:19:01.332934,0.2063078495666231,0.2119488815898743,-1.2582694195008894,0.05823925794685565,-0.23455375684416513,0.3429882266817849,0.9001156817701693,0.10807007139096415,0.4141324716692539,0.6137521369813808,0.2750062899313508,0.3394250562535124,0.8704509129241751,0.28310381359744596,COMPLETE
79,0.4191246431969553,2025-11-05 00:43:49.214468,2025-11-05 03:06:31.617474,0 days 02:22:42.403006,0.3860933560354366,0.6479419294075777,-1.420320945352115,-0.15204454078924154,-0.05551235399002419,0.5250739268778322,0.6187670015138521,0.53033342191522,0.3706389875973771,0.7095647121356795,0.539504502327438,0.22550394864844214,0.5604570316310424,0.22719502724034107,COMPLETE
80,0.4467174119885823,2025-11-05 03:06:31.991527,2025-11-05 05:31:41.158101,0 days 02:25:09.166574,0.5504802202671119,0.5598054418091064,-1.1149771515483398,-0.5318275983865097,0.3822330021954824,0.6397093591856846,1.0172245315513613,0.4243422945510725,0.2960742927129466,0.8103238258179135,0.2990337288024328,0.17075944958882278,0.11587746880711208,0.2741730688257411,COMPLETE
81,0.6931493815413892,2025-11-05 05:31:41.546748,2025-11-05 07:59:59.761799,0 days 02:28:18.215051,0.9236034942305632,0.11967729640923912,-1.7078227304074627,0.1571667891536946,0.13492271778423082,0.19097447567966827,1.4409745578860336,0.06260647576941233,0.4357266373091975,0.5968966898422748,0.37059856581175243,0.03593762870963356,0.6520735341757842,0.22056509902812826,COMPLETE
82,0.7407231208372979,2025-11-05 08:00:00.187628,2025-11-05 10:29:01.655435,0 days 02:29:01.467807,-0.2417533569396567,0.4625367425943444,-1.0020483411211512,0.27000097407267704,0.40958485389537214,0.0023531279462390975,0.8233834168760426,0.03511683923301831,0.5625358262592902,0.7510434222785076,0.4399420917135633,0.10506670121380793,0.19334700815966763,0.24965309114908543,COMPLETE
83,0.648430066603235,2025-11-05 10:29:02.051884,2025-11-05 12:56:36.447832,0 days 02:27:34.395948,-0.25130288576134896,0.4383908829948483,-1.2712195320198598,0.3083911374411003,0.639866010485211,0.7520114635800095,0.7412948228176808,0.04702930251670411,0.49500360477897926,0.6361955797781444,0.49876648875270724,0.12148327894872529,0.7510294125539362,0.3841485706147558,COMPLETE
84,0.7264509990485252,2025-11-05 12:56:36.865600,2025-11-05 15:21:40.324897,0 days 02:25:03.459297,0.19282248227716903,0.7843671200941764,-1.0510789323557617,-0.25683076819724104,0.33320290693347276,-0.042065005229179164,0.5357205560857694,0.11325960628502237,0.4624675182371055,0.740905890655096,0.43772451924845474,0.18374894008658102,0.19458884349126343,0.3403642538791935,COMPLETE
85,0.7269267364414843,2025-11-05 15:21:40.751565,2025-11-05 17:47:40.184473,0 days 02:25:59.432908,0.07097890769449575,0.8044987516036736,-1.0658826834014665,-0.23858154530158174,0.3536515830632694,-0.08935500830929854,0.5289707941294239,0.11339066261228284,0.39264911879911457,0.7677689913353349,0.44341167174195895,0.2776652709716297,0.19502083457819613,0.33379805034722565,COMPLETE
86,0.7021883920076119,2025-11-05 17:47:40.626272,2025-11-05 20:15:02.131773,0 days 02:27:21.505501,0.16753459213843608,1.040772678885579,-1.5409652790922075,-0.2579850215024284,0.4383661255027528,-0.12621063273368044,0.867806100770183,0.1673440203956448,0.3417483904941935,0.7678602235822206,0.44149399336207307,0.25135645301437903,0.035532475647658573,0.3240515486460511,COMPLETE
87,0.6988582302568982,2025-11-05 20:15:02.546219,2025-11-05 22:40:41.771752,0 days 02:25:39.225533,0.07235414395077022,0.768632436529139,-1.0984221805079633,-0.45972806122704524,0.3538112412423915,-0.2496919295563148,1.2473160403485033,0.11842722382085555,0.2688710816901212,0.7287010409086676,0.5681625054329413,0.29538548150126603,0.20355510326469814,0.25010094017406714,COMPLETE
88,0.7288296860133207,2025-11-05 22:40:42.259732,2025-11-06 01:09:32.947632,0 days 02:28:50.687900,0.29840883028303405,1.1927191981380754,-0.9911609027117344,-0.012216819813263557,0.22416453220422491,-0.3400359993000205,0.5757667097511421,0.08004614016661907,0.37127210980822134,0.8450063633104246,0.4312443612524779,0.20459775374620157,0.13945045739231254,0.328653028505168,COMPLETE
89,0.42055185537583256,2025-11-06 01:09:33.470287,2025-11-06 03:37:13.672040,0 days 02:27:40.201753,-0.1489968112294546,1.2519743340393346,-1.0322871011863581,-0.6122146600403273,0.22026443186200206,-0.3511278637555108,0.5478160240934682,0.24170657075742788,0.38080655591399976,0.8537034133651183,0.39448461949026253,0.2130083141293279,0.1421475761023719,0.3432871633178996,COMPLETE
90,0.7264509990485252,2025-11-06 03:37:14.057502,2025-11-06 06:02:47.395268,0 days 02:25:33.337766,0.22454619462907055,1.1236865800097755,-0.9199570053950972,-0.3542977876079623,-0.02602540370470008,-0.10237450677494173,0.3634682409741018,0.2011077288534256,0.4003990895178236,0.7525677072923365,0.4292612259078897,0.18737746664117405,0.1644937669672396,0.43233277635758155,COMPLETE
91,0.6717411988582302,2025-11-06 06:02:47.832688,2025-11-06 08:29:29.857250,0 days 02:26:42.024562,0.23456315041604625,1.5052140943343353,-0.9018397529631244,-0.32649934400111924,0.0785448387094009,-0.08063425867276429,0.7250573869897098,0.19762241759236862,0.4082306956238629,0.7499290397554446,0.4336074826044925,0.27349642154661624,0.1604552824964932,0.4283652382295105,COMPLETE
92,0.7178877259752616,2025-11-06 08:29:30.214013,2025-11-06 10:56:46.470500,0 days 02:27:16.256487,0.056177157072555495,1.0176882149883961,-1.32819206567944,0.02003947454072896,-0.04272327117256324,0.03653705909632381,0.3880619356285722,0.27286866933919013,0.3626603483807162,0.6888612451363271,0.486998301318199,0.17747732509118885,0.2242824419653544,0.5087711509061698,COMPLETE
93,0.7093244529019981,2025-11-06 10:56:46.873617,2025-11-06 13:23:39.534065,0 days 02:26:52.660448,0.3913653750367181,1.1466191466027327,-1.2024471424641803,-0.40831079154523064,-0.1538804864806634,0.2751832191299049,0.23370615541116802,0.11386433347368727,0.3213151385829385,0.7857579262980909,0.41717302339989853,0.24752271258505126,0.11294476339938879,0.26270976175429117,COMPLETE
94,0.6841103710751665,2025-11-06 13:23:39.892577,2025-11-06 15:53:19.861303,0 days 02:29:39.968726,0.18043515198405227,0.8386371501445735,-1.1636324516513623,-0.20473354207937955,0.2690739947764246,-0.41741362249352254,0.6329519965688749,0.15913406363740254,0.39815681452383933,0.7019299080934164,0.44640430325059316,0.3621863096727776,0.8264259795763699,0.3250949912107147,COMPLETE
95,0.6841103710751665,2025-11-06 15:53:20.235451,2025-11-06 18:25:35.959060,0 days 02:32:15.723609,-0.10987016743247563,0.658800960726631,-0.9425127959197402,-0.05585603249300282,-0.43802772565080894,0.3316351204325837,1.7024016975592045,0.0808043317059831,0.43413435842635817,0.8995073344819509,0.5121641240103441,0.18497270613370267,0.20342027731542978,0.40150847080508356,COMPLETE
96,0.7078972407231209,2025-11-06 18:25:36.381781,2025-11-06 20:54:09.321139,0 days 02:28:32.939358,-0.22783649335733064,0.962233510697803,-1.4007706495650414,-0.15225958261910558,0.5795268787228585,0.09482971310504905,0.9263269111752155,0.06835510543059532,0.2743958925917763,0.8354716118929394,0.38314460319719346,0.23121300141987433,0.047664393676495935,0.16639209083367532,COMPLETE
97,0.4576593720266413,2025-11-06 20:54:09.658502,2025-11-06 23:23:43.929032,0 days 02:29:34.270530,0.5026102474115537,1.326036660057284,-0.9861023467995428,0.007921691644954487,0.13597822443498828,0.40434975640115467,0.7887434556505507,0.21502001581196725,0.463040837158953,0.8822575372650949,0.31487890739414814,0.3148438566633189,0.09174677426119594,0.4692397984694633,COMPLETE
98,0.7297811607992388,2025-11-06 23:23:44.324680,2025-11-07 01:53:19.186288,0 days 02:29:34.861608,0.018258369480879888,1.1579764218192057,-1.699195049458362,0.16272419603520866,0.3890954894641266,-0.17060967417912992,0.3620910656421534,0.09508700723461846,0.35028877075521425,0.949714748577004,0.3544569692101853,0.16273078666041035,0.17261575685023228,0.24440410090584014,COMPLETE
99,0.7121788772597526,2025-11-07 01:53:19.602093,2025-11-07 04:24:48.450455,0 days 02:31:28.848362,0.0475804049504526,0.2456351937246608,-1.9671841241799972,0.46149483699124394,0.4384628766451642,-0.5858916370842696,0.5452397543779053,0.12097420106023692,0.20982729323311217,0.8016218949924511,0.3548729770505619,0.15153723617832238,0.13351621107826123,0.24595265704707997,COMPLETE
100,0.4143672692673644,2025-11-10 08:34:41.862406,2025-11-10 09:28:31.584630,0 days 00:53:49.722224,-0.3213110716919328,1.4509513544094685,-1.783669592362112,0.16356234088449753,0.7156670369135836,-0.3250017045870587,1.0046483584564638,0.8426920505368432,0.3518025015318943,0.9411965480162658,0.2631011986612858,0.15718926069431505,0.2292906945230122,0.20681646171382312,COMPLETE
101,0.7140818268315889,2025-11-10 09:28:32.037472,2025-11-10 10:21:52.310966,0 days 00:53:20.273494,0.29063909434842156,1.1664185446110784,-0.7041664694602864,-0.09358957725569778,0.5926491285289376,-0.16724762364409226,0.31826452719150006,0.09401034447591518,0.31824077399554834,0.7687607934366094,0.4298090779758738,0.19552482800577603,0.1703879249542427,0.31965449262687695,COMPLETE
102,0.7212178877259753,2025-11-10 10:21:52.668527,2025-11-10 11:15:18.549046,0 days 00:53:25.880519,0.1361861630765993,0.9673797699577954,-1.8561590700028587,-0.20809797664765223,0.1740947726988041,0.2134094408785188,0.19509770161507536,0.15246678926408758,0.39076984251872043,0.980698450955015,0.3077097855679661,0.22847698977950504,0.14847894118932042,0.2788800233732086,COMPLETE
103,0.735965746907707,2025-11-10 11:15:18.870146,2025-11-10 12:08:46.151972,0 days 00:53:27.281826,0.24907101151440397,0.8395700921285847,-1.58186204497913,0.30054622254869107,0.4417178842620817,-0.03442417457423841,0.38841926890817374,0.17372953828768142,0.4178922378340697,0.6191934961432223,0.39395583219484415,0.20389086506032775,0.17887562272160432,0.35373048681902214,COMPLETE
104,0.7226450999048525,2025-11-10 12:08:46.465734,2025-11-10 13:01:53.664955,0 days 00:53:07.199221,0.02687920642106656,0.7821758136993145,-1.5007456168836362,0.3397267782462675,0.40185378544335926,-0.01316908494903242,1.2164968701893502,0.180753461049189,0.5624167951992519,0.6217225881599014,0.36246016722121405,0.20596145188069537,0.2643803250504866,0.34627238565055574,COMPLETE
105,0.7335870599429115,2025-11-10 13:01:54.039751,2025-11-10 13:54:57.432482,0 days 00:53:03.392731,0.4225414203082155,0.5095247089123245,-1.6212317606578495,0.16697445712393666,0.302818378825589,0.10211097428640448,0.6929778953246948,0.06796576841355445,0.45343380413371376,0.9388548557300603,0.3974358773989808,0.27502674849933684,0.19532703450649883,0.22196524110285162,COMPLETE
106,0.7388201712654615,2025-11-10 13:54:57.826865,2025-11-10 14:48:00.296913,0 days 00:53:02.470048,0.42040331666393094,0.48842741342233015,-1.6272032622015757,0.21240040669846316,0.5211917249456027,0.10207130920553359,0.8145712705596002,0.061964790904332566,0.4319902833275571,0.9339005265691172,0.3963522209552104,0.27268103720235726,0.12069863308661569,0.16481059204770704,COMPLETE
107,0.7383444338725024,2025-11-10 14:48:00.621942,2025-11-10 15:41:01.590108,0 days 00:53:00.968166,0.42650990786385734,0.47685499071767334,-1.6233939936703528,0.2626128417231962,0.492922231038364,0.09448094265558668,0.6665978968104123,0.07102147027760622,0.4231003679614124,0.9387783218299102,0.39392523804704216,0.2699658310877784,0.06573522991757197,0.17187036431485944,COMPLETE
108,0.7302568981921979,2025-11-10 15:41:01.968692,2025-11-10 16:34:16.418268,0 days 00:53:14.449576,0.47064317635511704,0.44756031946492425,-1.6827806736078135,0.2591616614034191,0.5363136298370508,0.11804501300762987,0.6984051519303418,0.07192546213000546,0.4236759187547702,0.9398572055351107,0.3942424445511695,0.38378654432086484,0.06372582686015968,0.21774021472509036,COMPLETE
109,0.7231208372978116,2025-11-10 16:34:16.718897,2025-11-10 17:26:31.338297,0 days 00:52:14.619400,0.4543373483337677,0.48159701281095924,-1.659219585893079,0.48588222628747,0.49734701924789115,0.8210655283983386,0.6950847101046633,0.06509567463154046,0.4217246028051418,0.9651052208342281,0.3988760501205944,0.40209978677483804,0.05805707137193637,0.1616621143123902,COMPLETE
110,0.4519505233111323,2025-11-10 17:26:31.600236,2025-11-10 18:18:53.860737,0 days 00:52:22.260501,0.78731804654389,-0.18385102529910435,-1.5754188187744482,0.25186247149687263,0.7216587953500954,0.06616347411179993,0.8426889070603892,0.1404582467421852,0.5231994422717804,0.9251420785871356,0.38238472474051544,0.353969154939489,0.0806509408524371,0.1259040313730359,COMPLETE
111,0.7421503330161751,2025-11-10 18:18:54.099542,2025-11-10 19:11:23.840609,0 days 00:52:29.741067,0.569073511159173,0.5885494802997241,-1.7711326012600066,0.2029543125459347,0.25977709102569085,0.15104206516170954,1.0829600386864566,0.08925194762312362,0.45577735383848034,0.9836629831582615,0.4126968050423748,0.26509076224102235,0.10338882329268585,0.215065036081507,COMPLETE
112,0.7083729781160799,2025-11-10 19:11:24.133033,2025-11-10 20:03:55.006471,0 days 00:52:30.873438,0.5765514434092942,0.5190220458348086,-1.8077192378374527,0.18766222897088905,0.5434070162877338,0.24289944216734477,1.0533041385423596,0.02740733875751221,0.4534095959489437,0.9999502841313358,0.9428392947845545,0.3894998095239839,0.10430388002371081,0.2122742757921651,COMPLETE
113,0.7369172216936252,2025-11-10 20:03:55.365745,2025-11-10 20:56:28.738915,0 days 00:52:33.373170,0.40743532109673275,0.291855381943504,-1.6621164609311057,0.37643427744025876,0.4400231948600973,0.1309526347261001,1.1314860122295427,0.09016069618867456,0.5021029353587081,0.9481599979417649,0.33722733978878866,0.32136582740667924,0.026433408943488765,0.18981981566798378,COMPLETE
114,0.7240723120837298,2025-11-10 20:56:28.992019,2025-11-10 21:48:57.602853,0 days 00:52:28.610834,0.7060837954169887,0.2924564584468533,-1.861421023090404,0.39262512621758505,0.25601772120676264,0.4790176625768633,1.1158666700672146,0.06368570047418909,0.4404218452497036,0.9233681156142188,0.3981613161560627,0.3196751896839353,0.03109481945374537,0.0876895577162046,COMPLETE
115,0.7240723120837298,2025-11-10 21:48:57.821044,2025-11-10 22:41:20.787742,0 days 00:52:22.966698,0.3841740311689433,0.591298986206445,-1.4738775737749839,0.6125285139920796,0.4704160847607759,0.5526632293473265,0.9639412514601355,0.03785875816537916,0.5004256346360936,0.896577944957906,0.34052263559819723,0.2642900078061916,0.0632451751208102,0.18577857689230046,COMPLETE
116,0.6988582302568982,2025-11-10 22:41:21.073714,2025-11-10 23:33:40.669065,0 days 00:52:19.595351,0.47718215319371393,0.148974225702148,-1.6253609679602603,0.31404875102226665,0.6149926162415827,0.12806397371926248,1.4066114409167132,0.08999423037280102,0.42009464446445643,0.9792148142756248,0.46616199738834163,0.42859839926391397,0.010868341971528368,0.23191699337534413,COMPLETE
117,0.6950523311132255,2025-11-10 23:33:40.978153,2025-11-11 00:26:02.904736,0 days 00:52:21.926583,0.589628409678397,0.4295747819947522,-1.7233485152731833,0.49988067713881756,0.7941369748263001,0.39823639214620754,1.3410242859466086,0.13089910891084933,0.49892209918975705,0.8754320152481555,0.4094484779351814,0.2989214405879432,0.08715121405926718,0.2598827735499137,COMPLETE
118,0.7383444338725024,2025-11-11 00:26:03.205409,2025-11-11 01:18:21.142664,0 days 00:52:17.937255,0.38518904251393693,0.6581796406061926,-1.4527232422632788,0.36903088932715633,0.057082310796520985,0.13039510367821486,0.7944089785646794,0.05600438149657934,0.4520737158512935,0.9564106336407739,0.3267843635818364,0.33221711438905394,0.051341357616449826,0.19711039902636468,COMPLETE
119,0.7188392007611798,2025-11-11 01:18:21.404939,2025-11-11 02:10:42.296252,0 days 00:52:20.891313,0.366981090439206,0.6817797460597922,-1.37644407143307,0.7233864308573787,0.09663558381832849,1.583737228450286,1.1830525627987352,0.03770039998096418,0.4707098333534778,0.9716199492811466,0.24621455030774653,0.3243780529531472,0.030358536844546313,0.196031800505757,COMPLETE
120,0.7369172216936252,2025-11-11 02:10:42.521763,2025-11-11 03:03:02.308377,0 days 00:52:19.786614,0.5548039026662104,0.350026063895934,-1.4823931677683642,0.38422305307138577,0.017070774676665887,0.3274197455707174,0.7987956607605027,0.15548058095195072,0.5211097397026165,0.9563162436877868,0.32798388596320627,0.24724161971452915,0.11449427404422449,0.13824733244638604,COMPLETE
121,0.5071360608943863,2025-11-11 03:03:02.680416,2025-11-11 03:56:04.276028,0 days 00:53:01.595612,0.675049986255613,0.36961123954552594,-1.506049265827409,0.384331085383748,0.032935864629848044,0.31593973208231263,0.7967284490474963,0.15511803916995812,0.4463402491125803,0.9577072382608374,0.2756312958939809,0.239154475279306,0.10615081370961266,0.17280159264372316,COMPLETE
122,0.5137963843958135,2025-11-11 03:56:04.705862,2025-11-11 04:49:09.232881,0 days 00:53:04.527019,0.8504601253810097,0.21806936728783502,-1.572586235344062,0.08953675526156822,-0.2295186131133563,0.1506105403667925,0.9192295723048668,0.10480270975469468,0.5406114475061945,0.9240062020630474,0.3261842921323952,0.2744636215059459,0.0533291481683453,0.14071234261835644,COMPLETE
123,0.7274024738344433,2025-11-11 04:49:09.482254,2025-11-11 05:42:16.388053,0 days 00:53:06.905799,0.5336312336315869,0.5928923336432841,-1.9002647246681508,0.5421577077619055,0.295510851293552,0.40057916268353977,0.9775690113015945,0.17209091368756468,0.5179576362454719,0.9920917223018394,0.22528673707470045,0.34630509449305813,0.12134978606834947,0.15225445867037407,COMPLETE
124,0.6912464319695528,2025-11-11 05:42:16.796236,2025-11-11 06:35:19.729925,0 days 00:53:02.933689,0.4086891870082855,0.11274920883704964,-1.2992667441699441,0.669321592432575,-0.3743636215185767,0.23795033099387147,1.5417383081679197,0.06045619383135194,0.08339974469880845,0.8985260345300924,0.30754619956544116,0.2902187990459055,0.0784622342577888,0.19679618428756984,COMPLETE
125,0.7240723120837298,2025-11-11 06:35:20.142704,2025-11-11 07:28:21.542729,0 days 00:53:01.400025,0.2741576132225236,-0.006497472821619804,-1.7596174267442366,0.26169897619046284,-0.09690133924549663,0.04634307691164173,1.114639584646567,0.13423223275833882,0.48075066655138576,0.5925992461660784,0.3522623803635657,0.248085326018176,0.09623961351782241,0.23324542039250423,COMPLETE
126,0.7235965746907707,2025-11-11 07:28:21.930133,2025-11-11 08:21:32.438886,0 days 00:53:10.508753,0.7507461629253727,0.5108681143518438,-1.464728823812692,0.39803609901420833,0.1640534691009472,0.6702868603657528,0.7699097815579373,0.024662982166956088,0.45548642159985975,0.9326955735528836,0.3720669952503948,0.3084177705025998,0.12217159811872234,0.08879384864577854,COMPLETE
127,0.741674595623216,2025-11-11 08:21:32.863059,2025-11-11 09:14:32.432244,0 days 00:52:59.569185,0.3512633929751019,0.29233988585702564,-1.9963661672074209,0.18161929784445824,0.0056309204518819045,1.159096505255231,0.9131113979839103,0.0900504175564039,0.5596750423527592,0.9528967830444642,0.32825920478718457,0.22090900627611104,0.029291867837651038,0.12575297932532886,COMPLETE
128,0.5195052331113226,2025-11-11 09:14:32.688735,2025-11-11 10:07:33.760669,0 days 00:53:01.071934,0.6174101655017046,0.29752224281602657,-1.987399207815971,0.13199107864609705,0.06424241608116121,1.0836654985820648,0.6479231492966318,0.3416067204001373,0.5546036806553882,0.8669329072997853,0.28965578592250457,0.263044615437679,0.024959337408213253,0.12985633052692547,COMPLETE
129,0.5294957183634633,2025-11-11 10:07:34.174551,2025-11-11 11:00:38.794677,0 days 00:53:04.620126,0.9188814529274394,0.38104186016034913,-1.6136531767198858,0.3282259713072654,-0.8703018501760001,1.7200883147505452,0.8924877138606271,0.6574896713013028,0.5302873840664033,0.9573294262942,0.33232597707082795,0.2174778197594337,0.04920149574983579,0.0955130772840878,COMPLETE
130,0.7150333016175071,2025-11-11 11:00:39.184326,2025-11-11 11:53:42.387173,0 days 00:53:03.202847,0.3514369135792469,0.6686561500660475,-1.8135876230886625,0.19860921463760092,0.28725716090559605,1.273959347851007,1.305227789994271,0.08872120553807816,0.5036306554778891,0.9783977049428035,0.3010871887617709,0.23386052022362908,0.9919847564699733,0.17398915370338014,COMPLETE
131,0.7435775451950524,2025-11-11 11:53:42.579937,2025-11-11 12:46:42.713553,0 days 00:53:00.133616,0.44908035094516996,0.2035877497560652,-1.3782376027856613,0.08179887200892519,0.19687142868883434,0.18859654688506478,1.056586140377315,0.05467358409984782,0.5871364720643845,0.9135200376827413,0.3776625543721514,0.28254880174451824,0.6309381212656857,0.2107582942076923,COMPLETE
132,0.7421503330161751,2025-11-11 12:46:43.104842,2025-11-11 13:39:54.392975,0 days 00:53:11.288133,0.44395021709839405,0.20884199561403893,-1.3784581628492654,0.033531896384973586,0.2057964485610817,0.21281698071478017,1.0476582401234094,0.09993761157299792,0.5713406849334968,0.9123694195097514,0.3801104498509615,0.47026683252031554,0.6779157931756448,0.1603433768931257,COMPLETE
133,0.7121788772597526,2025-11-11 13:39:54.774392,2025-11-11 14:33:04.503863,0 days 00:53:09.729471,0.5478327935183803,0.15847390054090246,-1.346507051806614,0.08045991113875373,-0.1457736746450504,0.20450088616759737,1.0622162829706883,0.11236687656334059,0.5942808620426148,0.9093776150522594,0.32720779865527766,0.481955110182496,0.8261746870327462,0.15076596622501773,COMPLETE
134,0.7207421503330161,2025-11-11 14:33:04.939346,2025-11-11 15:26:25.057903,0 days 00:53:20.118557,0.49722431713573034,0.23391248567909476,-1.445831857223378,0.013120688423498061,0.4506981158963594,0.5869992194762672,0.8381161518759899,0.1347997584375906,0.5623749301009965,0.8831485727449376,0.3455018624296907,0.5161868767247844,0.6905176006862027,0.12333454398308677,COMPLETE
135,0.7059942911512845,2025-11-11 15:26:25.384825,2025-11-11 16:19:45.166405,0 days 00:53:19.781580,0.14554242010915958,0.04905799827817792,-1.205264822254173,0.4509636420301661,-1.6897038829935938,0.4607813923822643,1.1639872536392666,0.09211773267032233,0.6269417143730346,0.9121959050347866,0.36928618995523615,0.7068365400275477,0.6280326816897652,0.18520565208970427,COMPLETE
136,0.4538534728829686,2025-11-11 16:19:45.486796,2025-11-11 17:13:03.391743,0 days 00:53:17.904947,0.262429137718693,0.3252822201355304,-1.322844966694807,-0.08567304572462164,-0.011927078216193905,-0.0257751424618734,0.9919212257294048,0.4716006872852331,0.5368959731593265,0.9637492806975315,0.2798177778206502,0.2883402254023125,0.7334983088982261,0.16073213193299998,COMPLETE
137,0.7288296860133207,2025-11-11 17:13:03.827985,2025-11-11 18:06:11.596544,0 days 00:53:07.768559,0.35187779964745525,0.39815525840521526,0.7516427663668301,0.06436082172895638,0.20496773381230246,0.2872344114092495,0.9188060473600184,0.14913711040173033,0.5784344489324523,0.9964763292666154,0.41759812666858953,0.21556812850773321,0.8037176997463319,0.19983043331065845,COMPLETE
138,0.7335870599429115,2025-11-11 18:06:12.121804,2025-11-11 18:59:26.893945,0 days 00:53:14.772141,0.6598908460441129,0.2738885340557048,-1.5390108452398896,0.29877119328385154,-0.3020596924200141,0.19516349609908376,0.7777583492630742,0.050316440890326226,0.6017950432767907,0.9478713926551122,0.2605048531744646,0.30914073789141133,0.5839097088402047,0.13000273116249278,COMPLETE
139,0.4895337773549001,2025-11-11 18:59:27.175621,2025-11-11 19:52:46.629450,0 days 00:53:19.453829,0.4479751913577683,0.11207766724411922,-1.415995754951737,0.22891328591498675,0.04158225735674211,0.36795475711588643,1.0341223739467815,0.3814480511771051,0.66720292295675,0.8340698009676513,0.45544184494610473,0.6028424142127106,0.6880653711439741,0.10433769749294855,COMPLETE
140,0.7269267364414843,2025-11-11 19:52:46.996237,2025-11-11 20:46:03.759823,0 days 00:53:16.763586,0.20377534125355362,0.5855609287549287,1.1955911563573653,0.35416365871024924,0.13066844161864738,-0.1927811487815432,1.2069705665279604,0.010500521508735587,0.9670262234317174,0.5493090297484486,0.3849835782900503,0.33010577691612775,0.0774095572764429,0.17497560232799997,COMPLETE
141,0.7354900095147479,2025-11-11 20:46:04.129086,2025-11-11 21:39:21.243308,0 days 00:53:17.114222,0.4208888608986215,0.49062664912580434,-1.6441205333442699,0.15194428775441612,0.29476664139777964,0.09634208398358829,0.6596152520812707,0.06576033969505274,0.48856807098380156,0.8627832090230663,0.31538017572474314,0.260786634760286,0.5353207752654248,0.22769957919430148,COMPLETE
142,0.7373929590865842,2025-11-11 21:39:21.544854,2025-11-11 22:32:39.289476,0 days 00:53:17.744622,0.5498483915811901,0.18662084794538603,-1.8660794906899636,-0.027286403705246515,0.35967888356711236,0.009454318994937498,0.4717869821448002,0.08022596610781554,0.5124766003897824,0.9000076205829735,0.3119598209617014,0.25851280468181714,0.5069269453969935,0.2569870827716001,COMPLETE
143,0.7378686964795433,2025-11-11 22:32:39.661293,2025-11-11 23:25:52.710422,0 days 00:53:13.049129,0.5999599183819544,0.33267930139208235,-1.8715231577496474,-0.03319584418270148,0.34861486871040903,0.017985585187412848,0.6430403379182205,0.08567991060239762,0.5710965270491125,0.8548454967733068,0.317067385393897,0.25767061521951373,0.5013033763094012,0.2566919198023506,COMPLETE
144,0.731208372978116,2025-11-11 23:25:53.128895,2025-11-12 00:19:26.923431,0 days 00:53:33.794536,0.56365487521891,-0.008962001465756375,-1.9221893791724731,-0.12172238136244751,0.21923942285595135,-0.007060798010893932,0.4197427402242227,0.08231926658999386,0.5870912623645902,0.8969854971888287,0.3675262228231665,0.251480866780741,0.4575323771697761,0.2636204697286726,COMPLETE
145,0.5413891531874405,2025-11-12 00:19:27.189359,2025-11-12 01:12:42.712938,0 days 00:53:15.523579,0.689596791327452,0.3439659024011324,-1.7904530406645032,-0.0257432636203301,-1.169278539337949,-0.2535100355986034,0.45857816425279296,0.12381988277837053,0.6472576228854048,0.919742242163498,0.3525221095528566,0.291603312686159,0.6569275741128665,0.2516355753156284,COMPLETE
146,0.4933396764985728,2025-11-12 01:12:43.237256,2025-11-12 02:06:10.657301,0 days 00:53:27.420045,0.5924492745086738,0.18249450812892123,-1.8541500071338648,0.43057584825114525,0.5523699064763373,-0.033290247730858924,0.5939308364017168,0.18233469703952215,0.6177848806022871,0.8293007227721668,0.4797102167953001,0.33804828505797047,0.6283412265048832,0.20389134202678008,COMPLETE
147,0.47240723120837297,2025-11-12 02:06:10.996015,2025-11-12 02:59:41.630265,0 days 00:53:30.634250,0.8654304620125337,0.2496357217004102,-1.9379129398524066,0.10508112837189862,0.3688174055751012,0.17670341588163882,0.8105072833305695,0.09975616745531912,0.5649130455410554,0.8880108256065875,0.3368643747427704,0.13399450448971578,0.012540077778234005,0.3032635248882811,COMPLETE
148,0.7183634633682208,2025-11-12 02:59:41.987660,2025-11-12 03:53:03.686856,0 days 00:53:21.699196,0.5198081571030868,0.41096391062516213,-1.7359251928125927,0.5203025830065713,0.12317524093503542,0.28266108888646946,1.107176396311032,0.02954372631704117,0.5475767379117051,0.9552831349553966,0.42042780076644104,0.37667444903806363,0.602151590725122,0.14632863969512783,COMPLETE
149,0.7407231208372979,2025-11-12 03:53:03.998628,2025-11-12 04:46:11.816628,0 days 00:53:07.818000,0.7534257097785292,0.6848116970728225,-1.693082848832375,0.21054974980697544,0.3672941671422573,0.012617357619031544,0.9499379895586884,0.051507670793758786,0.5162025234856397,0.8558112362873858,0.3798641937930743,0.2381663771651318,0.5243393737334691,0.07822576259847269,COMPLETE
150,0.7126546146527117,2025-11-12 04:46:12.096977,2025-11-12 05:39:34.222181,0 days 00:53:22.125204,1.0972772529887214,0.6151880101176322,-1.988223531429436,-0.02022454700561127,-0.09926959618586756,-0.10723147240295557,1.2845597371722333,0.05366397857713176,0.5268385027509657,0.8534159447034808,0.32682760620415413,0.27313312602592177,0.55786769129157,0.07250432390420601,COMPLETE
151,0.7392959086584205,2025-11-12 05:39:34.463272,2025-11-12 06:32:47.000826,0 days 00:53:12.537554,0.7940546485558526,0.7104607166196839,-1.7223935025746187,0.18636998996884468,0.3832247987852146,0.04430779152869479,0.9872911916276251,0.07696862756413764,0.5151458341608082,0.9291665150274361,0.3826044779660222,0.23720523043294622,0.5227945102597756,0.1112923041641002,COMPLETE
152,0.7407231208372979,2025-11-12 06:32:47.336759,2025-11-12 07:26:03.339856,0 days 00:53:16.003097,0.7660468921179884,0.7476656311046909,-1.7484485969153662,0.1531857483337667,0.38671200621867885,0.05363101535098788,0.9745299984089151,0.08140658147275072,0.5129634324513686,0.9164207324374066,0.37736541546994895,0.23871363427664943,0.5061612069491634,0.0387586553145428,COMPLETE
153,0.7383444338725024,2025-11-12 07:26:03.902223,2025-11-12 08:19:23.010899,0 days 00:53:19.108676,0.9997223254511909,0.6745264937524498,-1.733136149301676,0.20980257346749998,0.3397204409948406,0.055436829431473295,0.9696392879633584,0.08203289659768294,0.5119507092842778,0.9332751221585953,0.37056182974002044,0.2375997373428989,0.5059820543613517,0.05572294974968317,COMPLETE
154,0.7421503330161751,2025-11-12 08:19:23.323501,2025-11-12 09:12:47.953385,0 days 00:53:24.629884,0.8012852027922605,0.7270691973926553,-1.7335001108332226,0.1951680426438993,0.35940368647213994,0.0470957719673989,0.981379225980666,0.08057120326924713,0.5780946945907531,0.9199425185456118,0.37682548112842096,0.2420239673449507,0.5153279277718861,0.04101431148055358,COMPLETE
155,0.7473834443387251,2025-11-12 09:12:48.495902,2025-11-12 10:05:36.361029,0 days 00:52:47.865127,0.9922920789030619,0.7343209775575209,-1.7470371478292186,0.20731790885799167,0.3470604571289223,0.016753023528377348,0.983595954829801,0.030630306983218815,0.5873578286245401,0.9108815573123089,0.3743578085713107,0.22866320056301848,0.5020027556634334,0.04826068424946473,COMPLETE
156,0.7159847764034253,2025-11-12 10:05:36.693257,2025-11-12 10:58:00.086575,0 days 00:52:23.393318,1.2413713576639958,0.7461637883619457,-1.7263729408819306,0.17581105738691602,0.6350521589441872,1.9977626238890633,0.9430023750911765,0.03546480906049373,0.576229973141801,0.9227194177232665,0.377373273025002,0.22704791291247922,0.4966952867908089,0.0347653910679209,COMPLETE
157,0.7445290199809705,2025-11-12 10:58:00.340546,2025-11-12 11:50:18.691036,0 days 00:52:18.350490,1.1641895724469438,0.9297326533513861,-1.7722348183295804,0.23108268683423877,0.5042435588676597,0.06683703101335503,1.0419079339971706,0.05302930427620131,0.6046319680050487,0.8747916785414048,0.4091997613144499,0.2340859836806858,0.5149825386447092,0.015224344544007923,COMPLETE
158,0.7297811607992388,2025-11-12 11:50:19.145635,2025-11-12 12:42:44.716516,0 days 00:52:25.570881,1.1913202753776115,0.9114923623731199,-1.774954577205298,0.23003743572796082,0.4629643592056815,0.07775494856817182,1.0316930601232048,0.04551280370666776,0.6144017821177394,0.8802914590298896,0.4054120933186506,0.19484857283393878,0.5269404454428787,0.01749070214234216,COMPLETE
159,0.7174119885823026,2025-11-12 12:42:45.250582,2025-11-12 13:35:31.459836,0 days 00:52:46.209254,1.0293347499737633,0.7197368533593983,-1.6879882971667224,0.0583551616036104,0.2162972414104026,-0.1769487817206664,0.873095181154734,0.0204757772567458,0.6398309109021869,0.9335356965157845,0.42338193794792567,0.1713828779709096,0.46185424335485653,0.0666830770599098,COMPLETE
160,0.6893434823977165,2025-11-12 13:35:31.699598,2025-11-12 14:28:00.431735,0 days 00:52:28.732137,0.7939840370550443,0.7085056176530267,-1.5812963562474815,0.2174559268779041,0.7304605575084184,-0.11319377208833814,0.9926740674782838,0.05584717598380675,0.5935246972542245,0.9732589778024745,0.3768904201104026,0.20811148846320374,0.5573792184623705,0.04810328380870149,COMPLETE
161,0.731208372978116,2025-11-12 14:28:00.714738,2025-11-12 15:20:25.278981,0 days 00:52:24.564243,0.9568228358694082,0.8738639986939162,-1.8778112032609822,0.1137912632312529,0.5258201269301254,0.04699943090323824,1.1711533234919256,0.06414109804986577,0.5704443977151913,0.8703184071526127,0.45329552703589054,0.2373756156352797,0.5132021700567964,0.015805671704742928,COMPLETE
162,0.4862036156041865,2025-11-12 15:20:25.609671,2025-11-12 16:12:54.579248,0 days 00:52:28.969577,1.1352042579132529,0.6287657825430302,-1.7985573348627173,0.31634729046595167,0.3485102597861933,0.15426174881271654,1.0663843018939207,0.07612950384059658,0.5517995471995283,0.9067311066615849,0.3600219726870215,0.2786483332453498,0.4899308129165165,0.040574027378461594,COMPLETE
163,0.7335870599429115,2025-11-12 16:12:55.094271,2025-11-12 17:05:16.762209,0 days 00:52:21.667938,1.008211356994245,0.5576892887846521,-1.7504594437301506,0.034526514788040724,0.2730442063716017,-0.07443400739618045,0.9564472086265091,0.028375675928154327,0.5908992188097435,0.9217637045061491,0.41069106787691106,0.23703203693373243,0.4689226460269508,0.07257834173959468,COMPLETE
164,0.5623215984776403,2025-11-12 17:05:17.105386,2025-11-12 17:57:44.194546,0 days 00:52:27.089160,1.4227832351619134,0.8336460062027706,-1.9185023722721473,0.205492540651044,0.3757210110459289,0.04229149744328118,0.8664214761341777,0.10224480204378239,0.6129639030852991,0.8512535575870919,0.38933175768852035,0.2204276414345156,0.5206355352347175,0.05441733636437269,COMPLETE
165,0.7169362511893435,2025-11-12 17:57:44.508236,2025-11-12 18:50:12.469690,0 days 00:52:27.961454,1.2896162628900532,0.9417628527983647,-1.661902646391753,0.2736576613144578,0.5871597999444641,0.23362298614503663,1.2239093902436007,0.05152027621654863,0.5683289753729497,0.09538702979802322,0.35839982096356604,0.2576998153817427,0.4424231705249471,0.10626618577509815,COMPLETE
166,0.7216936251189343,2025-11-12 18:50:12.713424,2025-11-12 19:42:38.184454,0 days 00:52:25.471030,0.8195938332492901,0.758951905873875,-1.5369294791701584,-0.08037044487655959,0.5012754677946168,0.1296561019938351,1.0776138575424685,0.07503766382308058,0.5363435744319615,0.9095951595051268,0.3823874474701549,0.30161373420908,0.48527853959741696,0.03360274563736608,COMPLETE
167,0.7278782112274025,2025-11-12 19:42:38.610231,2025-11-12 20:35:12.151995,0 days 00:52:33.541764,0.982788018265723,0.6684190912567669,-1.8158426295208598,0.11808594814431671,0.17477342282407668,-0.23789901938544486,0.736660960782881,0.010561145306275378,0.47953141957686984,0.9310747535209242,0.4397799603400487,0.18592637401638862,0.5442968298735652,0.07737960858262988,COMPLETE
168,0.7316841103710752,2025-11-12 20:35:12.412609,2025-11-12 21:28:21.626488,0 days 00:53:09.213879,0.7281299794536896,1.0185252782426915,-1.9936645761512448,0.16646188935882678,0.30360709742415876,0.0072564885360942855,0.9642657966872004,0.04275255801613115,0.5507429101821777,0.8868466404006236,0.4111099307534878,0.8432405092694405,0.5906086314586382,0.015030282127736841,COMPLETE
169,0.47954329210275926,2025-11-12 21:28:21.933099,2025-11-12 22:21:00.057352,0 days 00:52:38.124253,0.9151672911126607,0.48076897306725574,-1.6945814636346483,0.046929818413012886,0.6447951016085179,0.19905608595465318,0.8752466100802209,0.10903338393061099,0.5093205630717922,0.9711125904397372,0.3491662885561006,0.2440437952964688,0.5426003852707786,0.05142453774009428,COMPLETE
170,0.7350142721217888,2025-11-12 22:21:00.295315,2025-11-12 23:13:46.881304,0 days 00:52:46.585989,0.7444057357840558,0.5478292722924166,-1.598676523125856,0.2828053428529549,0.4146552009328971,-0.09365901527387097,1.146377508600279,0.07599464414736909,0.6886113710277788,0.9405729948209416,0.38310223120510667,0.2714020605514507,0.4160821726860965,0.10746462767938789,COMPLETE
171,0.7335870599429115,2025-11-12 23:13:47.133910,2025-11-13 00:06:22.775761,0 days 00:52:35.641851,0.837013923313483,0.7131616388143278,-1.855170695744331,-0.03022062359599717,0.3285174855021245,0.023228549767033008,1.003189805375137,0.08269989977945577,0.5199139500819556,0.8991674682892162,0.3598889134871171,0.2528098232643483,0.5050073586760738,0.0893770359510227,COMPLETE
172,0.7183634633682208,2025-11-13 00:06:23.030656,2025-11-13 00:59:00.132113,0 days 00:52:37.101457,1.070550629700649,0.817532130227774,-1.8858632176423642,-0.1451995813853027,0.37628779057187,0.05735030039501546,0.8297783173270024,0.05907918645849942,0.4949245241799583,0.8712584591258409,0.31624920938323364,0.2189061137810968,0.5067369424344688,0.04021226464202034,COMPLETE
173,0.7392959086584205,2025-11-13 00:59:00.418516,2025-11-13 01:51:30.791794,0 days 00:52:30.373278,0.6550190520155743,0.43021928201357434,-1.7494691289494742,0.14074881844960874,0.2426759477667304,-0.023988672111251746,0.7488861402067286,0.09532098695889611,0.5793210432239386,0.9026432822794896,0.421401260460635,0.2641194322891989,0.48121980156069233,0.06539721687194969,COMPLETE
174,0.735965746907707,2025-11-13 01:51:31.222391,2025-11-13 02:44:08.227348,0 days 00:52:37.004957,0.6412118541977256,0.6183448747645222,-1.7432150538477809,0.1988009410950161,0.2536791487911907,0.116700292652149,0.9485804614489409,0.11923314802173615,0.6303796238032298,0.9814931708368712,0.4264861832288793,0.2905058669953096,0.475922745203249,0.06545468868779075,COMPLETE
175,0.7407231208372979,2025-11-13 02:44:08.492159,2025-11-13 03:36:39.356780,0 days 00:52:30.864621,0.8914598682529203,0.43858012546191916,-1.5199882943086247,0.12107564225615727,0.11897828517130053,-0.04055726101866716,0.742453446610694,0.031074961157267142,0.5961905859775521,0.9358173033643024,0.4046651012524579,0.23384977398008122,0.5688188976370485,0.08869718226792811,COMPLETE
176,0.7397716460513797,2025-11-13 03:36:39.609558,2025-11-13 04:29:17.697046,0 days 00:52:38.087488,0.8922409751574562,0.44830119565693094,-1.4128113081149327,0.11597383335393695,0.10954649339321855,-0.07233234216621381,0.7358173226789043,0.02915726270006984,0.5931850218108274,0.9449052040528422,0.4664594741814511,0.19935261952987648,0.5724393222380784,0.07925520940599837,COMPLETE
177,0.7126546146527117,2025-11-13 04:29:18.090461,2025-11-13 05:21:51.504545,0 days 00:52:33.414084,0.8852373223714836,0.4849074476024585,-1.4435218743538052,0.06492552713642627,0.06420576185337216,-0.15577481484047082,0.7569854941555257,0.02517798515554996,0.5921924375887564,0.95485085648143,0.44272433998077193,0.19848982821019345,0.6168183252411892,0.08740354815146109,COMPLETE
178,0.7383444338725024,2025-11-13 05:21:51.816271,2025-11-13 06:15:02.675737,0 days 00:53:10.859466,0.7416910178732891,0.4609465721302894,-1.3902292992383067,0.11931626575971523,0.11971039797787703,0.2571935139629948,0.7353130795130683,0.03606000198087786,0.6022773283399492,0.9132752299468894,0.465011355013583,0.15922687058495902,0.554829978964798,0.11443117280664322,COMPLETE
179,0.7121788772597526,2025-11-13 06:15:02.948659,2025-11-13 07:08:09.930770,0 days 00:53:06.982111,0.8960777875307053,0.5824287486758333,-1.566991012379702,0.34848493036831213,0.19915443781452905,-0.31360711141499165,0.8531771361006315,0.044535962937965565,0.6624009302008862,0.9891510234081842,0.4996299435331988,0.21145298126966738,0.5708790209133041,0.02817951588555908,COMPLETE
180,0.7397716460513797,2025-11-13 07:08:10.204364,2025-11-13 08:01:16.978623,0 days 00:53:06.774259,1.5925709595936142,0.429019161243557,-1.5115986762171056,0.2838069868097012,-0.006234787593133728,-0.0648500380175043,1.0875020942983786,0.013927808309123713,0.6221781329089557,0.9476876705265399,0.4105119769201542,0.17120959033036848,0.5759135418923179,0.08066143921537836,COMPLETE
181,0.7373929590865842,2025-11-13 08:01:17.296288,2025-11-13 08:54:26.637678,0 days 00:53:09.341390,1.642695984241552,0.40221934552528993,-1.4900000924556336,0.26758013879495796,-0.0106719761980055,-0.06416699450182513,1.0584870069198302,0.01767826879218315,0.6316093256518243,0.9395383946927051,0.4082052590662216,0.16899498766083582,0.5740259443851048,0.09539079939838806,COMPLETE
182,0.725499524262607,2025-11-13 08:54:27.161515,2025-11-13 09:47:17.826805,0 days 00:52:50.665290,0.7933389244199567,0.4383809217332206,-1.5162502268654299,0.4371450311688768,0.14646288777129787,-0.04731945749909391,1.3816882535974384,0.033502335695821096,0.5827649283950589,0.9618688710211565,0.47410814321193495,0.567866184511516,0.5970193104471885,0.07811510793303464,COMPLETE
183,0.44766888677450045,2025-11-13 09:47:18.148296,2025-11-13 10:39:24.547667,0 days 00:52:06.399371,1.9355444251315146,0.5461272977620006,-1.6105854200371397,0.1257155441071604,-0.05276361706253921,-0.22138484073176878,1.2518562134060023,0.061224887906428035,0.6135287105347877,0.9155507659832576,0.4257005214120132,0.22681513039576226,0.6364089171893117,0.011358595758878182,COMPLETE
184,0.7326355851569933,2025-11-13 10:39:24.762724,2025-11-13 11:31:27.065230,0 days 00:52:02.302506,0.6737551516958066,0.7865398757134643,-1.2817167813912775,0.28670041322716894,0.04699110949992537,0.1640681684282589,0.8926513537785564,0.013531664382533788,0.556264908893494,0.9413817991438983,0.39968664151139927,0.18819233048078574,0.5354904659505741,0.13215660318558398,COMPLETE
185,0.7021883920076119,2025-11-13 11:31:27.325148,2025-11-13 12:23:37.327409,0 days 00:52:10.002261,0.855462852532296,0.528696969264254,-1.4118391786354272,0.35773435153910427,0.2360706764321328,-0.1407599783322839,1.1039725074462807,0.058802119004386574,0.6550953589320742,0.8925987530868088,0.4444563696863605,0.2786957744472838,0.6750273886240655,0.04814877014762992,COMPLETE
186,0.7350142721217888,2025-11-13 12:23:37.652430,2025-11-13 13:15:43.190741,0 days 00:52:05.538311,1.4770029305556494,0.6158776494006488,-1.1939865999213868,0.16263266220312922,0.48933229022277536,0.10436820642021309,0.8112047247468632,0.04084534296824305,0.6031237643864207,0.9685056854694651,0.39316207621959126,0.13569680064602102,0.7178884898600734,0.11466833040240382,COMPLETE
187,0.6398667935299714,2025-11-13 13:15:43.518245,2025-11-13 14:09:18.362745,0 days 00:53:34.844500,1.6992729002585005,0.4186565649355529,-1.6470738847476727,0.04559776885583244,-0.16459925652735136,-0.03220403858560161,0.7153267427916046,0.10219635559205004,0.5831660153006426,0.9218725140869227,0.41957263681060486,0.20234120407535772,0.5758099237775054,0.064947431392389,COMPLETE
188,0.7445290199809705,2025-11-13 14:09:18.698501,2025-11-13 15:01:43.422409,0 days 00:52:24.723908,0.9522563172104707,0.7349552254645458,-1.5132467059164103,0.22407420025168903,0.09197198281289995,0.2480531894582854,1.0274254557277014,0.011328570573724411,0.6317270668528276,0.883333853400836,0.45286317057277387,0.23512244686917524,0.5522229186317251,0.16274506152199594,COMPLETE
189,0.7231208372978116,2025-11-13 15:01:43.759352,2025-11-13 15:54:05.958046,0 days 00:52:22.198694,0.9577136016895954,0.8476208110342731,-1.5396588975151855,0.21963477229757836,0.16510960721800538,0.2639328486699315,1.021331927326165,0.02602813398709418,0.638412796164741,0.869908474024908,0.45443824167893065,0.22990330230743627,0.5257534163013107,0.09031803740534106,COMPLETE
190,0.7245480494766888,2025-11-13 15:54:06.247065,2025-11-13 16:46:10.709903,0 days 00:52:04.462838,1.1653947723621318,0.3114586469379431,-1.6806274394768221,0.11785917803768947,0.559331066783747,1.3191269164065578,1.1518925759058958,0.010931995956442925,0.6202371614553427,0.8262387387123356,0.49295225029248946,0.18321562031864605,0.549784960841997,0.15887180425833755,COMPLETE
191,0.7259752616555661,2025-11-13 16:46:10.978234,2025-11-13 17:38:02.996031,0 days 00:51:52.017797,0.7229310747323394,0.7036623301669218,-1.3416107152629786,0.33342536241655696,0.08925306474272451,0.19283884350895372,0.9185159811725452,0.05019014309658808,0.5642671475578497,0.9059378767937019,0.43160140852194556,0.24161133859747483,0.6073401060385171,0.12049874207702316,COMPLETE
192,0.483349191246432,2025-11-13 17:38:03.238510,2025-11-13 18:29:42.177609,0 days 00:51:38.939099,1.3183205543326333,0.7429028903103315,-1.5041423994674128,0.26222186966123534,0.2359495995264518,0.10116052604803566,1.0512797329547146,0.06773186554501073,0.5435371504229994,0.9523188468041416,0.40264918042324893,0.2676083425069335,0.5216852206993535,0.16663336829935496,COMPLETE
193,0.725023786869648,2025-11-13 18:29:42.568509,2025-11-13 19:21:30.797982,0 days 00:51:48.229473,0.7912467920562531,0.8931643025990805,-1.4388418770368163,0.4324530930415156,0.44203640794920246,-0.0726349591732198,0.9113514451259221,0.03839539437437869,0.6033434790880016,0.9996455389695575,0.38060162788832763,0.21306534352286344,0.5610054092535213,0.03354841666550673,COMPLETE
194,0.3943862987630828,2025-11-13 19:21:30.985548,2025-11-13 20:13:38.742393,0 days 00:52:07.756845,1.0750440335323281,0.6261260369124154,-1.597697667489954,0.20406045024854655,0.010020872779239826,-0.4025472966206197,0.8083050982322094,0.09514400798668013,0.5776608713147483,0.8879137408721024,0.4693617212453786,0.29005201942339337,0.5759865784690531,0.13533384645038354,COMPLETE
195,0.741674595623216,2025-11-13 20:13:39.057209,2025-11-13 21:05:56.515415,0 days 00:52:17.458206,0.9372380728662215,0.5020744787415138,-1.80164008647029,0.03077786747487593,-0.07097140636737764,0.1673344855466859,1.0134942711337407,0.06483623393520926,0.4365140409037293,0.921431150131169,0.41656334642415455,0.25003744255167326,0.6469977851776064,0.10065260867926214,COMPLETE
196,0.7140818268315889,2025-11-13 21:05:56.809038,2025-11-13 21:57:59.659769,0 days 00:52:02.850731,0.9326771843574777,0.4924890480667762,-1.804707434389268,0.03978311212829508,-0.18481958899954443,0.32379402275629576,1.115297390037674,0.07346529497780951,0.651062654671737,0.9301543747168394,0.4490359732344096,0.24388935635218248,0.6598877023227455,0.09631570962685729,COMPLETE
197,0.7435775451950524,2025-11-13 21:57:59.914182,2025-11-13 22:49:52.104472,0 days 00:51:52.190290,1.5561396740133722,0.4303420558725159,-1.7326894816427831,0.11105657611925708,-0.09797104915236408,0.016916893812837924,1.006292977527815,0.03312012476433035,0.5393119053026632,0.915540715016007,0.41798273587745827,0.21530757507834855,0.6407384491320905,0.07425304555141507,COMPLETE
198,0.7297811607992388,2025-11-13 22:49:52.552149,2025-11-13 23:41:58.783112,0 days 00:52:06.230963,1.6478548691213695,0.262188193910691,-1.7675422058867953,-0.09967434057890337,-0.048645966663085974,-0.02102907483365435,1.2267607986769684,0.031463852161699064,0.7122107930684157,0.8885479679277201,0.42135699260921944,0.2000401331022175,0.6316792788902156,0.07356026930499676,COMPLETE
199,0.5323501427212178,2025-11-13 23:41:58.994708,2025-11-14 00:34:16.379359,0 days 00:52:17.384651,1.7317575679088104,0.3803750554860185,-1.6893516233280694,0.10593972061802176,-0.06573537688031787,-0.15093333296031924,1.0573060009462263,0.050950817976454614,0.5392704509486113,0.9126085889402178,0.4097373006644699,0.165971691737529,0.6462956782142439,0.06040379573896394,COMPLETE
200,0.7245480494766888,2025-11-15 10:03:37.162793,2025-11-15 10:56:10.570029,0 days 00:52:33.407236,0.8775023540098532,0.5599802092415915,-1.7485538669436005,0.0040575350138928185,-0.2607734835366712,0.17789724953137653,0.9872437733535604,0.02458888322584847,0.5583380890645988,0.8693350667876454,0.43840536218366954,0.21964559660501867,0.681734402437529,0.10721813898635257,COMPLETE
201,0.6355851569933397,2025-11-15 10:56:10.827432,2025-11-15 11:48:24.936922,0 days 00:52:14.109490,1.522524339360523,0.4232203170909534,-1.6309324115010224,0.18157021540673796,0.11764772310730551,0.05713054548685899,0.949496073539096,0.06417439949860441,0.5936555970716252,0.9310931757099123,0.39274835307190636,0.25925942449696693,0.608440027377276,0.049846269109255346,COMPLETE
202,0.582778306374881,2025-11-15 11:48:25.226934,2025-11-15 12:40:35.205835,0 days 00:52:09.978901,-1.5616605229020162,0.4738887384824287,-1.8155483235678287,0.10360623810853914,0.28806075347528565,0.023688110675992594,1.017905034052327,0.011392276375715674,0.6166471584029581,0.9076842123856023,0.37429939518844724,0.2384975671217378,0.66823613997804,0.08384031303831424,COMPLETE
203,0.5975261655566128,2025-11-15 12:40:35.446069,2025-11-15 13:32:49.360129,0 days 00:52:13.914060,1.577075782195871,0.34373887068378856,-1.698133507097667,0.23705295598912812,-0.10664024925257506,0.22020526112803523,1.1479520948159379,0.08688059887028216,0.4408792592075838,0.9431218819125391,0.41273120383412665,0.2226020612704737,0.7119587278654483,0.03657728443775887,COMPLETE
204,0.7431018078020932,2025-11-15 13:32:49.632614,2025-11-15 14:25:01.835068,0 days 00:52:12.202454,1.0581612971063954,0.23470619354085043,-1.6025877521791614,0.15323665097960576,0.42529868927087167,0.09392643260890335,0.8632937027009389,0.04316391046167492,0.40295517131112046,0.9221328075433465,0.4786209609470105,0.264771103731124,0.5326201375828664,0.14265807785631485,COMPLETE
205,0.5095147478591817,2025-11-15 14:25:02.117582,2025-11-15 15:17:09.947811,0 days 00:52:07.830229,1.0126810576153777,0.10371441654504586,-1.9113822077205442,0.014322953326019516,0.4128203114374319,-0.0914522024175705,0.8875694762743238,0.5585429308682788,0.39219554753610075,0.8882243644581965,0.46931091097998423,0.18333233142604793,0.5367312092691802,0.11808814890434724,COMPLETE
206,0.7488106565176023,2025-11-15 15:17:10.176275,2025-11-15 16:09:27.128825,0 days 00:52:16.952550,1.2169038526524065,0.23416659880108803,-1.556975723203841,0.1537846364097351,0.21507806532909815,0.11566175341222698,1.0838483825188168,0.04369937069773072,0.5800442239671227,0.9175703359310624,0.5120527573034964,0.14646124459810922,0.5915932839857077,0.14105891197082282,COMPLETE
207,0.735965746907707,2025-11-15 16:09:27.314283,2025-11-15 17:01:24.363456,0 days 00:51:57.049173,1.243188430271,0.2615843184960152,-1.5189540337957268,0.1277080460796291,0.19812136531856386,0.8893838658926878,1.0853190648966193,0.03958985057525842,0.576926302438701,0.8501677377868645,0.4867582210193566,0.10458369557552692,0.58881271208306,0.1400765799566694,COMPLETE
208,0.7326355851569933,2025-11-15 17:01:24.674802,2025-11-15 17:53:24.024050,0 days 00:51:59.349248,1.1110687819238874,0.2076354950222038,-1.3876824713737046,-0.0587080703167365,0.2950954333774938,-0.010932608900938515,1.3018019406486927,0.034723233327926636,0.5320808633213536,0.9157828585851172,0.4985887986269661,0.14498006089300136,0.610194216806411,0.10248159581938598,COMPLETE
209,0.7064700285442436,2025-11-15 17:53:24.265149,2025-11-15 18:45:18.603992,0 days 00:51:54.338843,1.1755468406291574,0.14546312663115793,-1.8090312856827726,0.032044520529032255,0.1561596401185345,0.15403842384443917,1.1889323520566615,0.05190680883254432,0.5564234954050004,0.89857964849227,0.5228532935378166,0.12267013392747021,0.560762331895512,0.9711569937602339,COMPLETE
210,0.7297811607992388,2025-11-15 18:45:18.835445,2025-11-15 19:37:15.942847,0 days 00:51:57.107402,1.3752844993720037,0.02760724293023234,-1.2804095103410968,0.1607707005881496,0.015049417720149838,0.286312963390051,0.9966192026037775,0.011648621075197874,0.600017102005999,0.8712011675495249,0.514119626990948,0.6562699381856362,0.5259465251054305,0.07247547951851703,COMPLETE
211,0.741674595623216,2025-11-15 19:37:16.141144,2025-11-15 20:29:11.512167,0 days 00:51:55.371023,1.0346396318332214,0.3134698814177908,-1.5709859710431247,0.18826235590967652,0.2444777070016238,0.08507235970294624,0.9630413018899269,0.06901803914806165,0.5790819715786677,0.9256159109702674,0.45813913300730735,0.15132434105663414,0.48055871434385056,0.1518881360119613,COMPLETE
212,0.5423406279733587,2025-11-15 20:29:11.840240,2025-11-15 21:20:54.201486,0 days 00:51:42.361246,0.992742819168162,0.2855671694631753,-1.5588930300788126,0.0935673411846766,0.261526070991379,0.05907452867433155,0.9501899684778529,0.10000869337858456,0.5728021038186663,0.9219300093752901,0.45698182618534683,0.174305365435508,0.4981693127387135,0.15054062241677627,COMPLETE
213,0.7188392007611798,2025-11-15 21:20:54.527474,2025-11-15 22:12:30.688734,0 days 00:51:36.161260,1.0663624767120679,0.21388186668228001,-1.6782874535837138,0.282284066496265,0.0943097880744847,-0.04058047943228546,1.0921133638108578,0.07429434039520888,0.6289749565977859,0.9704208678302696,0.4772294232303605,0.1404428986231565,0.4515336399279282,0.11989782861862122,COMPLETE
214,0.7426260704091342,2025-11-15 22:12:31.131768,2025-11-15 23:04:02.463069,0 days 00:51:31.331301,0.9521624055354078,0.3570499267544892,-1.5540828423151698,0.13543978847723392,0.3731365058227571,0.15812400390773831,0.897646494531599,0.04278257262089065,0.541957405083114,0.9514135606418055,0.4472240585976669,0.1555434244104135,0.48914513228593387,0.13344515068208118,COMPLETE
215,0.7316841103710752,2025-11-15 23:04:02.825960,2025-11-15 23:55:43.677607,0 days 00:51:40.851647,0.9614630008466021,0.3767131276352151,-1.565573151640002,0.21170914615497055,0.3025807098109924,0.43195372602155224,1.026322265566596,0.0417114045030296,0.5442705405806848,0.9555135348176194,0.4496501101388176,0.1547529328722643,0.6215417655082985,0.13717629932986508,COMPLETE
216,0.741674595623216,2025-11-15 23:55:43.953214,2025-11-16 00:47:12.316661,0 days 00:51:28.363447,1.1315315142037001,0.2960123708693114,-1.460002546003873,0.06657556808594531,0.41213903501045923,0.20765132815346354,0.8886079152703739,0.03218041966850861,0.5264726890800211,0.9460049386801733,0.4341594076733556,0.0955553368467578,0.5420335834336377,0.08944605740105667,COMPLETE
217,0.7435775451950524,2025-11-16 00:47:12.594340,2025-11-16 01:38:42.997449,0 days 00:51:30.403109,1.221033365418043,0.0814203839752104,-1.43985872482739,0.05435920069686795,0.4145906443561263,0.21944712796495872,0.8629674041314181,0.02969609430854235,0.5554168706524091,0.975769312317974,0.4754639184076597,0.09780361436489104,0.5472290279695576,0.09153520386514405,COMPLETE
218,0.7297811607992388,2025-11-16 01:38:43.256997,2025-11-16 02:30:38.307840,0 days 00:51:55.050843,1.2045163442554248,0.025930731529369797,-1.387252133304494,-0.0600379041826537,0.43945644295117425,0.22515034651510893,0.8914883005562949,0.046739521520934184,0.536497553394125,0.9810454894523777,0.48188266113178996,0.19753433082963262,0.5414128906158975,0.18028001180159783,COMPLETE
219,0.7421503330161751,2025-11-16 02:30:38.490097,2025-11-16 03:22:06.136950,0 days 00:51:27.646853,1.119516815081341,0.09185117697257944,-1.300674957795354,0.055254259055375024,0.42991157485827014,0.33810046156876583,0.8929455353043241,0.03659734655263534,0.560419501943378,0.963794606638744,0.5233907239076666,0.1034557529633316,0.4826809405283725,0.14446113662850404,COMPLETE
220,0.4391056137012369,2025-11-16 03:22:06.362901,2025-11-16 04:13:40.248892,0 days 00:51:33.885991,1.095548037840838,0.10121231087284666,-1.3238622467743952,-0.1416090722024796,0.393852158215327,0.35481146498760785,0.9192266702320118,0.7617881386887548,0.5506381656407038,0.9690555725949486,0.5400401731028781,0.09224339018971142,0.4773634067399419,0.13709879747211962,COMPLETE
221,0.7388201712654615,2025-11-16 04:13:40.461040,2025-11-16 05:05:35.741015,0 days 00:51:55.279975,1.278655813079742,0.19255981365546948,-1.225984048630277,0.033623516679914686,0.35065219008253495,0.279476636615736,0.864990782679121,0.030525226378764373,0.5638743349532466,0.9837518235508887,0.5198766956502402,0.08739387412200372,0.5174783421888298,0.1559907996644329,COMPLETE
222,0.7431018078020932,2025-11-16 05:05:35.970948,2025-11-16 05:57:26.752753,0 days 00:51:50.781805,1.1477069878801887,0.07074695987083562,-1.1407621902446794,0.06704153303607681,0.526372464725033,0.17527166936333569,0.850443822423746,0.05108494902969329,0.5291176404434091,0.9523703995838353,0.5051344999076828,0.11867739309432368,0.4984358769241627,0.12432554935023774,COMPLETE
223,0.7397716460513797,2025-11-16 05:57:26.966215,2025-11-16 06:48:56.874685,0 days 00:51:29.908470,1.138554939606006,0.10912302759206827,-1.0843613025822851,0.039314050605005285,0.5049946789176781,0.19250386645829776,0.8598171801739977,0.05662733918395399,0.5235866724053387,0.961355470631872,0.5079680115998135,0.11082684313783993,0.4990663581964567,0.12466439149633277,COMPLETE
224,0.7140818268315889,2025-11-16 06:48:57.094412,2025-11-16 07:40:30.948183,0 days 00:51:33.853771,1.2375199754994959,-0.04542369102132485,-1.1622319901113518,-0.041407948057107846,0.43973753844517394,0.38133631353521386,0.9492813780340925,0.05235569736662907,0.5280971696148918,0.9268836971582178,0.5726583524914932,0.11887441307488754,0.48488680057540134,0.1567060054061848,COMPLETE
225,0.7402473834443387,2025-11-16 07:40:31.184630,2025-11-16 08:32:10.370388,0 days 00:51:39.185758,1.0239044431211544,0.07576028070040533,-1.4698553960945526,0.07383697809466927,0.5149578769235181,0.15772126404958073,1.00601081496687,0.07240832087805345,0.5006285170194696,0.9992821883982447,0.532494174509383,0.10949056259401163,0.4333266863173392,0.10185935389680141,COMPLETE
226,0.7326355851569933,2025-11-16 08:32:10.653390,2025-11-16 09:23:47.270419,0 days 00:51:36.617029,1.3656553953010655,0.1763586618051436,-1.3133243691492218,0.010538332094504485,0.5730939327884227,0.5122497459252908,0.8430975118645494,0.03363567181589504,0.5337671807138462,0.9541366388533142,0.4825120801131033,0.06420372431884684,0.4601468872430953,0.18146576834588787,COMPLETE
227,0.7164605137963844,2025-11-16 09:23:47.492983,2025-11-16 10:15:42.582453,0 days 00:51:55.089470,1.1518803036900778,-0.1032739578639505,-1.1483631617254253,1.9228309837793585,0.6582126537546047,0.25670154969620673,0.9534803510401336,0.0591348847764499,0.556439054176575,0.9160834502164126,0.5040399053108515,0.08345227499524578,0.54076894864529,0.12928523979638296,COMPLETE
228,0.7435775451950524,2025-11-16 10:15:42.775341,2025-11-16 11:07:23.134443,0 days 00:51:40.359102,1.0537148348734136,0.05735420899729921,-1.2287972868788053,0.1837727190539385,0.3448626870893112,0.1346798934265918,1.1569950054358389,0.01075350888226749,0.5762764036601116,0.9784279673446156,0.4395864742481044,0.1309646906555335,0.5129221019895259,0.14917143243356712,COMPLETE
229,0.731208372978116,2025-11-16 11:07:23.407941,2025-11-16 11:58:56.409793,0 days 00:51:33.001852,1.0516934672536986,0.09106003919630395,-1.2370236961193293,0.17060875627760932,0.377103345120467,0.29458965033709283,1.1628718505257656,0.011667618925191477,0.5674095235769405,0.9801877697898348,0.44485480321607723,0.13858264534757922,0.5150302383681507,0.21216282921990892,COMPLETE
230,0.7297811607992388,2025-11-16 11:58:56.637508,2025-11-16 12:50:52.102523,0 days 00:51:55.465015,1.1746449444818443,0.005593390537394591,-1.0968654875789716,-0.10250619121665866,0.4397263097304685,0.14359849017345955,1.08118227601128,0.047800079885863676,0.4858090692025004,0.9646085506983011,0.7928696127032324,0.12495261435117305,0.5023043995958794,0.010418895567385927,COMPLETE
231,0.7383444338725024,2025-11-16 12:50:52.301949,2025-11-16 13:42:58.429647,0 days 00:52:06.127698,1.0793269386155473,0.24773431392579537,-1.2596698178344825,0.08461158900449002,0.3198596937773223,0.08130689098788496,1.0471566668244168,0.03039786029810486,0.5911957998138344,0.9398701228269442,0.43624730642185133,0.10823196443934702,0.6495901269604146,0.1456996283294896,COMPLETE
232,0.7450047573739296,2025-11-16 13:42:58.850608,2025-11-16 14:35:00.827146,0 days 00:52:01.976538,0.9886499002762164,0.17586118670322332,-1.3573908405829795,0.1683778708302351,0.2373575943960377,0.2126607448899409,0.9326808944903792,0.03154632159025264,0.5469186379010271,0.9406611754236934,0.4587952400382964,0.10205901889984463,0.48276616464837013,0.16347128767366534,COMPLETE
233,0.7407231208372979,2025-11-16 14:35:01.168150,2025-11-16 15:27:10.251158,0 days 00:52:09.083008,0.9930931124899858,0.1769840259553703,-1.3738683118449286,0.20826066295325268,0.3419962487936647,0.2121921733589246,0.9171235845807442,0.07045113598878189,0.5473043777971557,0.9747463900227864,0.4667444982626652,0.10699093162863432,0.4811963302696987,0.176207460137075,COMPLETE
234,0.7274024738344433,2025-11-16 15:27:10.524199,2025-11-16 16:19:10.192482,0 days 00:51:59.668283,1.143461050760301,-0.03140252046772404,-1.1788607685732704,0.16602029846820843,0.220486885559371,0.34355555449805497,0.994782892083967,0.011413973884989659,0.5241524657050993,0.8995512779633341,0.46051107043721806,0.09536139378239858,0.46142275479103434,0.15664860168519992,COMPLETE
235,0.7245480494766888,2025-11-16 16:19:10.431211,2025-11-16 17:11:17.617096,0 days 00:52:07.185885,1.3283589612898612,0.2976314359948458,-1.3270319130619985,0.30744838304666666,0.4465572285419676,0.13682339647948907,1.1461458162044105,0.04717792911562991,0.8193249023102678,0.9497816818711995,0.49735691999830456,0.13632890613876394,0.4910765694097297,0.1926055705454123,COMPLETE
236,0.4785918173168411,2025-11-16 17:11:17.849167,2025-11-16 18:03:19.830408,0 days 00:52:01.981241,1.2415825937056937,0.18282827738697938,-1.4490167230366613,-0.0035658943235570215,0.2747878806464782,0.23580328034877732,0.8426395364430925,0.08725874125089962,0.5744800389109926,0.9140672159483472,0.4329774372879839,0.08633513509397478,0.5193713126468478,0.16503696787667307,COMPLETE
237,0.7283539486203615,2025-11-16 18:03:20.086898,2025-11-16 18:55:13.461070,0 days 00:51:53.374172,1.0478867579392468,0.09186558466566987,-1.0212040647291303,0.08962842187943082,0.567763012810119,0.4331357169397948,1.0274032221600649,0.06940890850590913,0.549399813441078,0.8839923409131214,0.45318979722414454,0.06801408479835847,0.5431544702469091,0.1285689284091509,COMPLETE
238,0.7145575642245481,2025-11-16 18:55:13.689644,2025-11-16 19:47:10.401640,0 days 00:51:56.711996,0.9514116110471793,0.2655347665124589,-1.2656805743318156,0.1894795204318623,0.4000077751065818,0.11478983272030067,1.9915138364520328,0.03129968150308258,0.564563326985898,0.9310829960010399,0.5619448839459537,0.12633375877690659,0.4696042900348305,0.14232514491217715,COMPLETE
239,0.7369172216936252,2025-11-16 19:47:10.624316,2025-11-16 20:39:12.999113,0 days 00:52:02.374797,1.0971540073623574,-0.1442524903173368,-1.6224274909418794,0.24980697219007272,0.5007579128136727,0.306073021380805,0.9282124384444674,0.05430605821349896,0.5337880717637421,0.9852589983591811,0.476140889524448,0.14152029776701666,0.5049324351732936,0.11187902830941418,COMPLETE
240,0.7440532825880114,2025-11-16 20:39:13.253875,2025-11-16 21:31:18.302778,0 days 00:52:05.048903,0.9604120421476873,0.03774768322333211,-1.4612429724470635,0.06441541492368502,0.3254051902611715,0.1605086966695834,1.1928976998646414,0.03875977524553205,0.5060146361835548,0.950025191220008,0.49073652406660545,0.15504667999067084,0.5314718595731004,0.18495133173803294,COMPLETE
241,0.7383444338725024,2025-11-16 21:31:18.486215,2025-11-16 22:23:17.788102,0 days 00:51:59.301887,0.9621953307399835,0.03683035374744948,-1.427560573372656,0.07797649489681617,0.32550760210944596,0.21133153677555375,1.1958239183984445,0.04216661707518386,0.5058907990437458,0.9620371731558444,0.5060508127612061,0.1590907800903434,0.5298060822905589,0.18885442082937628,COMPLETE
242,0.708848715509039,2025-11-16 22:23:18.053503,2025-11-16 23:15:37.293106,0 days 00:52:19.239603,1.17949046594251,0.16250803353073337,-1.3532118256988845,-0.018522682254614037,0.2283728536899987,0.15496311142573932,1.2556773035807223,0.027089068478474386,0.47778300144810426,0.946444769751682,0.48543892379276243,0.15010310072941394,0.5106346189098704,0.2101206738158623,COMPLETE
243,0.7426260704091342,2025-11-16 23:15:37.544983,2025-11-17 00:07:42.881492,0 days 00:52:05.336509,1.0439660597196905,0.3218872670860785,-1.579182405801433,0.14539762518420357,0.39056399764637195,0.07463039882062766,1.1000339479411663,0.0631857940583964,0.511940272737936,0.918270173939322,0.5245083049541182,0.11820269518002274,0.5470398030892666,0.16670926978806475,COMPLETE
244,0.7431018078020932,2025-11-17 00:07:43.123250,2025-11-17 00:59:40.981451,0 days 00:51:57.858201,1.0225100543956964,0.32516742608662697,-1.5729452383353142,0.041419033716839714,0.2762339163674672,0.11202820704878719,1.0920534552351395,0.056426142808028976,0.5576048559182473,0.9297319589787096,0.5412417385217942,0.12466802832672738,0.5517639869065626,0.15586866587039666,COMPLETE
245,0.7411988582302569,2025-11-17 00:59:41.236113,2025-11-17 01:51:45.889392,0 days 00:52:04.653279,1.053623042673427,0.31713417893039153,-1.484066487102894,0.04437011137124114,0.20557580116082808,0.23907360766992516,1.0910250869936633,0.010594803886221131,0.5819735970616761,0.9323526212892936,0.5528170631876846,0.11830831887252688,0.547416287691928,0.17151711792411597,COMPLETE
246,0.7188392007611798,2025-11-17 01:51:46.115833,2025-11-17 02:43:50.716892,0 days 00:52:04.601059,1.0201206584868248,0.25258520679605523,-1.477078693852695,-0.03955409052311143,0.2548982589684503,0.27390982763760796,1.1204005011234,0.013025410873506737,0.5736285303693505,0.9335227287308353,0.5441907565721399,0.12308034488952523,0.5548637381374298,0.16409388156225904,COMPLETE
247,0.7069457659372027,2025-11-17 02:43:50.933520,2025-11-17 03:36:14.752839,0 days 00:52:23.819319,1.1187346371371483,0.3217631399599563,-1.5686871373289117,-0.16594708348884646,0.19259907072400212,0.35327554448107606,1.189536251749014,0.06134355373701465,0.592577967303514,0.9575897132986699,0.5228306898956493,0.09280832590400948,0.5579210407074819,0.17204062226472577,COMPLETE
248,0.7392959086584205,2025-11-17 03:36:15.063039,2025-11-17 04:28:18.505245,0 days 00:52:03.442206,1.0940211453102242,0.21680156965578257,-1.5020102683809682,0.050514471043958106,0.17545566422221695,0.1883604137836966,1.2627898650130107,0.03229082763662844,0.5823736341738007,0.9697431833343255,0.5989617563863326,0.12137194308910165,0.5940255640554113,0.1480723341864588,COMPLETE
249,0.725499524262607,2025-11-17 04:28:18.726878,2025-11-17 05:20:19.088046,0 days 00:52:00.361168,1.0101421544958997,0.3307856708334159,-1.3925547309743032,0.049638252515009515,0.30686481689716893,1.4877022507371285,1.3280310055481932,0.0635445760839199,0.5459244395470016,0.923078195494723,0.5511484873249533,0.14251917655522844,0.5452477613550124,0.18718021367873122,COMPLETE
250,0.731208372978116,2025-11-17 05:20:19.330440,2025-11-17 06:12:23.326206,0 days 00:52:03.995766,1.0601592763603225,0.11454175353796588,-1.5828938163425115,-0.049163542146453396,0.2635581671005656,0.08710419294969388,1.1298255683896075,0.02709288451487264,0.5587713923635627,0.9458698018335291,0.5274777886140527,0.10524074121933451,0.534169108076056,0.1586817646560932,COMPLETE
251,0.7345385347288297,2025-11-17 06:12:23.757136,2025-11-17 07:04:25.785056,0 days 00:52:02.027920,1.2202171226473197,0.046185870369127024,-1.4622845620531137,0.13902552063867576,0.4693280558194024,0.2343086502114277,1.0529009464390358,0.011585806372189221,0.607405813556895,0.24092907299214333,0.5403962598797459,0.15449624742402185,0.6433944984791479,0.20255636795797727,COMPLETE
252,0.48239771646051377,2025-11-17 07:04:25.976682,2025-11-17 07:56:25.253983,0 days 00:51:59.277301,0.9207991932007894,-0.03902731526664199,-1.621902012787223,0.09581568415744632,0.3304867554641626,0.1526868760032503,1.0790475389928895,0.1087390438826156,0.5420173486251394,0.9023347497346242,0.5778902173216233,0.06598792918329391,0.48841267335915123,0.17440072109575125,COMPLETE
253,0.7245480494766888,2025-11-17 07:56:25.487799,2025-11-17 08:48:29.217454,0 days 00:52:03.729655,1.2765038383428193,0.33029631282452876,-1.5315368808961307,0.01858298319461351,0.19166608212124508,0.3138201502379262,1.2100174843303209,0.045535239417451155,0.40090226485294556,0.9859979633329559,0.5098693023976819,0.12219019839809901,0.5938936767610618,0.1442379113235842,COMPLETE
254,0.7216936251189343,2025-11-17 08:48:29.463545,2025-11-17 09:40:34.366790,0 days 00:52:04.903245,0.9710741526398641,0.22365640757415484,-1.3766773246105217,-0.08174365315922488,0.3958567048155944,0.09912915564852473,1.0318546331655871,0.08445715789068872,0.5750321058571488,0.9284918443211392,0.4847364324922106,0.07799387461552801,0.6978820202168305,0.11667599247134008,COMPLETE
255,0.7407231208372979,2025-11-17 09:40:34.628921,2025-11-17 10:32:39.605442,0 days 00:52:04.976521,1.152044306159279,0.14827224177422038,-1.4462948397850635,0.14710295209789753,0.14770274410589757,0.20885869160743792,1.1170590759891499,0.044283527462797866,0.6099574417277024,0.9489628134424376,0.5608740101216462,0.15725617830322508,0.5445382044327015,0.13898927052481908,COMPLETE
256,0.7397716460513797,2025-11-17 10:32:39.837895,2025-11-17 11:24:32.766744,0 days 00:51:52.928849,1.0469844031006177,0.2970246344782312,-1.5640185864589269,0.07093560711506987,0.2650932389321636,0.11636823781286776,1.0027909063479774,0.0664939314266851,0.5290217213779187,0.9102494832714262,0.5334057773006393,0.1350117612229187,0.6681947659692347,0.17278823376952604,COMPLETE
257,0.7193149381541389,2025-11-17 11:24:33.013068,2025-11-17 12:16:31.898468,0 days 00:51:58.885400,0.8794888864639151,0.15400907105301564,-1.6493537813637322,0.21254108078174574,0.5866046688434019,1.1390657778435853,1.1328049919714318,0.011088823543559292,0.5012811121397075,0.9995837504438424,0.4951174223942315,0.0961425415812022,0.523144021540636,0.19530889342690405,COMPLETE
258,0.5304471931493815,2025-11-17 12:16:32.144793,2025-11-17 13:08:56.654932,0 days 00:52:24.510139,0.9608570152847884,0.06220276370220307,-1.2585263811134182,0.0034577416687534765,0.4769037598486433,0.408659508018543,0.9029215924098181,0.0959475197852829,0.5862613876527945,0.936057704553889,0.46787107563779434,0.164854644614134,0.5688364957710804,0.15791894780035115,COMPLETE
259,0.6860133206470028,2025-11-17 13:08:56.926015,2025-11-17 14:01:04.379237,0 days 00:52:07.453222,1.2110133047577154,0.24129018129571667,-1.3221689235408902,-0.19033529520900794,0.3175206887669782,1.8481566125152813,1.4563684116948838,0.0358628915981477,0.5445421242254401,0.9645894182698712,0.5252930719947257,0.11960891944543416,0.5514168297931427,0.5920329604957093,COMPLETE
260,0.719790675547098,2025-11-17 14:01:04.573137,2025-11-17 14:53:16.050860,0 days 00:52:11.477723,1.1043928407733978,0.30384868506004614,-1.4752781332483076,0.13726567604403034,0.1953955264636781,0.2628569010451339,1.2205504972094132,0.07263664974155438,0.5606196911494431,0.8928092696549528,0.5133938384169096,0.17601095734863542,0.626405237528728,0.13264103266940458,COMPLETE
261,0.7283539486203615,2025-11-17 14:53:16.335452,2025-11-17 15:45:23.310057,0 days 00:52:06.974605,1.0158410353440255,0.35793068650925774,-1.6194495881692252,-0.11419117229528228,0.06287546820666565,0.18578565916979387,1.0597924601761641,0.05116453408094718,0.5820348507984344,0.9161281651339497,0.5899274517276161,0.4635210755725916,0.4920761048722204,0.22229477064166264,COMPLETE
262,0.7397716460513797,2025-11-17 15:45:23.592326,2025-11-17 16:37:32.472741,0 days 00:52:08.880415,0.8627063050667447,0.19713396351046897,-1.4896688362867108,0.2704485634008681,0.3660658146669704,0.055099500507753,0.9835466319721708,0.02931562960992315,0.521900316381137,0.9695480502358326,0.4548027054257596,0.13238819328757853,0.41504821253709995,0.12253462344667355,COMPLETE
263,0.4262607040913416,2025-11-17 16:37:32.751263,2025-11-17 17:29:39.754471,0 days 00:52:07.003208,1.3825432496006262,-0.06416980708406311,-1.3794750973681418,0.0865572090346639,0.5046091691103749,0.34180851517771405,0.8562977681523503,0.08283927174181717,0.47370486630041897,0.9443715644760637,0.43223097639799835,0.7744672896557236,0.5216847497242731,0.15108062290755916,COMPLETE
264,0.4857278782112274,2025-11-17 17:29:40.078267,2025-11-17 18:21:18.577426,0 days 00:51:38.499159,1.1374776220860512,0.08644393966128125,-1.8255345956679663,0.1685133485341543,0.4247074479905968,0.15770390698962106,1.0949318907118952,0.1187628262857275,0.6100852368731202,0.9069685080892169,0.491366187208166,0.10627663346128549,0.4406129552300111,0.17353576631479276,COMPLETE
265,0.7283539486203615,2025-11-17 18:21:18.856359,2025-11-17 19:12:56.146607,0 days 00:51:37.290248,1.284038529744229,0.36615889459873074,-1.6812564637219047,-0.016665518176665672,0.2617901887779992,0.2575914858296239,0.9536763484945526,0.061424369377721166,0.37211723811204206,0.9276307494822997,0.45110351808595495,0.0531066768076963,0.5829680030192433,0.10090061778581094,COMPLETE
266,0.41817316841103713,2025-11-17 19:12:56.647236,2025-11-17 20:04:23.842326,0 days 00:51:27.195090,0.951925294376736,0.2301417862430173,-1.538797156722946,0.33140141352500196,0.12870720306490602,0.07388532264221555,1.2914057078926922,0.9203075717747624,0.5626938595521129,0.8814299053292026,0.4274969641200292,0.1503610846672912,0.5340973128695518,0.6594160464065033,COMPLETE
267,0.7274024738344433,2025-11-17 20:04:24.077623,2025-11-17 20:56:04.676038,0 days 00:51:40.598415,1.057997418145914,0.1296307693128816,-1.988362299708697,0.06796521997876534,0.3198672117067714,0.4675578265210244,1.179784913662584,0.028241411589317103,0.5495268876025079,0.9834630120080354,0.4676946372876656,0.10062795170339857,0.4802546486787713,0.1856609637642811,COMPLETE
268,0.7397716460513797,2025-11-17 20:56:04.882041,2025-11-17 21:47:34.207441,0 days 00:51:29.325400,1.180622585354019,0.025348820180263437,-1.2056674176446298,0.22082987862074888,-0.09797145321812838,0.14991269358742554,0.8024540332489365,0.04771903535319965,0.49493562222052606,0.9563426430501237,0.5083597449606068,0.0711797225907582,0.5077424579265877,0.13258104108714322,COMPLETE
269,0.4719314938154139,2025-11-17 21:47:34.412252,2025-11-17 22:39:12.347407,0 days 00:51:37.935155,0.9198844019728611,0.2699845471803107,-1.4296767156515349,0.15496187557411456,0.2030225219268708,0.2694509194243189,1.026472225062095,0.09927579937467251,0.5938134056319218,0.9260902880902601,0.5566088090921898,0.1796610271536521,0.46756397939098987,0.2107970412146738,COMPLETE
270,0.7264509990485252,2025-11-17 22:39:12.563268,2025-11-17 23:30:42.579856,0 days 00:51:30.016588,1.0309001402616,0.3777226953182059,-1.5791542501501714,-0.07193322419858614,0.6033350854776494,0.04188928173465023,0.8984701769998529,0.06544433824464391,0.6353542453480779,0.897297178836777,0.48780552913685205,0.12951883673466716,0.5698916409079869,0.10506955456200948,COMPLETE
271,0.7392959086584205,2025-11-17 23:30:42.821188,2025-11-18 00:22:33.357310,0 days 00:51:50.536122,1.1099271851304158,0.15910809285935265,-1.736029195333844,0.017140093546384377,0.4128917710795033,0.19213688685955932,1.1061295916542653,0.011534425542208567,0.4157740452831192,0.9465061550891084,0.43266976317271894,0.1444015947302768,0.6107856854527252,0.15366735699663134,COMPLETE
272,0.7293054234062797,2025-11-18 00:22:33.626611,2025-11-18 01:14:50.747344,0 days 00:52:17.120733,1.2198293604712207,0.2888178468688278,-1.6553257770726664,0.2385350564390415,0.5292632961758437,0.37864217473198136,0.9866254470413504,0.04443633348113936,0.5229319940093843,0.9750187225173225,0.4529781102031549,0.08549488176931709,0.551878459465765,0.1222460045831185,COMPLETE
273,0.7454804947668887,2025-11-18 01:14:51.110475,2025-11-18 02:08:12.486050,0 days 00:53:21.375575,0.8521836561832744,-0.020830894250143825,-1.3087951412318133,0.09177117216689266,0.0675407052008836,0.10580822478076778,0.9176929828207018,0.08211917771006319,0.5718693389379507,0.9170825802000743,0.4167172854000468,0.11203682061687334,0.6497694543779039,0.1702965770726373,COMPLETE
274,0.7431018078020932,2025-11-18 02:08:12.875958,2025-11-18 03:02:05.001760,0 days 00:53:52.125802,0.8219566759388062,-0.06047155236737163,-1.2889395190238881,0.11033489060440411,0.031435951092905895,0.09042849358978379,0.8223509012606935,0.08407866241557618,0.5626924012889059,0.8819687602418372,0.41915322816317174,0.1966179028096135,0.6629630137525584,0.1936053967812575,COMPLETE
275,0.4752616555661275,2025-11-18 03:02:05.225125,2025-11-18 03:55:50.427520,0 days 00:53:45.202395,0.8209945867186624,-0.08520424901429277,-1.2722908998858156,0.33508969641228104,0.009784890867056455,0.012333581076402488,0.8236073695757598,0.12094162008499382,0.5687717298729664,0.8737608432957873,0.41216839662619204,0.21024050176336867,0.656260581645324,0.19226215468145896,COMPLETE
276,0.7350142721217888,2025-11-18 03:55:50.642209,2025-11-18 04:49:27.310005,0 days 00:53:36.667796,0.8312892411654051,-0.00677488946115351,-1.2887366718902584,0.15434506509329424,-0.20363448048401586,0.08254030998875003,0.9226384621432121,0.09261842297400916,0.6010841831521735,0.49729812342737834,0.41941401844599757,0.18870697115816118,0.670657809171426,0.23962899248943054,COMPLETE
277,0.7402473834443387,2025-11-18 04:49:27.565151,2025-11-18 05:42:53.675715,0 days 00:53:26.110564,0.8807414236708558,-0.20626089793997637,-1.2258732102543597,0.2584892384148492,0.06467526773424931,0.12591369849947381,0.7773765798411445,0.08332399190272383,0.556040709835166,0.8896309894337328,0.47159467357086526,0.16153034372704625,0.6891485884213068,0.20829761572522598,COMPLETE
278,0.4738344433872502,2025-11-18 05:42:54.013312,2025-11-18 06:36:26.760207,0 days 00:53:32.746895,0.9368561259870578,-0.19175755399261424,-1.089943201299413,0.15398621860856895,-0.03981536109861969,0.030141963692731383,1.007008347389616,0.10460048119435335,0.5759633623617996,0.015817613966866373,0.4077776863027131,0.21372235555633357,0.6367647815326454,0.15303602456099716,COMPLETE
279,0.7411988582302569,2025-11-18 06:36:27.025877,2025-11-18 07:29:59.201184,0 days 00:53:32.175307,0.8334832562062847,0.08959115286887989,-1.3617593726476167,0.13547508798993216,0.07166215379109941,0.09244905846393386,0.9316603748184439,0.0753506050262542,0.43509610753297356,0.9071893780664853,0.4393318727953514,0.19132941327657396,0.6469493572722743,0.18150719484840108,COMPLETE
280,0.5813510941960038,2025-11-18 07:29:59.530349,2025-11-18 08:23:36.787738,0 days 00:53:37.257389,1.8016957500259898,-0.09242803492913873,-1.1444637998679856,0.23485261746089703,-0.13357214814941654,0.15475201363925584,0.8786173283867353,0.1267900276351686,0.6198807203130059,0.8799683400371909,0.3952233055429619,0.1816969313166131,0.663725296882067,0.22766865095013905,COMPLETE
281,0.7136060894386299,2025-11-18 08:23:37.137790,2025-11-18 09:17:20.652708,0 days 00:53:43.514918,0.9304974704792774,-0.034474587529810544,-1.9056786103598988,0.3149139849595077,0.13468674291663651,0.037161081391693565,-1.693924350416286,0.08616606197741296,0.5412487376072559,0.9162737654957894,0.45507973593884266,0.16823409259828143,0.7146426625889724,0.16407912177627226,COMPLETE
282,0.7397716460513797,2025-11-18 09:17:20.943488,2025-11-18 10:10:46.885619,0 days 00:53:25.942131,0.988155952792934,-0.29726553281890555,-1.324995059695758,0.09524921647527818,-0.018045398481163946,0.12286878769058643,1.0245115722280957,0.06305089009498724,0.5545104123000754,0.8664223013628117,0.4873781622048615,0.552336191046458,0.6427253130389669,0.13756766292922623,COMPLETE
283,0.7383444338725024,2025-11-18 10:10:47.237159,2025-11-18 11:04:12.048447,0 days 00:53:24.811288,0.8642361832151441,-0.14899095288909942,-1.800235042731579,-0.022469871011687084,0.07153778994830676,0.0034610490451952025,1.177454125080395,0.05766859508054445,0.46085131661845175,0.9052376547699257,0.42017554104486404,0.21998084121183498,0.7409889292896313,0.19469871303432168,COMPLETE
284,0.42721217887725976,2025-11-18 11:04:12.321650,2025-11-18 11:57:36.694371,0 days 00:53:24.372721,1.0044916992603594,0.11781257051872371,-1.169865889099731,0.18484835512082506,-0.32453565319456096,0.3186806220194688,0.8372349750254295,0.9686202202755627,0.5867384536883257,0.9988682892835559,0.5156270896575164,0.14814809166585932,0.623629176341567,0.14795407570828378,COMPLETE
285,0.6974310180780209,2025-11-18 11:57:37.044486,2025-11-18 12:50:59.744056,0 days 00:53:22.699570,0.48044999661178706,0.014288561892827928,-1.8626370990423189,0.09192205646021834,0.2856813963243514,0.22424764595631153,0.9523883314517791,0.10490053161335999,0.5101418632693178,0.9653882168201475,0.46492034395159787,0.2569700709900509,0.6869790877117202,0.7994710988540324,COMPLETE
286,0.7297811607992388,2025-11-18 12:51:00.045269,2025-11-18 13:44:25.502869,0 days 00:53:25.457600,0.3170093458380897,0.026182705483982216,-1.7190562206300029,-0.08435142480081027,0.1483808922018253,0.07570875097540439,0.7531440696944637,0.07904665991812578,0.5703454022843849,0.9235243807380599,0.39404804412891065,0.6197123026476365,0.4982560946559322,0.11972302649600317,COMPLETE
287,0.505708848715509,2025-11-18 13:44:26.268014,2025-11-18 14:38:02.801814,0 days 00:53:36.533800,1.4244364647288241,0.9737400286422135,-1.3821059575948218,0.3715591719706046,0.34585529292217976,-0.023851425408742896,1.3359647808772186,0.39189801407653996,0.610078147089686,0.8920815235709063,0.35495462415971063,0.19553199610777466,0.45390848274030915,0.17146784529030107,COMPLETE
288,0.7350142721217888,2025-11-18 14:38:03.093882,2025-11-18 15:31:41.624276,0 days 00:53:38.530394,0.7762107355428526,-1.6734400484523175,-1.5916827020710735,0.024268473674954646,0.2454601207770249,0.14076078204490078,1.0438887880886814,0.05203678985619032,0.38864311832649173,0.8452919783967799,0.44433102583854417,0.1361461623727964,0.6001594286313064,0.21425455585265338,COMPLETE
289,0.7397716460513797,2025-11-18 15:31:42.443632,2025-11-18 16:25:14.872244,0 days 00:53:32.428612,0.9321278969239206,0.18435462169691713,-1.2297781188550427,0.24536354445870934,0.018388488535414187,-0.12044997746245661,1.1519548736445884,0.07208915696451122,0.5380582978007692,0.9385693817843044,0.49759659108719,0.16880454536935716,0.38276759844443303,0.14233300506499066,COMPLETE
290,0.5252140818268316,2025-11-18 16:25:15.434512,2025-11-18 17:19:50.261493,0 days 00:54:34.826981,1.0749092500246507,-0.11886045090370484,-1.760040893476516,0.11473089130970757,-0.08854794627649673,0.27463171326315117,0.9732878726435273,0.10693328780617324,0.5617879733987117,0.9569384072261998,0.4219949515365472,0.11217714558494957,0.6746533247370701,0.19247465736214192,COMPLETE
291,0.7293054234062797,2025-11-18 17:19:50.930897,2025-11-18 18:13:38.484951,0 days 00:53:47.554054,1.3146462072440652,0.057281537437627976,-1.3279859784980013,0.18902417900573906,0.6886092170584486,0.1836443472520267,1.2346596114275803,0.045838500067496166,0.5963615839094711,0.42915561429950255,0.48113121867661796,0.205572283108397,0.47770658963556273,0.052146357935868304,COMPLETE
292,0.7169362511893435,2025-11-18 18:13:38.728105,2025-11-18 19:07:05.160001,0 days 00:53:26.431896,0.9890632664156926,-0.04729316566186975,-1.642892886771009,-0.007620532260829649,0.44631587953847895,0.7740999169886698,1.069986029101946,0.0838396877271877,0.6441899741394316,0.9149279207027261,0.36269463302634464,0.23040587827319767,0.5156715844561541,0.10357316416219736,COMPLETE
293,0.49191246431969554,2025-11-18 19:07:05.436890,2025-11-18 20:00:24.585865,0 days 00:53:19.148975,0.7045832143596372,0.19883512566200867,-1.533590373996033,-0.15681986863894132,0.12218998447328305,0.0849300882620424,0.8690312331787915,0.30700511196848945,0.5371147812876365,0.9752728910613948,0.3967472036880448,0.25707478355950936,0.6250753418004396,0.02801537168281713,COMPLETE
294,0.4995242626070409,2025-11-18 20:00:24.812080,2025-11-18 20:53:51.284253,0 days 00:53:26.472173,1.192839855346347,0.10099368894969075,-1.3961718075308198,0.32038507762236673,0.3631331787473065,-0.0035759121003541283,0.7808411967300882,0.5010170800307867,0.5803338908341168,0.9352652359849885,0.534292910288624,0.15629526318579853,0.4942243602031193,0.1623524182018145,COMPLETE
295,0.7126546146527117,2025-11-18 20:53:51.933341,2025-11-18 21:47:32.412376,0 days 00:53:40.479035,0.8730712689662452,0.5283033425942869,-1.9008217072883087,0.12350737536220416,0.2546343775896649,0.3393903817029391,0.6616149824905313,0.06376237798880505,0.49341523568482026,0.8961586569942636,0.4464198671468884,0.9323360860395589,0.6515942379394161,0.12626997402307666,COMPLETE
296,0.450523311132255,2025-11-18 21:47:32.949991,2025-11-18 22:41:10.574329,0 days 00:53:37.624338,1.1028746671916032,0.3723232952431512,-1.666764639575423,0.03951396099314396,0.534834016929489,0.19710472535163834,0.9386854578300895,0.13387638603103658,0.5565073344955096,0.9484603211729116,0.467932692369194,0.1205837452351631,0.963921705073996,0.18046253158749584,COMPLETE
297,0.7392959086584205,2025-11-18 22:41:10.877619,2025-11-18 23:34:58.695918,0 days 00:53:47.818299,0.9525072616287454,0.22078335799312798,-1.81121832176424,0.21288265332626316,0.17757969682265895,0.1122482992020337,1.0990604593483535,0.03829316196539697,0.41077320759887,0.8718848549661515,0.37750374999132413,0.21731150740046937,0.7014065336948857,0.15232702327872255,COMPLETE
298,0.7045670789724072,2025-11-18 23:34:59.008189,2025-11-19 00:28:54.391427,0 days 00:53:55.383238,1.0398984383864858,1.0632531080763323,-1.2769369057476743,0.27370471290340165,-0.16342846538118344,0.41177862593835357,1.024222407415679,0.0297989349567815,0.6191808613246781,0.9193713875691967,0.423158320428906,0.28130870301701805,0.590683075632443,0.12841355247900416,COMPLETE
299,0.7297811607992388,2025-11-19 00:28:54.869934,2025-11-19 01:22:40.150954,0 days 00:53:45.281020,0.8105334291310746,0.13757835839737986,-1.5411087078535404,-0.04575640427234278,0.3119299066909583,0.2609266977252557,0.8803558671289332,0.0918853009766464,0.5119357157745719,0.9755657592499529,0.509168927693017,0.24501420930870402,0.5210536054827704,0.16658793365001984,COMPLETE
300,0.7321598477640342,2025-11-19 08:17:07.107890,2025-11-19 09:09:31.565626,0 days 00:52:24.457736,1.2626221803028566,0.03259331054201109,-1.1402803337581415,0.08781565357501556,0.4887817270234677,-0.8711500517782095,1.1638389895182137,0.05916600875969956,0.5903692399234737,0.9582899420541422,0.4415945930869435,0.13688995488335026,0.5279498216818879,0.09498254534970185,COMPLETE
301,0.5670789724072313,2025-11-19 09:09:31.825022,2025-11-19 10:01:46.055978,0 days 00:52:14.230956,1.1567468491172344,0.2413159458610529,0.5240977221543279,0.16801937161929315,0.37672658763653627,-0.1005230526862772,0.9687347071077033,0.6447795307884904,0.5346950105554267,0.9037778327478833,0.40715071263209335,0.17860741468714356,0.46905149977666294,0.2089154375892011,COMPLETE
302,0.7283539486203615,2025-11-19 10:01:46.306408,2025-11-19 10:53:38.869177,0 days 00:51:52.562769,0.9074213752840905,0.37875460704730285,-1.4309857996465098,0.3870937896800533,0.004399852218301095,-0.005654510103593621,1.0576716595444187,0.04526631439728028,0.462469126730321,0.3117740209387161,0.49345988183471406,0.103939688647777,0.49985052791640844,0.13848272368734782,COMPLETE
303,0.725499524262607,2025-11-19 10:53:39.098044,2025-11-19 11:45:40.640433,0 days 00:52:01.542389,0.9955957073922004,-0.036326443706248046,-1.7211911700725007,0.022248462169433623,0.20087964249493112,0.5209011890876187,0.8044652427189062,0.02897598613095111,0.5648638338028411,0.9295011890288055,0.47315147172586586,0.5131255396079952,0.5730748559930304,0.18539751852082814,COMPLETE
304,0.6931493815413892,2025-11-19 11:45:40.878801,2025-11-19 12:37:35.308948,0 days 00:51:54.430147,0.3416400972579788,0.8211372681194773,-1.576622490029699,-0.10435692642856975,0.6063468438879723,0.15011978768158757,1.2454289779242247,0.07113514052742606,0.4396591737918964,0.9988108514962123,0.38649694217057506,0.2009719590313993,0.6198039551523387,0.23085503347651845,COMPLETE
305,0.6360608943862988,2025-11-19 12:37:35.626752,2025-11-19 13:29:25.351550,0 days 00:51:49.724798,1.926076844983573,0.581067736933367,-1.3347399661023416,0.23203249138389215,0.08991663600902924,0.06242991747155338,0.9155374413015215,0.10476987089322708,0.604435505175066,0.8839362555977718,0.5250519627252015,0.08132535265849147,0.3373027984951147,0.10999727652801922,COMPLETE
306,0.7183634633682208,2025-11-19 13:29:25.571209,2025-11-19 14:21:24.399057,0 days 00:51:58.827848,1.1197368446008067,0.1198836695006047,-1.4812259400443535,-0.2258453280328119,0.4410222655153596,1.0452148912636776,1.1293144126820083,0.05674180773288913,0.5490006155134244,0.9454942662135086,0.456605586182692,0.15014980971385472,0.4420105900887415,0.1580397037538764,COMPLETE
307,0.48810656517602286,2025-11-19 14:21:24.608354,2025-11-19 15:13:23.761037,0 days 00:51:59.152683,0.7329008516555109,0.15904260334044173,-1.2194796978399562,0.11170169053681363,0.2858504118093514,0.21615915160056848,1.007581846434342,0.8060904508681696,0.5754045287493096,0.9156902249428464,0.4178243005895734,0.9693477211986514,0.8606498099839189,0.06749545976363078,COMPLETE
308,0.4804947668886774,2025-11-19 15:13:24.043001,2025-11-19 16:05:22.271552,0 days 00:51:58.228551,1.0585278512633765,0.4051746199868943,-1.6400416240739968,0.16559701993811238,-0.0774502709132163,0.30813594623904744,0.7178450117267471,0.08273442707059382,0.5125899169115881,0.9798296710168404,0.34280929475588234,0.12007678137038491,0.6681892254821996,0.049797401490270135,COMPLETE
309,0.7069457659372027,2025-11-19 16:05:22.475907,2025-11-19 16:57:19.831755,0 days 00:51:57.355848,0.8241523475195189,0.2546715119714388,-1.999639432464403,0.28173977784840387,0.3529856962854555,0.13819762822682585,1.397858335899312,0.02668699438497034,0.4833375556546407,0.9542087185200853,0.43944837192072306,0.2288495539777586,0.5169745294984192,0.2000341261298371,COMPLETE
310,0.7040913415794482,2025-11-19 16:57:20.067217,2025-11-19 17:49:18.002824,0 days 00:51:57.935607,0.45109075467838744,-1.2700026055954015,-1.8285707283276893,0.061891782059200706,0.20535892235305703,0.01061301313778304,0.8362294086494024,0.04755052525779767,0.9090931795781669,0.8602050475602899,0.36619917977540445,0.41541850957990467,0.5363070731720673,0.543592083748337,COMPLETE
311,0.5023786869647955,2025-11-19 17:49:18.261412,2025-11-19 18:41:17.569762,0 days 00:51:59.308350,1.2251688131986633,0.07085284267056755,-1.4240983838414405,-0.03251466930452983,0.48035282652662287,1.5781202920951545,1.0682607992591733,0.11763438660581876,0.632421980637011,0.9308301735851177,0.4948400197688612,0.1740438146640304,0.6386643522828206,0.11687743205613928,COMPLETE
312,0.7397716460513797,2025-11-19 18:41:17.845211,2025-11-19 19:33:44.200763,0 days 00:52:26.355552,0.5918582265516931,0.5223139494266457,-1.7525082257964721,0.1821342359509419,0.2899632363080797,0.21372188253034563,0.9625514566366135,0.07190552663127453,0.5300992213461131,0.8968205286792981,0.4072239190270863,0.25114342720436755,0.4992906777536639,0.14087289176006487,COMPLETE
313,0.7378686964795433,2025-11-19 19:33:44.471235,2025-11-19 20:25:46.049663,0 days 00:52:01.578428,1.339210649985878,0.20932310533858217,-1.5312704414562834,0.08123805188373873,-1.9294679134234154,0.07662638128656596,1.2090646705115702,0.025468590082034278,0.5807585999834455,0.9642849534691288,0.47637594668692146,0.132450975501601,0.5633913600592025,0.17417275162862988,COMPLETE
314,0.7045670789724072,2025-11-19 20:25:46.340656,2025-11-19 21:17:40.439970,0 days 00:51:54.099314,0.9209650337641864,0.8979453056340303,-1.3137486733011385,0.3095785591995659,0.12260175544078597,1.2008651221690845,0.9200333631484131,0.09067901262597874,0.5567955956783843,0.9121813343656908,0.43094352037501554,0.45093879408427023,0.5879236416819695,0.011471452807516658,COMPLETE
315,0.7378686964795433,2025-11-19 21:17:40.698618,2025-11-19 22:09:34.202026,0 days 00:51:53.503408,1.5183883533554052,-0.1202549187081607,-1.6749622204471013,0.017168997697074237,0.4104503600233995,-0.06741734067138687,1.1394513954015006,0.04386162383403048,0.5934025350914843,0.938285250649857,0.45672290252710146,0.0954085300793985,0.46199692748211807,0.08806001396243313,COMPLETE
316,0.7426260704091342,2025-11-19 22:09:34.480650,2025-11-19 23:01:29.774192,0 days 00:51:55.293542,1.0080713034050195,0.3324468750695282,-1.397394398417412,0.2192726977969909,0.2286924375272411,0.2972156081434897,1.0296614429619986,0.06091050269180262,0.5458659173039723,0.8773693124662716,0.5150367193794191,0.053764803484817277,0.48479894672656415,0.15471500222070705,COMPLETE
317,0.7226450999048525,2025-11-19 23:01:29.989109,2025-11-19 23:53:26.849933,0 days 00:51:56.860824,0.2493725108945421,0.4339498741009535,-1.3759750708557077,0.4527982160970053,0.029843681331649843,0.39316326533793633,1.0458179292989043,0.024699721343260025,0.5234975372570214,0.8433603225728955,0.5365035975393311,0.040200413509971666,0.6105128586503941,0.1823292409615283,COMPLETE
318,0.7231208372978116,2025-11-19 23:53:27.070703,2025-11-20 00:45:29.055985,0 days 00:52:01.985282,1.0117454784302238,-0.018725145024010473,-1.2806545164275485,0.11512604295223602,0.16524535328739426,0.5843361519304981,1.3060780722746077,0.05227046320021811,0.5475351587619166,0.8768883646915675,0.5126446614730226,0.05492607074288561,0.5334670335707701,0.12337963239644908,COMPLETE
319,0.7150333016175071,2025-11-20 00:45:29.287982,2025-11-20 01:37:22.128053,0 days 00:51:52.840071,-1.2438507707015483,0.06001388710077203,-1.0677752548101296,0.2437657930730805,0.5664098323297447,0.3125663174276282,0.8432312109885843,0.012270394863103514,0.5351055794274181,0.8156362467640923,0.5251595736730365,0.07667945769638268,0.5092857207351481,0.03224275551628725,COMPLETE
320,0.3653663177925785,2025-11-20 01:37:22.349745,2025-11-20 02:29:12.313809,0 days 00:51:49.964064,0.881850261209352,-0.25358959690507277,-1.2286643226862537,-0.10534596289163539,0.34611134678848837,0.4474575465679452,1.1162213923544513,0.09575512770333156,0.5062869592731801,0.862326199959699,0.5500478060835927,0.05647929190446354,0.6826759281524503,0.20105086314902265,COMPLETE
321,0.6574690770694577,2025-11-20 02:29:12.562120,2025-11-20 03:21:03.821629,0 days 00:51:51.259509,1.136713051994204,1.8377748773914648,1.0065641098875384,0.3733471706540702,-0.06774290482617033,0.27577494982008344,1.6506336575498821,0.061866108680322156,0.6705219755381573,0.8893991018736336,0.9465569749769693,0.3044387466951521,0.5592774446221906,0.15932746230341407,COMPLETE
322,0.7407231208372979,2025-11-20 03:21:04.024437,2025-11-20 04:12:59.354680,0 days 00:51:55.330243,0.6712380418289534,0.5954734562148228,-1.4440822902402743,0.027681797920164092,0.06726902640304211,0.20332910904061463,1.0033292795783886,0.039401832547452276,0.48993064844472267,0.9840608177012405,0.3734041376504718,0.26197843292457673,0.48824069640605067,0.10153504756201492,COMPLETE
323,0.7145575642245481,2025-11-20 04:12:59.630895,2025-11-20 05:04:53.113650,0 days 00:51:53.482755,0.9406350527112709,0.31778608555098825,-1.9194536390119303,-1.885504831380546,0.25346873726683566,0.327958464058098,1.1977189825954655,0.07232038711649932,0.36609601712321593,0.9033268321770042,0.5012853443150231,0.2078244048710475,0.6545586950348867,0.14352552158546641,COMPLETE
324,0.7421503330161751,2025-11-20 05:04:53.434295,2025-11-20 05:56:41.261688,0 days 00:51:47.827393,1.0790511317772826,0.16012819420708635,-1.1671430790364865,0.14422979108416634,0.4657186955580348,0.15031564180548468,0.7646021913983152,0.010501206323561448,0.40460076974644876,0.946341685262192,0.11837013355797327,0.22587708137381435,0.5284296412932094,0.21865692317219,COMPLETE
325,0.7321598477640342,2025-11-20 05:56:41.525662,2025-11-20 06:48:27.393993,0 days 00:51:45.868331,0.5124874575765846,0.15175556025582354,-1.1602422606220528,-1.0629843043705727,0.46880456179275687,0.14787602826523003,0.7887930662181356,0.013250732204009547,0.3948755242692382,0.9576882483070958,0.5570523728584035,0.22310449104039473,0.5339358617726231,0.23699260902207414,COMPLETE
326,0.7207421503330161,2025-11-20 06:48:27.604590,2025-11-20 07:40:18.334590,0 days 00:51:50.730000,1.1708595469649192,0.21408104118639848,-0.9786930962060588,0.2263272866724737,0.6447688260538642,0.23520493098006987,0.6201431428821964,0.010290879233906126,0.5615621987137134,0.1700164139465566,0.5160987018618453,0.48862288186715364,0.7711355836139143,0.20759685251177376,COMPLETE
327,0.7183634633682208,2025-11-20 07:40:18.525417,2025-11-20 08:32:11.983966,0 days 00:51:53.458549,1.2742185424318377,0.051602256663814405,-1.13447344342766,0.14423348449499013,0.5247851556810634,-0.1739039677338558,0.706462140170051,0.029729084171477967,0.328979588479703,0.9735162706593364,0.060670670573704455,0.1871184738948128,0.5142421902489578,0.23669527087499567,COMPLETE
328,0.7392959086584205,2025-11-20 08:32:12.202439,2025-11-20 09:24:06.402061,0 days 00:51:54.199622,1.0759202565971917,0.1407740626565801,-1.332633902524021,0.3013736818208474,0.40062298127717444,0.055962856306468696,0.9028108461143197,0.04175987679043751,0.3811493485432291,0.9395040894549944,0.1791092523307255,0.10935879480675816,0.5513842814585411,0.183467874630397,COMPLETE
329,0.7383444338725024,2025-11-20 09:24:06.743982,2025-11-20 10:15:57.473445,0 days 00:51:50.729463,1.199085225787007,-0.07814107671400425,-1.2278767706064833,0.16861534539273287,0.33735874938240856,-0.038485476370808944,0.7471800513442112,0.010644776248929125,0.5427590000957764,0.9538676327405065,0.7126992509473269,0.07198694278187248,0.49184885987139565,0.21054685360836017,COMPLETE
330,0.7216936251189343,2025-11-20 10:15:57.685804,2025-11-20 11:07:47.824206,0 days 00:51:50.138402,1.0142688678989682,0.262590236625687,-1.3946724478073693,0.09625228755955571,0.4484368670838903,0.37598778795021337,0.9007975533718284,0.03576500645901386,0.618107534671571,0.9867960592815503,0.12375433078270842,0.1988230901833668,0.5215802762786421,0.16444804584831987,COMPLETE
331,0.5090390104662227,2025-11-20 11:07:48.014476,2025-11-20 11:59:37.949080,0 days 00:51:49.934604,1.0874418198269802,0.09097609283365404,-1.069624988335428,0.23962458901009565,0.5514628558374823,0.13957068706891448,0.8181785648532383,0.13317964503631852,0.5144733856288136,0.8852409453747272,0.4868646283562758,0.2329046186943642,0.5521687430431979,0.2211347422080501,COMPLETE
332,0.7397716460513797,2025-11-20 11:59:38.190196,2025-11-20 12:51:37.993059,0 days 00:51:59.802863,0.39702830560160773,0.17143311896653302,0.20720999978116694,-0.023535954368636522,0.2853514252498886,0.26690608737924393,1.0855817625559512,0.049586595563916494,0.5661705605308914,0.841729526978341,0.540643229853677,0.030720936956685888,0.4732356161795566,0.18525215084201888,COMPLETE
333,0.7221693625118935,2025-11-20 12:51:38.201806,2025-11-20 13:43:29.607849,0 days 00:51:51.406043,1.4222380114736066,0.7804519944184376,-0.8831060554651116,0.3301676190187381,0.7459736091085487,0.03410662372863826,0.9763814176045678,0.02991894886226861,0.6035720045326862,0.9997330092252564,0.5734428040680365,0.09162722269010723,0.5801940255834594,0.16541448370671835,COMPLETE
334,0.741674595623216,2025-11-20 13:43:29.824087,2025-11-20 14:35:17.256321,0 days 00:51:47.432234,0.8279786826399537,-0.012724855386666782,-1.4789633827905355,0.14578901187770565,0.3857869288076054,0.1933750849164848,0.8591790873790097,0.0842038113998457,0.5265454734465268,0.9186748788870992,0.04207845619866529,0.16685919516286546,0.5071136514329527,0.1349401153782147,COMPLETE
335,0.7331113225499524,2025-11-20 14:35:17.470815,2025-11-20 15:27:02.942909,0 days 00:51:45.472094,1.135715825263572,0.34272124064173465,-1.2749012814138267,0.08187394206287642,0.20006275385079125,0.08440128321762862,1.1499470333706847,0.05771894848070258,0.5805669643823039,0.11900465658130605,0.395493681271052,0.8856820300493877,0.41313322853829004,0.1955815521947275,COMPLETE
336,0.49191246431969554,2025-11-20 15:27:03.142600,2025-11-20 16:18:56.171609,0 days 00:51:53.029009,0.9960570597867173,0.27558163308378014,-1.1930712343126468,0.22058038119982865,0.49205538883281835,0.281601692388201,1.2429501065566118,0.1065613956307033,0.5526622717968587,0.9652865354048765,0.20279533005526607,0.2746264884653484,0.5284148588641552,0.22396352907359465,COMPLETE
337,0.7212178877259753,2025-11-20 16:18:56.404638,2025-11-20 17:10:51.913018,0 days 00:51:55.508380,0.7743444120310812,0.19392665433924342,-1.3879240090546574,-1.3612365667774464,0.33461532332677496,-0.07738013176399833,1.0672929061276504,0.031339411997765264,0.5705700993882158,0.9384217253353185,0.5055613747571186,0.7660833956041324,0.4865246286571293,0.06310658932949323,COMPLETE
338,0.703615604186489,2025-11-20 17:10:52.123424,2025-11-20 18:02:40.237193,0 days 00:51:48.113769,1.2454101080381326,0.05272354552797276,1.4428548205327278,0.4114794272949604,-0.6009275398862355,0.14564276963606088,0.9372969692468919,0.05446551816525803,0.5447823256111589,0.9033738019449453,0.10428121775702642,0.12686197020949236,0.4546357620649948,0.2734594483586843,COMPLETE
339,0.7212178877259753,2025-11-20 18:02:40.577022,2025-11-20 18:54:27.296488,0 days 00:51:46.719466,1.0584552490664019,0.37795030349108477,-1.5071656326672338,0.2812780558081144,0.13192433595484293,0.3740889356604209,0.7950424109217158,0.010559885913784373,0.601602362901301,0.8700037714913177,0.16005121327891003,0.2167341110436476,0.542050295873385,0.1501580298868869,COMPLETE
340,0.7188392007611798,2025-11-20 18:54:27.525366,2025-11-20 19:46:20.950049,0 days 00:51:53.424683,0.9457690064194939,-0.16561401572929946,-1.3074015467437752,0.13977343480973872,0.24950158487418952,1.6917659696589,1.0144014467433111,0.07718937560190903,0.4191935580273224,0.9431333588183491,0.07742626629358453,0.14539078172225622,0.5705493394908335,0.17994737591865148,COMPLETE
341,0.731208372978116,2025-11-20 19:46:21.208589,2025-11-20 20:38:10.975236,0 days 00:51:49.766647,0.3083161038501254,0.26174849134280165,-1.5801980758496348,-0.034987936977026984,0.4209390542437299,-0.015601549704792425,0.702155143586431,0.035803843861719725,0.5011995577849493,0.9230890703505945,0.4805457268585238,0.106753092537029,0.50584941736077,0.12258847048862886,COMPLETE
342,0.5228353948620361,2025-11-20 20:38:11.287034,2025-11-20 21:30:00.622568,0 days 00:51:49.335534,-1.0111350105149275,-0.9009741043126733,-1.4388829193870403,0.06928299263929814,0.5871490797943804,0.47901878974918155,1.4883268664743539,0.059152510443257304,0.6398396368846123,0.9646116713351923,0.5285915259131455,0.18301887184163557,0.6023335584245204,0.04022647421651212,COMPLETE
343,0.45004757373929594,2025-11-20 21:30:00.868160,2025-11-20 22:22:02.350892,0 days 00:52:01.482732,1.3188928073028137,0.12940913359541772,-1.1582030206043479,0.19060122380281197,0.30016050771495234,0.9593984915965784,0.8952638082634463,0.11881468728000474,0.3586007199200863,0.8951054006447963,0.4360842711733073,0.23450408765249603,0.5326609358018644,0.16676213158902722,COMPLETE
344,0.730732635585157,2025-11-20 22:22:02.629847,2025-11-20 23:13:53.108511,0 days 00:51:50.478664,0.4874483082193485,-0.01063273884276194,-1.6200259152082916,-0.13557703764686468,0.1671283458254964,0.20445625848990287,0.9877434705154453,0.09676979122877755,0.5249199663408463,0.9196064372932339,0.6165299475324755,0.20176312145406297,0.5581859005748195,0.14014574172562863,COMPLETE
345,0.7216936251189343,2025-11-20 23:13:53.363649,2025-11-21 00:05:51.421865,0 days 00:51:58.058216,1.1455930672569996,0.6606455190279624,-1.325115499184947,0.05019742444451189,0.6601773150916417,0.06012750076680331,1.1276348492738677,0.04454522381920747,0.5675773695960589,0.791578368087337,0.22629792638188867,0.16550648792873512,0.4788444632532672,0.25424699115072336,COMPLETE
346,0.7431018078020932,2025-11-21 00:05:51.685355,2025-11-21 00:57:41.268447,0 days 00:51:49.583092,0.9009340112110569,0.20364902641032054,-1.0328780809329061,0.26385108766919546,0.39519186717584415,0.13697842370592656,0.8609394714524431,0.07472763344967066,0.5905424947681549,0.9488968866265219,0.4659294826497,0.2479426743580714,0.5106050830068488,0.08060366742881084,COMPLETE
347,0.7202664129400571,2025-11-21 00:57:41.514821,2025-11-21 01:49:29.542789,0 days 00:51:48.027968,0.8823473482757452,0.12483609522027633,-1.0531653480903287,0.3605809428322284,0.3972145320181307,0.3056852810162786,0.7649080394931566,0.07179052631703707,0.6207631842163872,0.8576301795284489,0.46758640150972813,0.28626065814330104,0.5186963426348105,0.060708118712283723,COMPLETE
348,0.4857278782112274,2025-11-21 01:49:29.840634,2025-11-21 02:41:18.412079,0 days 00:51:48.571445,0.7154647606538154,0.21668077390828103,-1.1684150702551752,0.2667132422054702,0.49334205517876456,0.12704053230522847,1.3461853439438003,0.7122407073691431,0.599018176137852,0.9820605343394169,0.49167473718743065,0.24868495718803305,0.4983117900173157,0.029084131308998867,COMPLETE
349,0.7335870599429115,2025-11-21 02:41:18.630604,2025-11-21 03:33:07.224478,0 days 00:51:48.593874,0.78985990765318,0.03915024034867719,-1.0790673614399453,-0.06170403645754144,0.37478814940914307,0.2421737658444123,0.860503986064317,0.010072660541394468,0.5930378205431011,0.9377523285907521,0.4635451069527903,0.26519574394842615,0.5395206645092866,0.09241320630514327,COMPLETE
350,0.7140818268315889,2025-11-21 03:33:07.467551,2025-11-21 04:24:54.023565,0 days 00:51:46.556014,0.972814320151861,-0.06220256792764009,-1.0150571376270616,0.12150053509928618,0.4571280177481068,0.19069368886641191,-1.4388540005912687,0.042455984508772075,0.46817666839382305,0.909300832581892,0.44473432151514375,0.12926911054744256,0.44315784651215606,0.1996936741194377,COMPLETE
351,0.698382492863939,2025-11-21 04:24:54.212805,2025-11-21 05:16:54.083925,0 days 00:51:59.871120,0.8781655170984105,0.857623930915302,-1.2318731920078554,0.2092699064983852,0.31083812639128106,0.43424503096851663,1.065948720877348,0.028712197886180985,0.5876663914568118,0.8881566093879798,0.5030195089945538,0.09693218912199815,0.5205233876961379,0.07272151196228328,COMPLETE
352,0.7340627973358707,2025-11-21 05:16:54.291007,2025-11-21 06:08:40.707654,0 days 00:51:46.416647,1.051777375232171,0.15285086055428876,-1.3663015466568564,0.30816995875841124,0.2393421294443878,0.0931184849031689,0.6439609572450549,0.06318085531145673,0.6256460725414733,0.3598535132571242,0.4857677863915366,0.06412173034708427,0.46843404200009087,0.05204779448976025,COMPLETE
353,0.7050428163653664,2025-11-21 06:08:40.929358,2025-11-21 07:00:31.324610,0 days 00:51:50.395252,0.9931471635027057,1.2611631091283864,-0.9550589429588027,0.4792094058471563,0.5196119262022101,0.3556790725229308,1.1882801773367995,0.04672913820935781,0.5391733038474491,0.9586854346346347,0.5223376067212812,0.1500485416551883,0.5832697117459064,0.07765443402662386,COMPLETE
354,0.7435775451950524,2025-11-21 07:00:31.542770,2025-11-21 07:52:19.433089,0 days 00:51:47.890319,0.6483317394218989,0.9450563927921272,-1.5162623070911236,-0.0015922667395939782,0.3676815527747297,0.00304988256546615,0.951441667298538,0.08042352988490335,0.5703576105122186,0.9303710010901138,0.42324842662230583,0.11745570402647484,0.503759681174832,0.17083386904950768,COMPLETE
355,0.4362511893434824,2025-11-21 07:52:19.629633,2025-11-21 08:44:05.662781,0 days 00:51:46.033148,0.608630381385545,0.9491187387641329,-1.4745867821612297,1.2085670538228652,0.3294619255203913,0.009113464931598009,0.9743694742225383,0.26818988014530154,0.6547098719406633,0.8775984433096949,0.4056879786278127,0.08587790528156236,0.4917684626772945,0.16943158344443565,COMPLETE
356,0.7002854424357755,2025-11-21 08:44:05.917514,2025-11-21 09:35:56.482612,0 days 00:51:50.565098,0.6535297032751614,0.7809286613514435,-1.553918002044884,-0.2629009995821463,0.2086339317278188,-0.14136021401198443,1.0964296341522752,0.08905397112863628,0.5743901690979593,0.9067583225672045,0.4258095745075567,0.12753472587287407,0.4997233286326394,0.15695782804380407,COMPLETE
357,0.6137012369172217,2025-11-21 09:35:56.707592,2025-11-21 10:27:56.279042,0 days 00:51:59.571450,0.7097312538989924,1.136266167767709,-1.6764070834137212,-0.008252319827062576,0.3941255375167091,-0.07206183551283701,1.2658146232586833,0.14633261557942684,0.5530023129744016,0.9268308620130873,0.3905283086167875,0.11034447378391611,0.7269827916547316,0.10665683506202811,COMPLETE
358,0.4138915318744053,2025-11-21 10:27:56.554787,2025-11-21 11:19:43.343510,0 days 00:51:46.788723,0.7632652768702158,1.0429616577623841,-1.499480167712052,-0.11978897089328283,0.2682703082335829,0.026835865133643833,1.046776928324473,0.1142095638034124,0.6110637646477731,0.9731062895163886,0.4550568166061525,0.1155345101533446,0.4830249046660774,0.14237071350817662,COMPLETE
359,0.7269267364414843,2025-11-21 11:19:43.582580,2025-11-21 12:11:43.662672,0 days 00:52:00.080092,0.6313246457580037,0.9659977038276778,-1.4154621111782786,0.02943272166498731,0.3523941656329967,0.3082933301511237,0.9387118328586165,0.08155325362355735,0.5837141616352499,0.8985997194242944,0.4345752347528424,0.1405500990594734,0.5130485568578894,0.18484075724849822,COMPLETE
360,0.7297811607992388,2025-11-21 12:11:43.933772,2025-11-21 13:03:33.450776,0 days 00:51:49.517004,0.8436449951022954,0.7003202082636855,-1.5875710072952982,-0.19190095277018215,0.18553167336847634,0.2414802753252998,0.8700971603079926,0.07301110895932302,0.5614966642986757,0.9310403095652386,0.3832486971074792,0.08082853959424424,0.45816022660520944,0.11247796900649253,COMPLETE
361,0.7136060894386299,2025-11-21 13:03:33.732198,2025-11-21 13:55:19.902163,0 days 00:51:46.169965,0.7939218238529864,1.0176410860962444,-1.5177909262244114,-0.05682776264690942,0.283459821311535,0.0995638644124963,1.0086632919116771,0.0979308295070809,0.5172675268670086,0.916260676567501,0.4136790238662009,0.30496406561723255,0.5546692368314572,0.02410911736443565,COMPLETE
362,0.7326355851569933,2025-11-21 13:55:20.115945,2025-11-21 14:47:07.202101,0 days 00:51:47.086156,0.8900578370682799,0.8518988289659315,-1.6943940100067556,0.03113082992457636,0.08546112640431401,-0.03633800482495145,1.154604809585979,0.0618046940265236,0.5387835040605594,0.8781537052386181,0.4688786875495998,0.045127735138413394,0.6326809809890547,0.15803021466684816,COMPLETE
363,0.7402473834443387,2025-11-21 14:47:07.411760,2025-11-21 15:38:57.864184,0 days 00:51:50.452424,0.5905197180755556,0.42643246293513276,-1.4269372383941814,0.10259954856750911,0.41014765376349127,0.17663743951388194,0.9344808824965319,0.08235283622421893,0.5815012491293803,0.949171223208381,0.44495246286412643,0.1582319613140894,0.6080082006079606,0.12803957459798052,COMPLETE
364,0.7435775451950524,2025-11-21 15:38:58.161845,2025-11-21 16:31:02.941620,0 days 00:52:04.779775,0.7136149980725107,0.35056091365380526,-1.6178053605216374,0.21582129481860293,0.5748893625971707,0.04514441082735173,1.0492864638894739,0.054665523287176346,0.6061440537260767,0.8283694528847065,0.3692456163224504,0.11472432410921718,0.7048377058800938,0.18507467684237242,COMPLETE
365,0.7140818268315889,2025-11-21 16:31:03.200696,2025-11-21 17:23:04.693728,0 days 00:52:01.493032,0.6924729930063872,0.3334337504667166,-1.6110237076439087,0.38227947075971863,0.534733302678847,0.024033147854797987,1.195692884559579,0.11730481875034442,0.6421149299415261,0.8601441885041405,0.34851506557219064,0.5473189807446948,0.70372739899495,0.19424496147796316,COMPLETE
366,0.7202664129400571,2025-11-21 17:23:04.935635,2025-11-21 18:14:59.371433,0 days 00:51:54.435798,0.5699115189420925,0.4552317089920338,-1.7488737010134332,0.24084103659274808,0.16679809599686024,-0.08800409437505652,1.0467176272458574,0.06438123425028426,0.6855153497411981,0.8555412734097294,0.36603248337061123,0.12749565567128748,0.717798432186806,0.1829588689675516,COMPLETE
367,0.7098001902949572,2025-11-21 18:14:59.565686,2025-11-21 19:06:47.200672,0 days 00:51:47.634986,0.7684720641353701,0.37857241354882776,-1.6277394974700634,0.29610000149297727,0.6876914159689789,-0.22471311796085752,1.1189664147409262,0.09770592118738097,0.6127402424747085,0.8281408434623628,0.39132260198427743,0.14511138660283796,0.7520565340809128,0.17270788047633873,COMPLETE
368,0.48001902949571834,2025-11-21 19:06:47.387142,2025-11-21 19:58:41.890296,0 days 00:51:54.503154,0.6647322545177334,0.9117090084612794,-1.5527078200267963,0.18998477527158428,-1.6224717193110778,0.08709148810828088,1.2875844544937813,0.5923321001875596,0.6001980390640212,0.8918656643605971,0.357491516109092,0.1737847738006265,0.6791643712176625,0.19874203395184595,COMPLETE
369,0.7397716460513797,2025-11-21 19:58:42.232915,2025-11-21 20:50:32.145096,0 days 00:51:49.912181,0.8440050912664315,0.29326105754615844,-1.70200859994548,0.20590739889327297,0.819555317771318,-0.007801662476509132,1.0237312586050662,0.055800447562164145,0.11906204379054086,0.8772758531065374,0.4095786019488098,0.10669089949741065,0.6954436246692397,0.04460302630775044,COMPLETE
370,0.7140818268315889,2025-11-21 20:50:32.350664,2025-11-21 21:42:28.453942,0 days 00:51:56.103278,0.7206151261631206,0.5257252082550513,-1.5300552675000896,0.31277432540636974,0.5785467668365136,-0.13871732049492363,1.0930083012704115,0.07739641417073118,0.6290235224992086,0.8344808110134941,0.3692812842376645,0.11974410812103803,0.6548642206108154,0.2076112742431342,COMPLETE
371,0.7440532825880114,2025-11-21 21:42:28.836113,2025-11-21 22:34:29.874614,0 days 00:52:01.038501,0.5513529984017926,0.2678884666704907,-1.6684474791570738,0.10494637314950658,0.2460823634431416,0.10945044596630765,1.1666556263891947,0.038939494412924686,0.4845512502275253,0.582678624215071,0.4229318759317077,0.2781492811537212,0.6810803035889591,0.078304379683695,COMPLETE
372,0.5409134157944815,2025-11-21 22:34:30.161525,2025-11-21 23:26:23.031129,0 days 00:51:52.869604,0.5544615623747392,0.2725554713637141,-1.6353901425823736,0.11488125978286845,0.09552409484967055,0.14363542612421643,1.3783194875969658,0.4389769101337918,0.48308454679729,0.5430144857374678,0.4295492433933911,0.2865320242836429,0.6934733500829002,0.08263088065180214,COMPLETE
373,0.49857278782112274,2025-11-21 23:26:23.273769,2025-11-22 00:18:15.537601,0 days 00:51:52.263832,0.4803628165026303,0.335309065578342,-1.473608998194353,-0.037685281729972035,0.2843458029506842,0.2376467182093896,1.2130163702215246,0.8685177359303412,0.4817595902422874,0.6016042785851913,0.42244153635376536,0.2953336377805768,0.7364239187040907,0.16524875642167527,COMPLETE
374,0.7383444338725024,2025-11-22 00:18:15.848264,2025-11-22 01:10:07.628566,0 days 00:51:51.780302,0.5395278462189721,0.2202054723304689,-1.5835813151962734,0.08659950237613061,0.22963174284190357,0.09497324564475962,1.2596790210823974,0.030446991620559957,0.491681839076729,0.8092576208649771,0.4459624575748216,0.3119167992345861,0.6728242640800073,0.09726604061148243,COMPLETE
375,0.736441484300666,2025-11-22 01:10:07.838775,2025-11-22 02:02:03.611465,0 days 00:51:55.772690,0.6268476799759255,0.40994400325571123,-1.3735551363419247,0.1556676891841598,0.13334838925525994,0.19668750122434034,1.138600767113915,0.04754510234220745,0.46100580554659665,0.7253057048384928,0.4020944563031979,0.09159571457694529,0.6653497065405096,0.12489495030919748,COMPLETE
376,0.7226450999048525,2025-11-22 02:02:03.858342,2025-11-22 02:53:57.649997,0 days 00:51:53.791655,0.9598210635369884,0.24721952504702716,-1.4538601527877981,0.002290127591503738,0.6134461028657678,0.03229876793066995,1.172122462042946,0.032016046941645684,0.5174441686638014,0.5157763967248378,0.46768883452794285,0.6444159378216416,0.6241624953877983,0.15214716974038323,COMPLETE
377,0.7450047573739296,2025-11-22 02:53:57.912215,2025-11-22 03:46:07.854062,0 days 00:52:09.941847,0.49731457096612386,0.35184479503049093,0.08272684627454417,0.2510679629215791,0.21090675573533146,0.11166044948160968,1.0478168528809977,0.05207598065114327,0.49980172130804656,0.6704253657888268,0.42867265669051147,0.15737756099349948,0.7086823729393177,0.1812902983323011,COMPLETE
378,0.7388201712654615,2025-11-22 03:46:08.048206,2025-11-22 04:37:58.919942,0 days 00:51:50.871736,0.66214219407741,0.4625238963303183,0.14652004864257356,0.2582834562349929,0.3098637252667916,-0.042057320301517674,1.0843131348161,0.05425807294468769,0.5009460383114728,0.6948187637392443,0.45009405091585986,0.1435562210454675,0.7193239446701281,0.22871470902773192,COMPLETE
379,0.4900095147478592,2025-11-22 04:37:59.216243,2025-11-22 05:29:47.908962,0 days 00:51:48.692719,-1.8534801109137016,0.38836814199041025,-0.10029736243937304,0.39178564134086435,0.22518392678206653,0.10602976898312728,0.9637317018811726,0.026375505809170148,0.7413257771140442,0.6235527309235451,0.4182658695849436,0.17010513298785085,0.6988980120285031,0.18510239218984498,COMPLETE
380,0.7288296860133207,2025-11-22 05:29:48.170050,2025-11-22 06:21:44.962473,0 days 00:51:56.792423,0.5118750555523953,0.34880136910676796,-1.7628539936556666,0.43089604190569497,0.06152302930476705,0.038101353806067384,0.8460062279085994,0.051039879284712465,0.4961432823909165,0.5723555180181721,0.432834974270056,0.15291158650515588,0.710135143626516,0.20888772482959478,COMPLETE
381,0.7283539486203615,2025-11-22 06:21:45.259737,2025-11-22 07:13:50.674638,0 days 00:52:05.414901,1.8136041792009419,0.4573464116584999,-1.6482835567066862,0.313641665756865,0.46781072811397134,0.14647508467355178,1.286360929764041,0.03012871176068791,0.46956067262242457,0.562365115999842,0.46458554162470034,0.1903862110018265,0.7327031579160412,0.17785143892002656,COMPLETE
382,0.6569933396764985,2025-11-22 07:13:50.970758,2025-11-22 08:05:52.081409,0 days 00:52:01.110651,0.9178991889273532,0.3221593138335343,0.2894493129923186,0.5082477810034703,0.3579023310996318,-0.09677624682970726,1.801388870689533,0.06455327432831148,0.5115916630564221,0.654318082138139,0.4817504075178856,0.13224909735790075,0.584513307458695,0.24217858922413257,COMPLETE
383,0.7402473834443387,2025-11-22 08:05:52.356621,2025-11-22 08:57:48.042521,0 days 00:51:55.685900,1.0006339795353645,0.5414006581062036,-1.5490604039654545,0.2183045598975166,0.16156997687672364,0.09999646401155768,1.1803210723653539,0.04448836719273007,0.5204121584925525,0.6100974256069792,0.4478499570577106,0.07177086382103966,0.5560108112347527,0.07927974366972566,COMPLETE
384,0.7421503330161751,2025-11-22 08:57:48.266350,2025-11-22 09:49:39.510256,0 days 00:51:51.243906,0.8606997143873321,0.21390640362046173,-1.6885934245225647,0.16678835995408947,0.25728477199352234,0.25589937472972357,1.0252590185107056,0.026435823177743338,0.4587954300630368,0.9370511135526967,0.42705554156776615,0.16497239850382459,0.09448062175023525,0.11035383220162685,COMPLETE
385,0.7388201712654615,2025-11-22 09:49:39.719311,2025-11-22 10:41:27.814279,0 days 00:51:48.094968,0.6224836551862493,-0.16675564572740378,-0.8420418765659337,0.25841441423934436,0.5427562391403369,-0.025647275236173973,0.9345681596302904,0.06940302832484169,0.44142392807068365,0.9825838109188332,0.4778416217392204,0.11561736021994609,0.6866276089170812,0.13912819046359426,COMPLETE
386,0.5647002854424358,2025-11-22 10:41:28.006431,2025-11-22 11:33:21.090847,0 days 00:51:53.084416,1.1979052836992365,0.2624645095729189,-1.8458531886733784,0.10245096371158151,0.4080889575325609,0.16957627214810403,1.1226390183435666,0.3490579089708769,0.48331459412506034,0.9037952664170703,0.4013323745650086,0.2791319690057128,0.7675706786738364,0.19267565957899402,COMPLETE
387,0.7326355851569933,2025-11-22 11:33:21.319808,2025-11-22 12:25:21.006263,0 days 00:51:59.686455,0.7916392309391493,0.35991284639950666,0.06188962623697735,0.35653499965400465,0.03156265241209094,0.055210351654837536,1.0090099993316703,0.05263676472860296,0.5313605693607735,0.6805380858874431,0.49641186103840007,0.1345076211004106,0.6502555344858939,0.21529594124287266,COMPLETE
388,0.7331113225499524,2025-11-22 12:25:21.228202,2025-11-22 13:17:18.352818,0 days 00:51:57.124616,1.0409323375314394,0.0010448974329121674,0.16930300704672027,0.15686603354010548,0.32800986224272555,0.2804915061907839,0.8093477643505493,0.04019617713606025,0.5413944586092424,0.6233920981979924,0.4510323203474243,0.1793425509222071,0.5354445337402777,0.06332622221314121,COMPLETE
389,0.7350142721217888,2025-11-22 13:17:18.564146,2025-11-22 14:09:15.989782,0 days 00:51:57.425636,0.7571525804685385,0.08295244893318894,-1.6023835785352256,0.23373735772280485,0.6319296132107133,0.1735383893022441,1.0728921266612554,0.07666182556654536,0.5017381242978051,0.9531222166175519,0.4196749573423616,0.26862855803270247,0.6010206188767716,0.16997849086613287,COMPLETE
390,0.7388201712654615,2025-11-22 14:09:16.250926,2025-11-22 15:01:15.248592,0 days 00:51:58.997666,1.489809513103885,0.6071959999119588,0.09292682323132628,0.06029787402250881,0.15573485175066945,0.038514558972761764,1.201747890980323,0.025163457448115906,0.5536717036319184,0.8579745818498163,0.46558519858190967,0.09425897562170986,0.509392388099234,0.14844260907871176,COMPLETE
391,0.7059942911512845,2025-11-22 15:01:15.518085,2025-11-22 15:53:17.306720,0 days 00:52:01.788635,0.9469825349661013,0.16260142166332503,-1.778163159684613,0.13172128721577642,0.4524236526359551,0.1105224531192761,0.9010108501485236,0.05942843886892323,0.6155513683648611,0.6670225786221287,0.4418729648036683,0.055281003612116526,0.5709795301345485,0.7625433875024996,COMPLETE
392,0.735965746907707,2025-11-22 15:53:17.488090,2025-11-22 16:45:06.750505,0 days 00:51:49.262415,0.9083060331520642,0.4341987798514229,-1.4960293553021926,0.2845023969540767,0.23652952654914222,-0.015401651409711711,0.988720093258823,0.08796421649911311,0.651880003580715,0.6383674513663805,0.39678031538927966,0.1479768773849355,0.6242846378195673,0.12337844080754658,COMPLETE
393,0.7178877259752616,2025-11-22 16:45:07.005049,2025-11-22 17:36:56.821824,0 days 00:51:49.816775,1.1372331018251156,1.0974770344838274,-1.7106165603691383,-0.08484912507198097,0.35418157509749987,0.23250952961185656,1.1270261728778634,0.040834528991820815,0.5304131106269797,0.6572905789977067,0.510301768786629,0.24582985183195172,0.5436157140568101,0.09445362759484995,COMPLETE
394,0.719790675547098,2025-11-22 17:36:57.018968,2025-11-22 18:29:02.535522,0 days 00:52:05.516554,0.560067406342964,-0.3357234149257736,-1.4337695618143493,0.054564251840482754,0.09555009441477808,-0.10347674626174705,0.8363037626303642,0.01107602690774185,0.5932618008421391,0.4507450279175627,0.4198985411529427,0.20142762529154432,0.6665203192826293,0.19230005076683937,COMPLETE
395,0.3201712654614653,2025-11-22 18:29:02.797333,2025-11-22 19:20:59.954773,0 days 00:51:57.157440,1.2789189284233498,0.29531661172952467,-1.6238643606323033,0.20236612521299008,0.7577828370021034,-0.1849492106227878,1.0610099270566928,0.06858827323581228,0.5104065615263718,0.9259625697238085,0.4787633700123168,0.11596206387562036,0.5681619996280917,0.624747915305587,COMPLETE
396,0.7207421503330161,2025-11-22 19:21:00.187951,2025-11-22 20:12:51.030311,0 days 00:51:50.842360,0.11104645028772187,0.20031658871837765,-0.010459498971187711,1.4741310246631518,-0.016354630211271398,0.14754337424801445,1.311651088978616,0.045486944533712055,0.47594117350446025,0.5859918543003758,0.43490308581672193,0.15907151532698982,0.13411763174594965,0.16578450521227533,COMPLETE
397,0.6860133206470028,2025-11-22 20:12:51.308559,2025-11-22 21:04:51.161761,0 days 00:51:59.853202,0.4333389470601009,0.03141532479275588,-1.285980648550579,0.3362390455716492,0.4870444883439856,0.34321973154263297,0.9484170597229941,0.08072676172575517,0.5648170011551994,0.6445696393042546,0.4544209329040524,0.1329141646317909,0.6406860393914654,0.9993057904306787,COMPLETE
398,0.7392959086584205,2025-11-22 21:04:51.377316,2025-11-22 21:56:56.424253,0 days 00:52:05.046937,1.07096942284223,-0.10373312345927976,-1.5190401714991248,0.1191038893304624,0.30055763956846887,0.07166633689401805,1.207979740063929,0.010166866996156022,0.5423505241496464,0.48399819218201817,0.4107803422308254,0.08203674767271467,0.7121770289014031,0.14033210943704053,COMPLETE
399,0.7293054234062797,2025-11-22 21:56:56.650177,2025-11-22 22:48:47.327416,0 days 00:51:50.677239,0.995898506361099,0.09016296205472824,0.394786963388736,-0.9205635897683713,0.3958457222549321,0.22833201387291527,0.7088665757435333,0.05522063541244304,0.4455740394281262,0.8951978651945177,0.8879342714178335,0.1885712866395231,0.5167496283431278,0.17196490212779045,COMPLETE
400,0.7402473834443387,2025-11-24 08:43:45.610752,2025-11-24 09:36:04.506924,0 days 00:52:18.896172,0.685382752388654,0.3684246927550886,-1.3727501473161503,-0.007238248269967815,0.21807548911981975,-0.01852061080202283,0.8857864910405522,0.031601911072415306,0.5836130330528683,0.9958851253970339,0.49411349188721837,0.1057547400943971,0.43106829287752163,0.22106843118542097,COMPLETE
401,0.4928639391056137,2025-11-24 09:36:04.799036,2025-11-24 10:28:26.823304,0 days 00:52:22.024268,1.362659769672785,0.2729843221824394,-1.6817857257052555,0.2090566337843807,0.5391580451535514,0.15700516030637596,1.0019353911323086,0.09795907156766225,0.6072872950468723,0.968070053602176,0.38909523603084917,0.2074499879073567,0.5415129482200427,0.11245871427267178,COMPLETE
402,0.7235965746907707,2025-11-24 10:28:27.087202,2025-11-24 11:20:33.314406,0 days 00:52:06.227204,0.8290614005882543,0.5246979047023126,-0.3123331161598936,0.07279215633354397,0.14895944749252774,0.2787149242473267,1.1045099846138822,0.0627319243946079,0.5013669089110947,0.8771367903890295,0.4712224161836012,0.26774870446648635,0.9031052458347141,0.08337723405209181,COMPLETE
403,0.4490960989533777,2025-11-24 11:20:33.555049,2025-11-24 12:16:54.184825,0 days 00:56:20.629776,-1.4360441794704697,-0.042497745540493265,-1.5515376827445602,0.26832843446894944,0.3170708377324282,0.39214155902520326,0.9609837127391156,0.027085635958794874,0.5549905331824028,0.9388353650964264,0.5369446906270827,0.16119575470788722,0.5906724734949277,0.057780095726010394,COMPLETE
404,0.7007611798287345,2025-11-24 12:16:54.430821,2025-11-24 13:10:00.371083,0 days 00:53:05.940262,1.1987919028444338,0.16275263036817458,-1.2460761755439358,0.17035086231823188,-0.8622851609771589,0.0817295212912244,0.8203542769171239,0.04431086332320978,0.6242371716254126,0.5975673348959828,0.43405703046738964,0.2518774366617444,0.4972037665630317,0.5056684607844023,COMPLETE
405,0.7216936251189343,2025-11-24 13:10:00.638695,2025-11-24 14:01:45.824151,0 days 00:51:45.185456,0.9028882243856147,0.4394608608545401,-1.4537257872971596,0.3817973735592875,0.43901247453926256,0.20636514911627604,1.0544286649220875,0.07385192485292712,0.5252974008324263,0.9107010550580485,0.5064268139976922,0.12261662809929637,0.3074673067437613,0.2016690176029238,COMPLETE
406,0.47288296860133205,2025-11-24 14:01:46.037558,2025-11-24 14:53:42.256347,0 days 00:51:56.218789,1.10751864952561,0.32697224406288605,-1.7646429990515717,-0.15774997890413994,-1.2836555647499541,0.0011573496037174391,0.05598304322208514,0.10231962716090176,0.5724880147070379,0.052294036181849024,0.40612973830243276,0.025214329464046698,0.4753582432263675,0.14802573962232723,COMPLETE
407,0.7278782112274025,2025-11-24 14:53:42.472072,2025-11-24 15:45:30.405895,0 days 00:51:47.933823,0.7373992396259397,0.25561251493407794,-1.6215263806422349,-0.05340766392131753,0.23822446805902464,0.12612979379447847,-0.08283880456021517,0.046448905013121086,0.5956153053875304,0.8392032858982469,0.45813501233412307,0.14051999794312198,0.6798805993374601,0.18047917273829503,COMPLETE
408,0.7378686964795433,2025-11-24 15:45:30.657046,2025-11-24 16:37:16.923947,0 days 00:51:46.266901,1.0025458355624663,1.9798811423460496,-1.318658636277764,0.10844570261575825,0.3725604693096988,-0.0718385884768194,1.259637722291033,0.029103846002449155,0.5463308153177812,0.9300985605133911,0.38103877054763935,0.09717515329879586,0.5293988379308234,0.12691828570716304,COMPLETE
409,0.7293054234062797,2025-11-24 16:37:17.133712,2025-11-24 17:29:09.692465,0 days 00:51:52.558753,0.5507165815468832,0.07087070678392503,-0.17120621226862304,0.0073099626786402375,0.08993276078607657,0.3207247030894851,1.1470418201498018,0.08449155220281018,0.57186338040259,0.9579133743421071,0.5603812651790535,0.17764139402717397,0.5589845935890053,0.15750275007799913,COMPLETE
410,0.7093244529019981,2025-11-24 17:29:09.939844,2025-11-24 18:21:02.820545,0 days 00:51:52.880701,0.853660217920106,0.20712053880662248,-0.015362060998449723,0.2736554136733115,-0.2305436868894862,0.05639104823124769,1.3906554371735158,0.060274859422179396,0.49425474543467546,0.9062007363970006,0.42985417260043873,0.23525207161190098,0.3576373700373513,0.24173315115303923,COMPLETE
411,0.7373929590865842,2025-11-24 18:21:03.087990,2025-11-24 19:13:02.261824,0 days 00:51:59.173834,1.5681210424597618,0.47895689805519803,-1.8359867833582626,0.13543745939742274,0.6791149870457744,0.2100490363953225,0.9136766941630141,0.010534277462418473,0.6673867341798952,0.5559498430779467,0.49016649295399733,0.06767255361975733,0.4915930286560653,0.01010049333149228,COMPLETE
412,0.505708848715509,2025-11-24 19:13:02.502283,2025-11-24 20:05:03.724444,0 days 00:52:01.222161,0.9538182575648874,0.12977086069531601,0.2724101754467927,0.20160721462476752,0.5733297254128962,0.12319159112490684,-1.0897961537667422,0.12131212151204915,0.6349877321904785,0.706495178148975,0.4440861395530206,0.1524657886944657,0.6119700496507559,0.09805783565003126,COMPLETE
413,0.7093244529019981,2025-11-24 20:05:04.034524,2025-11-24 20:56:47.771453,0 days 00:51:43.736929,1.0591150624621117,0.38018989347201826,-1.521179392497879,1.7964232908781075,-0.74848989229295,0.02675249468036278,0.7828000298335888,0.047282195983486,0.42448560184273787,0.97695809283328,0.4739293112860005,0.217127665823403,0.7542264066994682,0.1839566729413402,COMPLETE
414,0.5033301617507137,2025-11-24 20:56:48.028789,2025-11-24 21:48:32.995888,0 days 00:51:44.967099,1.219742736658245,0.761951265484055,-1.4078894981014305,0.028898345724065633,0.2625092946741134,0.27528824478204067,0.5742963426231855,0.07424407915884557,0.5118297147101515,0.8852690065848798,0.41410257365480635,0.11627797549674465,0.5083039959045391,0.13509227205625393,COMPLETE
415,0.7259752616555661,2025-11-24 21:48:33.287101,2025-11-24 22:40:26.390472,0 days 00:51:53.103371,1.14582270316666,0.9837139817856636,-1.7198137236644273,0.32220797313771193,-0.011856941086343373,0.16032787753845118,-0.5655829379824966,0.027774977704177188,0.5296306159439051,0.9452484902899887,0.5203488705956634,0.19118195785588393,0.5446052694176496,0.20284435870498754,COMPLETE
416,0.7235965746907707,2025-11-24 22:40:26.691842,2025-11-24 23:32:22.330582,0 days 00:51:55.638740,0.46467400541507525,-0.2183088531007247,-1.1213108165857864,0.07361520457219498,0.17635113033241256,0.45370819834902537,1.0418358831763488,0.06034952907324354,0.47127975092188434,0.9261735328225372,0.392061695609091,0.09173981456055184,0.6374464715583825,0.07529906530916809,COMPLETE
417,0.7026641294005709,2025-11-24 23:32:22.587755,2025-11-25 00:24:09.380750,0 days 00:51:46.792995,0.6411240152069237,0.6203395656316583,-1.612626840870542,0.4174626500563479,0.3767178087734369,-0.15778755278999182,0.9718298102745696,0.09246005158940925,0.5850513443702835,0.8568505263229562,0.45109680163283866,0.1308783309178821,0.698708418942076,0.15821768476228365,COMPLETE
418,0.7112274024738344,2025-11-25 00:24:09.618057,2025-11-25 01:16:03.945887,0 days 00:51:54.327830,0.9210108140779658,-0.06794757553897614,-1.4931148792408082,-0.08765760863011485,0.48456704299455294,-0.035664169787541264,0.8911518190959568,0.04232378788181182,0.5522366939677941,0.9104131005569679,0.42535457216030836,0.24859381103689188,0.5699607650933741,0.10801997312888499,COMPLETE
419,0.7340627973358707,2025-11-25 01:16:04.173207,2025-11-25 02:07:46.205751,0 days 00:51:42.032544,0.7229141009133349,0.27955938932600916,-1.3605976764267695,0.17497570921140643,0.28826772696921177,0.0915292880989952,1.1414216147874425,0.02623207784049048,0.5710036603509683,0.9613213657277785,0.49696458876544647,0.32772096718530097,0.10721944921455259,0.22023171073257014,COMPLETE
420,0.7293054234062797,2025-11-25 02:07:46.411833,2025-11-25 02:59:30.640723,0 days 00:51:44.228890,1.0756035691978687,0.11353433664886467,-1.2428346035836473,0.23251310906298672,0.8969393185296207,0.2004752907564361,1.2364785456341751,0.07099065888544201,0.604596530444673,0.888268344263872,0.5392907162504568,0.1697719598627347,0.5246172897670774,0.040781608485305224,COMPLETE
421,0.3782112274024738,2025-11-25 02:59:30.880278,2025-11-25 03:51:17.105757,0 days 00:51:46.225479,0.8174918390095538,0.9018382393539186,-1.5658507647383384,0.5625614517281567,-0.13267647494557863,0.350950780009711,0.9896895955108037,0.1110115202697787,0.538435267886866,0.9995116811578859,0.465019797901368,0.2788018292418179,0.654704718588643,0.17615049511918998,COMPLETE
422,0.7411988582302569,2025-11-25 03:51:17.362183,2025-11-25 04:43:11.176209,0 days 00:51:53.814026,1.2943392973179881,0.20035453849123777,-1.6680814486397528,0.11628292114273268,0.4307310543545831,0.05313803535653062,1.077173713540371,0.05107649146330911,0.4532009301367403,0.3894754060659525,0.4113294530942614,0.21510961129828732,0.7990498491082572,0.13586337580424093,COMPLETE
423,0.7093244529019981,2025-11-25 04:43:11.388449,2025-11-25 05:35:07.982779,0 days 00:51:56.594330,0.37761558787454774,-0.003692487808658551,-1.4293599567925677,0.001689124515119142,0.1872613850772194,0.25093886362554857,0.8537080710174151,0.088285804267191,0.5957098365719167,0.5293938386950156,0.37727419599443845,0.1544896189329313,0.46546890307876354,0.41182312698483925,COMPLETE
424,0.7407231208372979,2025-11-25 05:35:08.270533,2025-11-25 06:26:53.086847,0 days 00:51:44.816314,-0.041846312640421955,0.32433589902405063,-1.8099376246596817,0.28640506662422904,0.0349422859886698,-0.0592124972232084,0.7166676873795775,0.0385115868829618,0.5597199824272326,0.9456162060835827,0.3425234087213198,0.11177018849161441,0.5038343269400014,0.15618495299362775,COMPLETE
425,0.544243577545195,2025-11-25 06:26:53.363142,2025-11-25 07:18:38.652227,0 days 00:51:45.289085,1.0159707048226663,1.5708349476082673,-1.3174710938842566,0.16517880037257107,0.3413597126214446,0.14179375558041446,1.1661309839359848,0.230898232645888,0.520487811119204,0.9227065175736053,0.43994767135141083,0.13756192138829984,0.5989406406600097,0.1191129830840417,COMPLETE
426,0.7235965746907707,2025-11-25 07:18:38.933004,2025-11-25 08:10:24.229680,0 days 00:51:45.296676,0.9540258252471951,0.49723859696738115,-0.76687206474879,0.06667931902700486,0.5181102790768395,0.1933739310749844,1.0475811973418911,0.029491582858804533,0.4908435306813113,0.8692843939224411,0.5107712622650676,0.23129543212657844,0.5301643684611212,0.19159101293687647,COMPLETE
427,0.7373929590865842,2025-11-25 08:10:24.468997,2025-11-25 09:02:20.779964,0 days 00:51:56.310967,0.5821783774160767,0.39628485846213746,-0.9818231758329785,0.24046778402416535,0.12383326622022796,0.02070502108134453,0.9234492448592588,0.06433719746013059,0.6214423277790206,0.9692808739289016,0.48300142321040784,0.293249355053274,0.6813942862168911,0.08739274751655783,COMPLETE
428,0.7193149381541389,2025-11-25 09:02:20.997928,2025-11-25 09:54:12.703279,0 days 00:51:51.705351,1.1637107191306941,0.04270395442884134,-1.5025662464131395,0.3671028086579944,0.27937260013411425,0.3055836694887873,0.7770246869672406,0.010845205966355093,0.5842217511849105,0.9016264418602695,0.4007520112844798,0.08470155049239297,0.5755703554629787,0.0658474501521831,COMPLETE
429,0.3273073263558516,2025-11-25 09:54:12.950913,2025-11-25 10:46:07.490125,0 days 00:51:54.539212,1.4451158241892583,0.22393000152341294,-1.1214894083415436,-0.06588235377841929,0.39292491042719063,-0.28556773467389984,0.9824576322417786,0.07311908861629755,0.5437431296455284,0.8230277353320653,0.4565869800471659,0.3618473633186532,0.548753105954697,0.9424210763523209,COMPLETE
430,0.48858230256898194,2025-11-25 10:46:07.778642,2025-11-25 11:38:14.273680,0 days 00:52:06.495038,0.8467739814878288,0.6768118248500449,-1.704416943076007,0.12262898106845599,0.6335933417723904,0.09916961294489898,1.0955089259714454,0.13643110796343308,0.5634924025662696,0.5814548697858043,0.4279273050793642,0.0534907054302968,0.48360479708999304,0.1682488186229323,COMPLETE
431,0.4709800190294957,2025-11-25 11:38:14.601756,2025-11-25 12:30:20.867062,0 days 00:52:06.265306,1.0050102843459825,-0.10182024440799921,-1.6054571505026667,0.013454207356234898,0.23478333711635135,-0.11998402611186398,1.3220299457834819,0.49372439655287864,0.5199702057164384,0.7870553983837121,0.35884495865325383,0.19467238670657835,0.27805469236411084,0.20437937138888654,COMPLETE
432,0.43387250237868696,2025-11-25 12:30:21.241201,2025-11-25 13:22:13.253822,0 days 00:51:52.012621,1.7424308359196128,0.14869471041159638,-1.4084580974482894,0.1904689961319663,0.4930967395891858,0.24133262207814404,0.8676883182805054,0.05341248690393456,0.615912535824478,0.758721628276148,0.4936170328253162,0.2604621389688683,0.7288855249810505,0.1461570014516196,COMPLETE
433,0.7321598477640342,2025-11-25 13:22:13.483450,2025-11-25 14:14:35.533998,0 days 00:52:22.050548,0.7493332290082925,0.32830814337622605,0.05181757722067093,-0.1573098112545009,0.3038817497892804,0.13127904522590114,1.0200956952507743,0.09449413342803312,0.5042039292876395,0.942143634583532,0.5862176385310063,0.10314862459614546,0.5084630498740029,0.124246607009244,COMPLETE
434,0.7226450999048525,2025-11-25 14:14:35.846177,2025-11-25 15:06:27.120102,0 days 00:51:51.273925,0.4966314494156343,0.8064716669070388,-1.2225701080377689,-1.5546004376450053,0.05432150542187636,0.40520758041508087,1.221491233378906,0.010207560808924973,0.3805376928359895,0.9809031885727262,0.476171948733302,0.17292263612902145,0.4451462100242547,0.17448117469157048,COMPLETE
435,0.7354900095147479,2025-11-25 15:06:27.402378,2025-11-25 15:58:13.908353,0 days 00:51:46.505975,1.1203975463136209,0.417538519287596,-1.553790942940379,0.0499986421201665,0.42669097004731044,0.010559211778421257,0.9448704520401894,0.04177807837269251,0.640786724117679,0.9138285952155871,0.5518622908628443,0.1266557346757482,0.6674975358536341,0.2213141819075164,COMPLETE
436,0.731208372978116,2025-11-25 15:58:14.314398,2025-11-25 16:50:02.369432,0 days 00:51:48.055034,0.9016913049405332,0.2675129726281623,-1.7463106660259289,0.44165561286734933,0.17823905378894406,0.18029876981356482,1.1216340942909337,0.06740633619837764,0.04469678649210529,0.933853471534389,0.4431704441228589,0.2103316238943992,0.6283648092123826,0.029014010122235298,COMPLETE
437,0.7378686964795433,2025-11-25 16:50:02.689618,2025-11-25 17:41:58.646076,0 days 00:51:55.956458,1.2375394421919523,0.5873567706563573,-1.8718215785820111,0.2677507925999291,0.5680432477569825,0.08772798165068066,0.8455475286588885,0.02748964983730961,0.5841864110121735,0.8750588507427863,0.38852865399254244,0.14979729936691571,0.5223960991264995,0.05061106578849588,COMPLETE
438,0.7231208372978116,2025-11-25 17:41:58.914591,2025-11-25 18:34:42.285644,0 days 00:52:43.371053,0.6556555073799792,0.07836099629150878,-1.34200527145445,0.11117216463753964,0.3458544692092679,0.28641852088370845,0.6637315965840934,0.08300583451017896,0.5404214527032887,0.9552065067205949,0.5221647556774175,0.0779869258278707,0.5533072799122458,0.10801391324757564,COMPLETE
439,0.5784966698382493,2025-11-25 18:34:42.602936,2025-11-25 19:26:47.671240,0 days 00:52:05.068304,-0.6079575934411046,0.21855539421818565,-1.4820179175908859,0.1640611522380565,-0.060298239985444146,-0.055158890166984706,1.0181212776455397,0.051407639254905844,0.4787654573356017,0.8981371687602029,0.4203846368973791,0.18558880528145888,0.7075801902722791,0.15233510538151707,COMPLETE
440,0.7174119885823026,2025-11-25 19:26:47.891044,2025-11-25 20:18:37.725224,0 days 00:51:49.834180,1.0492349271391952,0.003242132096235792,-0.6171886427350184,0.907446754587668,0.11437400836102009,0.523369830040385,1.1567174541263943,0.029521814746308744,0.5613302010803028,0.9245715190764461,0.4629587969733838,0.2372928578585382,0.49132621547760325,0.2003031411726932,COMPLETE
441,0.527117031398668,2025-11-25 20:18:38.022148,2025-11-25 21:10:28.699713,0 days 00:51:50.677565,0.9696172995613469,0.30857851186631013,-1.6624186030050199,0.3258592528705402,0.2239752526384425,0.025724843506638454,0.9277156089208449,0.10888391241146705,0.5982966672073575,0.6817154880817436,0.4061586543102819,0.10987883052373815,0.46299867626346797,0.2578945045860856,COMPLETE
442,0.7402473834443387,2025-11-25 21:10:28.946624,2025-11-25 22:02:14.544160,0 days 00:51:45.597536,0.8185538959700277,0.16038736112236784,-1.5629356943432253,-0.0297591229353351,0.42801606343963233,0.1532021817656496,0.7900210145058909,0.059719743127767955,0.4305460060409423,0.970036122380831,0.507285042233473,0.2632842467802643,0.5856641034343214,0.18544619147248442,COMPLETE
443,0.4638439581351094,2025-11-25 22:02:14.867731,2025-11-25 22:54:01.996752,0 days 00:51:47.129021,1.107206310713574,0.47541190774487374,-1.069714288057079,0.05947951292635181,0.3418566304013984,0.2391215966807831,-1.9160516264188265,0.0831486527462724,0.522553547219422,0.8882299595469451,0.43767673401386037,0.1411331901408101,0.07837854782310774,0.13198887134269685,COMPLETE
444,0.7411988582302569,2025-11-25 22:54:02.261102,2025-11-25 23:45:47.695140,0 days 00:51:45.434038,0.2312925291156231,-0.15398880517739794,-1.4461640739809036,0.22071106664684384,0.25636458780366084,0.0890021849909003,1.0741435207094654,0.0521418303617222,0.4020707318861114,0.8458653440174746,0.4819912460812676,0.31037967985151393,0.5345819599793624,0.08485837373883283,COMPLETE
445,0.735965746907707,2025-11-25 23:45:47.967069,2025-11-26 00:37:36.276651,0 days 00:51:48.309582,0.8970917247324943,0.3856400992896935,-1.260747685944758,0.13272786416908414,0.4982065069543377,0.35310090172295694,1.2421374733365185,0.028829717003129487,0.5737644189247315,0.9479252695513095,0.37675470141692413,0.04135011246499258,0.5041160532252775,0.15427162744525758,COMPLETE
446,0.7145575642245481,2025-11-26 00:37:36.507469,2025-11-26 01:29:28.407476,0 days 00:51:51.900007,1.3699167475321898,0.10425519568247926,1.6393777531060651,-0.10854654355944968,0.12312828652047515,-0.10276645745730631,0.9748808003629175,0.041510394298449715,0.5470638343575035,0.986336126093228,0.4644593250664574,0.1636064345501525,0.6131928464578339,0.170406082622243,COMPLETE
447,0.7388201712654615,2025-11-26 01:29:28.662807,2025-11-26 02:21:13.754611,0 days 00:51:45.091804,0.701984577371576,0.552169996611925,-1.778752346574168,0.3027312890131012,0.5963623258873576,0.014638966264428219,0.8693507882891823,0.07285815643466795,0.6114740143694707,0.9210069854634209,0.4176071074278393,0.1244319504074523,0.5586548954535671,0.23521837700852993,COMPLETE
448,0.510941960038059,2025-11-26 02:21:13.993044,2025-11-26 03:13:08.030056,0 days 00:51:54.037012,1.0263368096796097,0.2299843362173547,-1.365741755602847,0.18371264829020312,0.32403158504804397,0.16043984847266718,1.080085016391099,0.09254916217497036,0.4930897451214404,0.7364484470337394,0.4461703963529943,0.22188022378731154,0.6537196223618572,0.1063681650106261,COMPLETE
449,0.7017126546146527,2025-11-26 03:13:08.313837,2025-11-26 04:05:02.471861,0 days 00:51:54.158024,1.1988171148381097,-0.018148606741434536,-1.6598564231596071,0.01411955606128034,0.4237065549264547,0.2764601923160165,1.470727576588049,0.025645651787429315,0.4597630174283506,0.9374194995064433,0.5411501910128874,0.10343367154638763,0.4783033045066437,0.8670608182996402,COMPLETE
450,0.7293054234062797,2025-11-26 04:05:02.737832,2025-11-26 04:56:45.404810,0 days 00:51:42.666978,0.552185399439459,0.8504518243459295,-1.518493588868141,0.09071347722438144,0.19187892256624342,0.08645222522771367,1.173945726158674,0.06269722786639717,0.5331874965642315,0.8688590383476669,0.39498562370533663,0.06870546739268459,0.5161437515072442,0.1364829619638958,COMPLETE
451,0.7369172216936252,2025-11-26 04:56:45.648646,2025-11-26 05:48:28.116526,0 days 00:51:42.467880,0.7781522130855321,1.0461502182010143,-1.6269702917796098,0.23892189992681429,-0.002921550433889239,0.19231347401404383,0.9360724115305871,0.04365700337868473,0.5684109179449699,0.9070862480062666,0.3609592048789983,0.19790192111002866,0.5415514015453781,0.06647028912860055,COMPLETE
452,0.4357754519505233,2025-11-26 05:48:28.394078,2025-11-26 06:40:26.358457,0 days 00:51:57.964379,0.9496405597973225,0.3185386549317288,-1.4278533000203186,0.3722353598762501,0.2822272473143234,-0.20235000230206035,0.739384015831518,0.11740273644381347,0.6511743655370231,0.9509604795790004,0.49970291192474975,0.283631578530329,0.6758434340642873,0.191098552738778,COMPLETE
453,0.5789724072312084,2025-11-26 06:40:26.635837,2025-11-26 07:32:30.157597,0 days 00:52:03.521760,0.3840286297756731,0.09552880522401125,-1.1410633790425273,-0.03803581120390612,0.39064447326135593,-0.030316223232649736,1.0140900583743357,0.5552360601101154,0.5938261678353212,0.9658107187594547,0.43037452171869656,0.2497455489975779,0.40028125466224074,0.2119084184893385,COMPLETE
454,0.735965746907707,2025-11-26 07:32:30.511660,2025-11-26 08:24:15.443459,0 days 00:51:44.931799,1.9721938167935522,0.6925904757356312,-1.3185704423308329,0.14241143317508784,0.053078942424965025,0.08882002436035319,1.1267003337954844,0.012364090371398588,0.5514612466539605,0.8900535454786785,0.47596901529597635,0.15662166019771565,0.6936319777818968,0.16402318657931378,COMPLETE
455,0.7259752616555661,2025-11-26 08:24:15.665314,2025-11-26 09:15:55.594738,0 days 00:51:39.929424,1.09702731618734,0.17824499508783267,-1.7801377414288009,0.07019647656612474,0.5081561846177974,0.4009645473516038,0.8346908496353509,0.07478548138663443,0.5100200001953047,0.9231565363891595,0.4558559446783572,0.13375342778792054,0.588910387504197,0.11535764959234608,COMPLETE
456,0.725499524262607,2025-11-26 09:15:55.848476,2025-11-26 10:07:36.391731,0 days 00:51:40.543255,0.8685636502841686,0.410192508429898,-1.2217350088281063,0.23750250355615662,0.6973929434409876,0.2120281453478562,1.0666519788331554,0.04508336786537192,0.6278947393987026,0.9124397962722337,0.40854061082216403,0.1805266951984272,0.5269001342183097,0.14361252440992353,COMPLETE
457,0.39533777354900096,2025-11-26 10:07:36.666981,2025-11-26 10:59:21.996287,0 days 00:51:45.329306,1.264524275761414,0.3041407513687834,-1.5750402305707458,-0.2045853825826886,0.21695941473002794,0.303292481751917,0.9282563578000446,0.4077953123996295,0.5817392296784649,0.985798110832384,0.5306901568912931,0.09185552544678588,0.49242538892583365,0.37151002264935,COMPLETE
458,0.49143672692673646,2025-11-26 10:59:22.256132,2025-11-26 11:51:04.851132,0 days 00:51:42.595000,1.0224785277463047,0.050325430023708984,-0.9246694101294535,0.31283299768794026,0.3336523354650815,0.017203109023641736,1.3217424793991452,0.1009266617416242,0.5264099005906223,0.9352485628083896,0.5662337647912175,0.22772345765345262,0.6374230570742907,0.1834381274989165,COMPLETE
459,0.7216936251189343,2025-11-26 11:51:05.054391,2025-11-26 12:43:19.787287,0 days 00:52:14.732896,1.1450501269870927,-0.06091145145862348,-1.4712482151868187,0.4658005886112121,0.1301322407316161,0.147541843758709,1.2000712173654673,0.0595348043083014,0.555249113702292,0.6279665300753529,0.37761037261230734,0.11805314132986759,0.15101727256001474,0.09561635562423831,COMPLETE
460,0.7040913415794482,2025-11-26 12:43:19.993463,2025-11-26 13:35:56.025964,0 days 00:52:36.032501,0.596058176478185,0.23967725714894433,-1.6741861712127248,0.15647637272533038,0.45607047124451544,-0.053549388022318525,1.0200926323660093,0.026797465700324236,0.48963005097934,0.9612753773128819,0.5166056604066658,0.14729223244150438,0.5582946412919754,0.2848184200624754,COMPLETE
461,0.7216936251189343,2025-11-26 13:35:56.273435,2025-11-26 14:30:45.798230,0 days 00:54:49.524795,0.491920488423343,0.49157555106969175,-1.9095657688481789,0.01321817757456241,0.28189210671530607,0.06590236922760323,0.8913628889516626,0.08215794267159594,0.5733075993658998,0.8703499725164111,0.4324223641627855,0.01146241801851857,0.5095105924723821,0.4779119652742204,COMPLETE
462,0.5095147478591817,2025-11-26 14:30:46.062572,2025-11-26 15:24:28.557112,0 days 00:53:42.494540,0.9315159354941929,0.1613532652438353,-1.3894282893857486,-0.08047172400408684,0.3883912850297963,0.24740196047703697,0.7885961880984158,0.722039488945081,0.5354441052377376,0.8079043746783364,0.47987082860066244,0.2613407192723694,0.46342762670239623,0.04457090748793136,COMPLETE
463,0.736441484300666,2025-11-26 15:24:28.798789,2025-11-26 16:18:02.544349,0 days 00:53:33.745560,0.7925565902814118,0.35637152774762443,-1.5542811316806406,0.20885283396967064,0.16868697645029665,0.14341794377874448,0.9828795392360916,0.010557587194707313,0.8799367246713976,0.8904197858326572,0.456288433864608,0.1750268204046991,0.7380653939118859,0.16308241990593939,COMPLETE
464,0.7231208372978116,2025-11-26 16:18:02.811437,2025-11-26 17:11:37.494596,0 days 00:53:34.683159,1.078429800630253,0.2663419592281243,-1.181477516824722,0.08617091166132707,0.568429640558172,0.3372043101133393,1.1137407201266845,0.04441111829453376,0.603325867630838,0.9425246017963856,0.39870695215408625,0.20820188035905748,0.5724662909564329,0.14014419004240428,COMPLETE
465,0.7121788772597526,2025-11-26 17:11:37.769272,2025-11-26 18:05:19.137734,0 days 00:53:41.368462,0.6999570891485252,0.7383288458783879,-0.0744372177810539,0.2792335710871122,-0.17255823094250972,-0.10372851800271245,1.2428721915357281,0.06551585994257811,0.44615334512079946,0.9982056747250153,0.42040934665040464,0.13152759908335582,0.6057742377074157,0.025530115161833705,COMPLETE
466,0.428639391056137,2025-11-26 18:05:19.403907,2025-11-26 18:59:00.537997,0 days 00:53:41.134090,0.8885073957110525,0.9038414217728076,-1.7351362959051486,0.1350866704852909,-0.3696374814409905,0.2086471121795172,1.0485268772807592,0.3258187059771219,0.3399101707367009,0.9040075550644548,0.34383304641155094,0.07274847379362122,0.5394357974362676,0.7055106122070435,COMPLETE
467,0.6555661274976213,2025-11-26 18:59:00.804589,2025-11-26 19:52:37.834246,0 days 00:53:37.029657,1.6253463962623242,0.13069123712442116,-1.2732330574736812,1.0723409490420264,0.2364470913107746,0.029218937790327915,0.8691092249436203,0.04107084576309612,0.47290124483827883,0.8430094862110156,0.4443172919576398,0.10738954374624426,0.71866626763191,0.2016619038867048,COMPLETE
468,0.5199809705042816,2025-11-26 19:52:38.102899,2025-11-26 20:46:18.199259,0 days 00:53:40.096360,0.9818118198428363,0.4212073512562196,-1.0369709366286086,-0.0060626178205056835,0.34659268260357545,0.1100592003279035,0.7035378380452075,0.10221002287257142,0.5863254684639407,0.9733889461903159,0.47834885328241666,0.24913928047927614,0.6595554421562817,0.07497481569068132,COMPLETE
469,0.7388201712654615,2025-11-26 20:46:18.476025,2025-11-26 21:38:57.012773,0 days 00:52:38.536748,1.1635040483129058,0.00894779587575048,-1.6152632418784172,0.20995079579812373,0.47359590451472877,0.18564663349525853,0.9584542856322197,0.02627185558806348,0.5555774506576485,0.9188415868055303,0.5004456767477989,0.16022885542330423,0.48720534944205773,0.23104944705884212,COMPLETE
470,0.450523311132255,2025-11-26 21:38:57.238326,2025-11-26 22:30:57.842765,0 days 00:52:00.604439,1.3131138987913062,0.5838788300495769,-1.491042054959309,0.06971647691176253,-0.05836585939431926,0.4297495153048728,1.1692698279288611,0.13797566802716524,0.5087890116469821,0.9525908720389871,0.38710827331585357,0.29644794624818954,0.5215414030444004,0.1785556813344518,COMPLETE
471,0.736441484300666,2025-11-26 22:30:58.062934,2025-11-26 23:23:28.584047,0 days 00:52:30.521113,0.6309650593123299,-0.4790101613374807,-1.841441256918659,0.3154500350955924,0.08038371251512265,-0.0033508454604013332,1.062113327319174,0.05953064517370096,0.6069690035948264,0.9348934209695662,0.41542368040354744,0.19156807449142024,0.6375008315827363,0.11690689815629268,COMPLETE
472,0.7193149381541389,2025-11-26 23:23:28.824755,2025-11-27 00:15:23.183833,0 days 00:51:54.359078,1.0267673661762282,1.1886180571551064,0.7915076490831517,0.16461420385906284,0.2809680810983826,0.31680308022143633,0.8240048674430831,0.07874187917514634,0.629281771079449,0.8968612462170594,0.7777474977037286,0.09188973202351125,0.5058394210377107,0.1520670591168077,COMPLETE
473,0.7293054234062797,2025-11-27 00:15:23.471369,2025-11-27 01:07:34.185045,0 days 00:52:10.713676,0.8335475042303243,-0.10233694169678424,-1.395516756219949,-0.05130884408413232,0.4143307445385555,0.08886051962391472,0.9330320209076519,0.04049609481671007,0.5303969448223226,0.8756367463731541,0.45930517853116987,0.2285036344274758,0.5428173600415532,0.09299861642906783,COMPLETE
474,0.7216936251189343,2025-11-27 01:07:34.542818,2025-11-27 01:59:36.787922,0 days 00:52:02.245104,0.7430669318853731,-0.22978276667076453,-1.700826707496719,0.39064054810896137,0.1782394832628344,0.24714932304963189,1.0164439747168872,0.010248481106174934,0.6672050450523852,0.9662517443056918,0.4390847431012312,0.12403129649025355,0.6918913844943491,0.12484505841368343,COMPLETE
475,0.735965746907707,2025-11-27 01:59:37.054752,2025-11-27 02:51:53.573259,0 days 00:52:16.518507,0.2930952334525688,0.2081824415924371,-1.5384261432765913,0.08547947891504068,0.36393758686614697,-0.6454253198438765,1.3714966834925542,0.09092117461394736,0.5692115619635996,0.9239239888972625,0.5192268409448112,0.27072540444224635,0.4296574935398656,0.05869968305136288,COMPLETE
476,0.4352997145575642,2025-11-27 02:51:53.829388,2025-11-27 03:44:22.364879,0 days 00:52:28.535491,1.8855467021320136,0.33139863889044585,-1.3274147010174449,0.24244983939899728,0.6427689765819942,-0.1275096126908805,1.1278769664071717,0.05842748391736101,0.5487414423844825,0.8607033318966064,0.3669428770907824,0.14869719995125355,0.47872823149098176,0.1932446535337333,COMPLETE
477,0.7335870599429115,2025-11-27 03:44:22.609239,2025-11-27 04:36:39.302658,0 days 00:52:16.693419,0.9335952125959254,0.06980265763302661,-1.4333493553081262,0.028911262562857462,-1.8089022391056755,0.14827964697344564,1.2409654011694842,0.029183389294758562,0.5048143909357036,0.9085886680333638,0.011175532590715409,0.05403855307823967,0.566642271562878,0.16968015337741205,COMPLETE
478,0.5180780209324453,2025-11-27 04:36:39.547018,2025-11-27 05:28:49.432662,0 days 00:52:09.885644,1.1990181509592415,0.18303888991473083,0.5716685523952832,0.1484064635966036,0.5010934509486085,-0.04434141270117124,0.6336903414104509,0.1168260893831331,0.5905029858776055,0.950167299716702,0.49145600926632327,0.2121088899304784,0.6129333322018088,0.13561192062216088,COMPLETE
479,0.7235965746907707,2025-11-27 05:28:49.709556,2025-11-27 06:21:00.249294,0 days 00:52:10.539738,0.4490186649169548,0.49904637876008506,-1.597288625896704,-0.10389590305174795,0.23335525890817277,0.05921256906217928,-0.6636601283072794,0.0715208197956737,0.40340493871499616,0.9754193019219927,0.40199144808672754,0.1672654404869762,0.4472525086370755,0.2195766503447667,COMPLETE
480,0.7411988582302569,2025-11-27 06:21:00.474659,2025-11-27 07:13:05.135353,0 days 00:52:04.660694,1.0515844053674777,0.28116374937929073,-1.7850833061040152,0.2098450356089097,0.07575262514804768,0.22909731076757833,0.9101830099305049,0.05380256485594609,0.5599967986342941,0.9328473173693683,0.4306789232553524,0.13810836600964116,0.5258529240800291,0.15511452763333794,COMPLETE
481,0.7293054234062797,2025-11-27 07:13:05.417388,2025-11-27 08:04:59.170837,0 days 00:51:53.753449,1.09253731163462,0.9654461861878286,-1.4821083038728309,-0.28428147040644736,0.5568807616496143,0.12612848102911903,0.759298338167664,0.03801273004508738,0.5276337036402678,0.6467817657946329,0.4627752891811271,0.09724666227204412,0.5849845366394534,0.17538655323801441,COMPLETE
482,0.41531874405328256,2025-11-27 08:04:59.477650,2025-11-27 08:56:34.511216,0 days 00:51:35.033566,-0.8000708895845638,-0.7216895119454196,-1.662731405523586,0.3464720758800608,0.3286504318327315,0.36840643575077237,1.5789836794438898,0.09192015617349342,0.6097707960453966,0.49710445659012215,0.5490749475545906,0.3401372276913012,0.6665184723070372,0.1013315510951233,COMPLETE
483,0.6955280685061845,2025-11-27 08:56:34.739966,2025-11-27 09:48:37.671947,0 days 00:52:02.931981,0.9762204834660058,0.6455882685679053,0.14370149844475077,0.08839511648146374,0.4385721760698854,0.02785121850677516,1.097531755537781,0.010547667186179943,0.5822273732982657,0.8845372603812631,0.4962452784790343,0.1154301103088099,0.11780944260987564,0.24364700484354812,COMPLETE
484,0.7055185537583254,2025-11-27 09:48:38.023326,2025-11-27 10:40:42.807106,0 days 00:52:04.783780,0.8340934984648506,0.10342200799176808,-1.2807157123741872,0.01100396791735525,0.015521091769016837,0.187276711743758,0.9974555542633986,0.06874506228919061,0.4678140282777762,0.9103319906478352,0.4146759201803694,0.19859618108177524,0.7742117748534385,0.5809629401834586,COMPLETE
485,0.7369172216936252,2025-11-27 10:40:43.130534,2025-11-27 11:32:42.209943,0 days 00:51:59.079409,0.6380463647038372,0.397735946691875,-1.1875330429046087,0.2477685931596224,0.15880922262472943,0.2552351190027694,0.8437556084216485,0.039464294432753406,0.5478179098021467,0.9547968415193683,0.8726712982705837,0.2504320665199973,0.49344141335391256,0.20747657263655325,COMPLETE
486,0.5185537583254044,2025-11-27 11:32:42.509122,2025-11-27 12:24:37.611342,0 days 00:51:55.102220,-1.9873935461508,-0.025362913093841245,-1.3501909749792362,0.13961854545999608,0.27479025399134105,-0.034012021465476217,-1.284157386720866,0.052457462065967554,0.42036123701523176,0.8298517196850203,0.45144172428781504,0.23531884118637952,0.5491535950714083,0.0785526162590095,COMPLETE
487,0.7264509990485252,2025-11-27 12:24:37.880664,2025-11-27 13:16:39.009929,0 days 00:52:01.129265,0.5383235600299069,0.24714951979533337,-1.5863344343400332,-0.030183673570078964,0.3805326366401382,0.501848934946584,1.1928519333654426,0.02682950815800324,0.48855827999042784,0.7161395260999082,0.3854093373018928,0.1701442222260267,0.5175552580187847,0.015168516480500834,COMPLETE
488,0.7093244529019981,2025-11-27 13:16:39.284500,2025-11-27 14:08:43.857751,0 days 00:52:04.573251,0.8903079426915641,0.3517048553810878,-1.7168630693093183,0.17820413469757415,-0.12024318230869599,-0.18852519774656684,0.9746251143766742,0.07762880302264567,0.5679779298474149,0.986016852970558,0.47417213356262233,0.2785091878619413,0.6271950645177509,0.12777102385884498,COMPLETE
489,0.4647954329210276,2025-11-27 14:08:44.107706,2025-11-27 15:00:41.762514,0 days 00:51:57.654808,1.2335964858810622,0.14197081505507647,-1.105135575785017,0.28654283716543233,0.7603395985002872,0.09372325966422601,1.065834527677404,0.10560667267738369,0.5136326625755999,0.9324770081322779,0.5278286857417787,0.07431101488608914,0.46561339723596495,0.19022994339889882,COMPLETE
490,0.7245480494766888,2025-11-27 15:00:41.990350,2025-11-27 15:52:16.726091,0 days 00:51:34.735741,1.1234227981839844,0.7790671083133481,-1.501069861388897,0.07416967831812565,0.20386233973526785,0.3026961450298006,0.9148371580487147,0.05484791514702293,0.5940440333540739,0.8874103860920676,0.4338052142715415,0.13305653434186626,0.5016666648945752,0.15199403375129755,COMPLETE
491,0.7274024738344433,2025-11-27 15:52:16.942429,2025-11-27 16:44:13.622731,0 days 00:51:56.680302,0.04181242202462038,0.44618401606432795,-1.8925046503326541,-0.12024169376706272,0.4728199056424386,0.17090522799117847,1.1376132570724085,0.02548369086116549,0.6413738958961555,0.6091020224897251,0.40477262516513607,0.18531151711260505,0.6511991068754794,0.04117205007947106,COMPLETE
492,0.7421503330161751,2025-11-27 16:44:13.848858,2025-11-27 17:36:05.426003,0 days 00:51:51.577145,0.14229507989788479,0.06612813939979509,-1.4389595817772751,0.11492379513837281,0.3084838786222237,0.046929901878193125,1.012665601202611,0.08391810287991583,0.36548601550252435,0.9991223236097833,0.4855356100497217,0.10723317700269777,0.7088644223909836,0.1708845657981783,COMPLETE
493,0.48858230256898194,2025-11-27 17:36:05.675624,2025-11-27 18:29:22.413597,0 days 00:53:16.737973,0.7668240544007254,0.24227481876605483,-1.6460139417435953,0.38432087032859075,0.5669900774681861,-0.0631727261261667,0.22717269030152026,0.46057439938305667,0.5373955782341947,0.8529768129805461,0.5092859253855329,0.14778567810074972,0.09569925423118572,0.11409840209781202,COMPLETE
494,0.7226450999048525,2025-11-27 18:29:22.650496,2025-11-27 19:21:14.263352,0 days 00:51:51.612856,0.9991569580989895,-0.12231781609790437,-1.361104430435906,0.48062674256761484,0.11729362047557185,0.13950204748860803,1.2863702599327973,0.04505907411622144,0.5774820707971623,0.916801480550695,0.45026062405905753,0.08262869760475838,0.6820075743761366,0.05820151857519772,COMPLETE
495,0.7369172216936252,2025-11-27 19:21:14.578770,2025-11-27 20:12:49.074405,0 days 00:51:34.495635,0.3793459817177663,0.5498848514966341,-0.4644299090609501,0.20454462174777932,-0.03435274178948888,0.26466249131886754,0.8127818111239817,0.06144829854719556,0.6204112923600825,0.9566484583072893,0.37026690255845307,0.2188608645461426,0.5311488180357871,0.13729198222115224,COMPLETE
496,0.4647954329210276,2025-11-27 20:12:49.339660,2025-11-27 21:04:45.805203,0 days 00:51:56.465543,0.929148245242457,0.00878210884944236,-1.547340985197388,0.008282210632437947,-1.0541903269078428,0.06424095216708534,0.8968641899706684,0.1551567310050564,0.5152556421827682,0.8949562521894175,0.571843432028122,0.31649095627345947,0.8421572591325421,0.1944215179495286,COMPLETE
497,0.4224548049476689,2025-11-27 21:04:46.143866,2025-11-27 21:56:28.964167,0 days 00:51:42.820301,1.0637902637009822,0.34697092267201174,-1.8157034474149074,0.24030982432005965,-0.49408268765187247,0.6029684414957847,1.0881238012567604,0.1215231843466009,0.5493604885842939,0.9414446982521949,0.4233665678127359,0.11888178456008242,0.9214048273198793,0.15241835393837308,COMPLETE
498,0.6860133206470028,2025-11-27 21:56:29.201007,2025-11-27 22:48:13.438608,0 days 00:51:44.237601,1.4163399024595127,1.0953914596056706,-1.2582096521663804,0.06474517422945941,0.39979109393396695,0.3749251048297595,1.1767336147623713,0.026780564741809447,0.45339011837193255,0.543445470660728,0.3477931602070307,0.0355856228287355,0.5652886393414618,0.2217056500155857,COMPLETE
499,0.7269267364414843,2025-11-27 22:48:13.665975,2025-11-27 23:40:05.598643,0 days 00:51:51.932668,0.6758798241785496,0.17804167696098852,-1.452382049856904,0.2965236342266503,0.27273253522984453,0.20499900296520696,0.9816818807700654,0.07651934036499566,0.6039342461105137,0.9737240053702639,0.4685379645917113,0.16180926692794034,0.48201461126489475,0.17934513471735547,COMPLETE
500,0.7207421503330161,2025-11-28 13:06:46.109011,2025-11-28 13:59:31.909098,0 days 00:52:45.800087,1.3447324016328173,0.8520253323020144,-1.0170339493161145,0.14575448637156077,0.16824382372790636,-0.00019163157790583196,0.7243388917256178,0.04439931194059861,0.5668137721781228,0.5821334529552978,0.4040632823892704,0.24725165960339593,0.6016435180214504,0.08728619771441998,COMPLETE
501,0.7264509990485252,2025-11-28 13:59:32.280352,2025-11-28 14:52:28.126759,0 days 00:52:55.846407,0.8270850111572174,0.2806763439263947,-1.7147073392917709,-0.051519896857824626,0.3459705442938855,0.10514283437044775,1.0536539185739908,0.09458900648849301,0.5326940250868657,0.921531540760038,0.4406486331712682,0.20387590026209548,0.06855167554812923,0.11808070364687814,COMPLETE
502,0.7174119885823026,2025-11-28 14:52:28.421644,2025-11-28 16:03:45.610889,0 days 01:11:17.189245,1.1760058357296792,0.4713835128806724,-1.5921847390894706,0.1706793114127776,-0.27108649948319535,0.29863833611222046,0.873231901611795,0.06490088154415055,0.4851935819948452,0.6728734758966063,0.6037257893387278,0.13892595730676466,0.514762083076847,0.1599107009069527,COMPLETE
503,0.7450047573739296,2025-11-28 16:03:48.157649,2025-11-28 17:15:34.473319,0 days 01:11:46.315670,0.9737875510161549,0.13353844516959115,-1.2028743130129982,0.05090684330498849,0.5085964098605007,0.17297325534453767,0.9761892271250526,0.02743489285839118,0.5858764623930782,0.8676779999416914,0.667185240279521,0.27141040645618525,0.5466788686563309,0.20294348359146075,COMPLETE
504,0.7340627973358707,2025-11-28 17:15:37.389650,2025-11-28 18:13:54.151540,0 days 00:58:16.761890,0.9951767981654747,0.09173779553871193,-1.1553512073291972,-0.1160584040117299,0.5835394505706393,0.18088197759858277,0.7967097596843689,0.01795175535952552,0.5929526755988422,0.20789988951494864,0.4899310884226274,0.09735341430882741,0.5512380002020449,0.1749975620238104,COMPLETE
505,0.7392959086584205,2025-11-28 18:13:54.556254,2025-11-28 19:06:00.018338,0 days 00:52:05.462084,0.9072906448147239,0.1509051841458772,-1.2316962232737787,0.036931696961105445,0.6942309133494131,-0.08461640087335565,0.9440239980970135,0.02941541420957189,0.6264448523621874,0.2700300855780255,0.6487281703441267,0.2725504231620461,0.5767022099671468,0.1976789377112475,COMPLETE
506,0.730732635585157,2025-11-28 19:06:00.398491,2025-11-28 19:58:06.748571,0 days 00:52:06.350080,1.067906349237568,0.01750674905942301,-1.1119578625299262,-0.0007382807148592074,0.6287433922740526,0.04042175875483081,0.5646941354565922,0.011574025811623867,0.5887821758735318,0.85921045112304,0.7568431912510413,0.29388802352451965,0.5389548489481331,0.10522499073486105,COMPLETE
507,0.5313986679352997,2025-11-28 19:58:07.086026,2025-11-28 20:49:51.611234,0 days 00:51:44.525208,0.9721992334103406,0.1885100155604188,-1.3053484841539926,-0.20982003776932162,0.5238052853332749,0.23444281965374714,0.8707715293656196,0.6483326539051496,0.3100713044301965,0.8390859490207103,0.6221309204274796,0.17759304750628857,0.551769312718391,0.14559526117425298,COMPLETE
508,0.7402473834443387,2025-11-28 20:49:51.920645,2025-11-28 21:41:54.289103,0 days 00:52:02.368458,1.128344060682961,-0.05470813613432604,-1.1909316643005163,0.07460777153203721,0.45259044383899444,0.12281289163387266,-0.2713432390933912,0.04076432427287713,0.5673986062613593,0.8751039431282344,0.4687015092364592,0.12228217182737532,0.589640019905853,0.133504695438327,COMPLETE
509,0.7131303520456708,2025-11-28 21:41:54.532232,2025-11-28 22:33:43.096057,0 days 00:51:48.563825,0.8687175087555234,0.06597749453888373,-1.3697077198109318,-0.0780344727217082,0.5243423285969078,0.31470286102440287,0.988380947486885,0.03912632643732496,0.6061301170905837,0.8594874580507338,0.4582084068954227,0.06382844756797468,0.5272098964728338,0.06923728832590476,COMPLETE
510,0.7121788772597526,2025-11-28 22:33:43.528890,2025-11-28 23:25:35.530491,0 days 00:51:52.001601,0.9984959999234164,1.0029097987894864,-1.284072983631819,0.10127724169612128,0.4590105193239455,-0.14225131430255306,0.9203673030432481,0.011365890223985986,0.5515247910152868,0.8752958243563871,0.8287665419347238,0.14782968465521618,0.5045658108955846,0.16580268048313512,COMPLETE
511,0.7126546146527117,2025-11-28 23:25:35.817800,2025-11-29 00:18:13.846666,0 days 00:52:38.028866,1.2869523796126123,0.21850146219840882,1.2957365524595106,0.01587398396330983,0.6356539807373739,0.41740227866034835,-0.4636448211870863,0.05323799528988933,0.6582393137305955,0.9001992578365534,0.5070538984660382,0.23172281482216434,0.556234355959894,0.2027387568819803,COMPLETE
512,0.7278782112274025,2025-11-29 00:18:14.189341,2025-11-29 01:11:06.291515,0 days 00:52:52.102174,1.0854301495008165,1.4215688949248646,-0.9027864736794906,0.13407049109129288,0.39148661542744734,0.0025166741789336977,-1.0035343874080094,0.04046736590452709,0.6890697909610061,0.8164147978643724,0.7490991112911098,0.10373795489848527,0.5740273033737542,0.18436339229497387,COMPLETE
513,0.7373929590865842,2025-11-29 01:11:06.671760,2025-11-29 02:04:02.274053,0 days 00:52:55.602293,0.9499864356098164,0.14723051654323957,-1.0814571707329228,-0.027272468133046707,0.5239563624401643,0.1675315174759958,0.7704506303937666,0.010171367327508757,0.5766060728644207,0.8890672526309307,0.6905590365973922,0.19383851658951404,0.5264378672797853,0.03763012643714764,COMPLETE
514,0.5004757373929591,2025-11-29 02:04:02.649875,2025-11-29 02:56:55.164491,0 days 00:52:52.514616,1.1657818548853789,1.3425168175379774,-1.0075579644248318,0.21294636237678854,0.42540446455454767,0.11005597365738144,1.0693804217069942,0.9496631350462765,0.6079331403994551,0.9074657222802908,0.4317729023408698,0.16487202116178248,0.6227918962633558,0.08980095022522479,COMPLETE
515,0.7117031398667936,2025-11-29 02:56:55.448316,2025-11-29 03:49:47.390647,0 days 00:52:51.942331,0.8588586271105458,0.27303560950619504,-1.4031028442247782,-0.15955046294300046,0.05142509443585754,0.22612684627772667,0.6641233143395627,0.06081542511176316,0.5579357444587212,0.8475582081287798,0.47821984080322505,0.12677966964023674,0.9547430005821128,0.12819286727290127,COMPLETE
516,0.7178877259752616,2025-11-29 03:49:47.767412,2025-11-29 04:42:56.141039,0 days 00:53:08.373627,1.0376840895989146,-0.1557504214540505,-1.197661381575397,0.33627162404292615,0.33652194303037186,-0.25607256079173424,0.9971768330143976,0.03174576675298224,0.6364302564848066,0.8725398889147742,0.3883736032119355,0.08432226691069977,0.49456679251327496,0.15702112855225328,COMPLETE
517,0.7397716460513797,2025-11-29 04:42:56.414167,2025-11-29 05:35:49.818664,0 days 00:52:53.404497,0.7501009225284982,0.03362247371558765,-1.509606512430762,0.07033755061964095,0.239256681551816,0.0689966747859299,1.125439188569664,0.0581614452413275,0.5852631047585447,0.9007125945338089,0.703180065700249,0.2658930966194104,0.473958604265341,0.21740400041833682,COMPLETE
518,0.7426260704091342,2025-11-29 05:35:50.165714,2025-11-29 06:28:51.932249,0 days 00:53:01.766535,0.9217587251588613,0.12218060929289244,0.0738802230451574,0.14046259388310012,0.48023649361792975,-0.04979714416561982,0.85502088651287,0.032326955910839894,0.537208758160656,0.9234972538935028,0.646764062811563,0.21966518443103614,0.7460054618220913,0.18016975916762729,COMPLETE
519,0.7231208372978116,2025-11-29 06:28:52.389558,2025-11-29 07:21:40.564696,0 days 00:52:48.175138,0.8843476285237845,-0.06894112303868433,0.1359819234806227,0.24802613433480936,0.6212128257184196,-0.04813353777026977,0.8114809395109543,0.029125951353100664,0.535432247351129,0.9252433083988298,0.6266579870950223,0.22492377212677553,0.4739518088397491,0.14427281291205385,COMPLETE
520,0.7021883920076119,2025-11-29 07:21:41.005333,2025-11-29 08:14:46.462557,0 days 00:53:05.457224,0.8101486892793403,0.09397660003459515,0.1587597769321711,0.1257123867622949,0.806037243576801,-0.1973286881534828,1.2522784149358555,0.02639088369919689,0.5403636312384431,0.9163264618786485,0.6826910642158966,0.2496256711787363,0.756137423833864,0.17007978664479556,COMPLETE
521,0.6679352997145576,2025-11-29 08:14:46.988146,2025-11-29 09:07:41.975718,0 days 00:52:54.987572,0.9669059966278407,1.2301724327708874,-0.17890038848041045,0.2924024344403282,0.5300821898045687,-0.1392728512649185,0.8831492625695899,0.04554410012087344,0.16930950381717252,0.9361697089535567,0.6511806268179186,0.23695958943171083,0.7179007605669694,0.012559832521800995,COMPLETE
522,0.7321598477640342,2025-11-29 09:07:42.268573,2025-11-29 10:00:43.722056,0 days 00:53:01.453483,0.9203207925799565,-0.03292911887615932,0.10224747775447768,0.1921007192003733,0.6888770436763435,-0.04181159095387338,0.7297627342752637,0.027445273672347573,0.5658727752427669,0.8871793499138624,0.5376721458115029,0.8080002191027431,0.7435862919554793,0.10930235114976707,COMPLETE
523,0.7402473834443387,2025-11-29 10:00:44.078812,2025-11-29 10:53:40.984983,0 days 00:52:56.906171,1.0579479191564836,0.11118155738271229,0.10065724449104753,0.42799077418129666,0.45740248966425084,0.0006119605502154513,0.958651805886294,0.011314155051879469,0.5222148489069831,0.9046419513940893,0.6697346749408962,0.208551494792632,0.751639812262465,0.1841913374616524,COMPLETE
524,0.7226450999048525,2025-11-29 10:53:41.369187,2025-11-29 11:46:38.953931,0 days 00:52:57.584744,1.2074474650807914,0.207456037128946,-1.4669754963963095,0.16513059083778825,0.10653679209684644,-0.09399826150452367,1.1750559082484144,0.04934899208181751,0.20455854088567832,0.9285322737607467,0.3345920566519779,0.286048097122615,0.7853075276590978,0.05514676826260852,COMPLETE
525,0.7350142721217888,2025-11-29 11:46:39.309334,2025-11-29 12:39:26.888533,0 days 00:52:47.579199,0.9969320433801192,0.27005853063968527,0.29146470713981887,0.614876750525241,-0.024103659088480334,0.03909117250871974,1.0308729779999637,0.06274228189866358,0.5588260086873397,0.8636774441143051,0.7090994003026914,0.3993822900726572,0.4461841688555691,0.15764680150000832,COMPLETE
526,0.741674595623216,2025-11-29 12:39:27.208467,2025-11-29 13:32:20.123897,0 days 00:52:52.915430,0.846971781857059,0.042339158568789864,0.04143827334225679,0.06907143007439388,0.3210726798624168,0.1143725375822391,0.833485746981235,0.033675225082733365,0.5821362739314722,0.9513377656403613,0.6268410348991234,0.2528416307224768,0.7300957243667491,0.13401186005810564,COMPLETE
527,0.7155090390104663,2025-11-29 13:32:20.519781,2025-11-29 14:25:35.363542,0 days 00:53:14.843761,1.141715358343944,0.34501462666453636,-0.014872166854551727,0.2729967916974548,0.5788085503909871,-0.009361513253468012,1.1004874431036507,0.04574021038997917,0.5440606900802696,0.8976618761374917,0.7238343352043677,0.3054925329780993,0.5096194401322411,0.166302583676211,COMPLETE
528,0.7354900095147479,2025-11-29 14:25:35.946587,2025-11-29 15:18:47.938492,0 days 00:53:11.991905,0.9125483558384898,-1.4251363230298233,0.059374637883270034,0.3628014377445392,0.3974166305775635,0.0818963553098441,0.919404798278281,0.0660801056285498,0.618270983463172,0.9386348349310109,0.6448783460812818,0.22592387779852693,0.49260964113126504,0.0738804800917883,COMPLETE
529,0.7388201712654615,2025-11-29 15:18:48.294237,2025-11-29 16:12:03.225263,0 days 00:53:14.931026,0.7537514210936407,-1.0905587154759626,0.19660101065976518,0.1754150443446974,0.19706067462503576,-0.1008618885643097,1.0236082348233102,0.01104649624475311,0.5153109980830002,0.9134547905222646,0.6749011865154569,0.10981798145637792,0.45215060666014506,0.12127908306593771,COMPLETE
530,0.6902949571836346,2025-11-29 16:12:03.642722,2025-11-29 17:05:13.416209,0 days 00:53:09.773487,1.0326883057713883,0.15670904967939164,-0.02271590605193606,0.019920415140861972,0.48780667646520226,0.16658683352024145,1.3477934070436588,0.028496033804487005,0.5971717204949533,0.8775123256971049,0.5009009097529347,0.05195873887327127,0.7066040836532781,0.18844234705900653,COMPLETE
531,0.5128449096098954,2025-11-29 17:05:13.736452,2025-11-29 17:58:27.029687,0 days 00:53:13.293235,1.0876649877855729,0.31481227789886246,-1.334070705891391,0.13041873393114917,0.2726310787155078,0.04214264944238463,1.182946908877749,0.07938679246572211,0.5685276773703326,0.9258011959315733,0.6939793219109438,0.2697394648593459,0.5368367147611703,0.1433230727114136,COMPLETE
532,0.7397716460513797,2025-11-29 17:58:27.308776,2025-11-29 18:51:34.027725,0 days 00:53:06.718949,0.9433457478414481,-0.22525883469406574,0.2302520745046791,0.22792061541879732,0.38230963246516375,0.16754663101077488,0.9577447243026436,0.049831709854558676,0.5466775275488932,0.9475107923887044,0.3655038774797476,0.08600123142794305,0.5125932845471729,0.09343116331154366,COMPLETE
533,0.7140818268315889,2025-11-29 18:51:34.608666,2025-11-29 19:43:23.350160,0 days 00:51:48.741494,1.2550901202510987,1.098071196609553,-1.5465346035557879,-0.05661821238759483,0.02836064222793394,0.0913019374745062,0.8507436015042276,0.031504561014901525,0.5034439475908286,0.7784132001286483,0.6595101815901652,0.21131717519776905,0.6890792213786326,0.17444035634358557,COMPLETE
534,0.4234062797335871,2025-11-29 19:43:23.792416,2025-11-29 20:35:15.696925,0 days 00:51:51.904509,0.8336792195843554,0.9253121156691171,-0.07547413263278233,0.0952114492774766,0.13457444181248657,-0.005615666458684249,1.102736249065259,0.8477459206309671,0.5289075755268099,0.830564260775747,0.6001579770317678,0.13766745058070426,0.48064708712258497,0.5260011602762755,COMPLETE
535,0.5580399619410086,2025-11-29 20:35:16.162164,2025-11-29 21:27:03.393295,0 days 00:51:47.231131,1.4768865576500871,-0.0241765485155003,-1.415354834448442,0.30733266057511754,0.30653673391505243,0.2636370889528886,0.7547039361511798,0.07051457103589281,0.5825126355948298,0.8888104909641196,0.6728673220174213,0.1113331411305812,0.6654110840569054,0.1531465440921259,COMPLETE
536,0.7421503330161751,2025-11-29 21:27:03.704531,2025-11-29 22:19:01.164525,0 days 00:51:57.459994,0.9849673355312709,0.19833432439793686,-1.5757999635788886,0.17704237339794676,0.474706154980896,0.17447656905959014,1.2876826469171698,0.04995848756187298,0.5587545933265008,0.9145393117660136,0.5258163030463326,0.24488742086909354,0.5352638969049135,0.11224066374702885,COMPLETE
537,0.7074215033301617,2025-11-29 22:19:01.510425,2025-11-29 23:10:59.483133,0 days 00:51:57.972708,1.1008867038939811,0.09312849599245746,-1.4832003667549714,0.034186892074336506,-0.1574083037018781,-0.17421579611751892,1.0132018761837005,0.02698152010682529,0.6156102357300728,0.9606493730073541,0.6526374400974596,0.6943912875546063,0.5628956699498913,0.19498198221875407,COMPLETE
538,0.7274024738344433,2025-11-29 23:10:59.786094,2025-11-30 00:02:58.392580,0 days 00:51:58.606486,0.7778583495055876,-0.12360626396046051,-1.6492781117018327,0.2546164233951109,0.19427239159612522,-0.03764039923636558,0.9013769764479678,0.07415931943293355,0.5307117145123703,0.936007693494968,0.58695732125928,0.19047592377653574,0.7341103671878823,0.051226230706037,COMPLETE
539,0.7411988582302569,2025-11-30 00:02:58.704616,2025-11-30 00:54:59.772785,0 days 00:52:01.068169,1.1927479181220746,0.245074024722027,0.38864857089959126,0.11038443171748283,0.5369793538734884,0.0794086014550634,0.6725755630084452,0.011300204431893439,0.5965456082979438,0.8490260775516839,0.7223193780434904,0.1505872316647844,0.4960196496810287,0.13426148535463553,COMPLETE
540,0.7140818268315889,2025-11-30 00:55:00.039295,2025-11-30 01:46:41.427140,0 days 00:51:41.387845,0.9080248312430197,0.35719721673729776,-1.385032687123903,-0.03552054639670118,0.38011303858078277,-0.38501038393466736,1.0378993021692131,0.04534085796521273,0.573418888473069,0.8951179970478423,0.42103961053165156,0.2164421410257382,0.6488222910413051,0.17151239423082118,COMPLETE
541,0.5922930542340628,2025-11-30 01:46:41.668234,2025-11-30 02:38:44.536644,0 days 00:52:02.868410,1.030048537629234,0.13053137230774897,-1.2739535360683463,0.20145750446789024,0.258705544245355,0.26550585864151743,1.1435717186169667,0.2835209263361944,0.6450042517454652,0.8688351862588719,0.4890160097202447,0.12514969876172344,0.5164202434959794,0.20651134168219756,COMPLETE
542,0.7293054234062797,2025-11-30 02:38:44.788748,2025-11-30 03:31:03.636326,0 days 00:52:18.847578,0.7134170553556842,0.02299353414894742,-1.635876092168224,-0.6230095166764146,0.09808020528981069,0.2042933430811881,0.1355146371568482,0.06117162008815281,0.5461390954045245,0.9162176126875822,0.3865617379212077,0.09795463172096686,0.5965444147333363,0.03171790643084867,COMPLETE
543,0.719790675547098,2025-11-30 03:31:04.047150,2025-11-30 04:23:03.484498,0 days 00:51:59.437348,0.8817723948210535,0.2933903866727021,-1.527136927789099,0.33210673458672435,-0.08697353226201911,0.12356770265411764,0.9306611118771863,0.08730924383200547,0.5229825820670263,0.9559232912197566,0.4510660493043114,0.06314924596731347,0.45742035676525805,0.15768755246659052,COMPLETE
544,0.7302568981921979,2025-11-30 04:23:03.733994,2025-11-30 05:14:45.402107,0 days 00:51:41.668113,1.1246364297465758,0.41498090537808574,-1.3290877090435798,0.05578111620161798,0.7272217127967658,0.02328989433290285,0.8333917033394574,0.010007198205003839,0.5039515050600911,0.93419890584463,0.5176508305328713,0.2580959999681808,0.5444445617154159,0.0827555887051777,COMPLETE
545,0.6826831588962893,2025-11-30 05:14:45.643773,2025-11-30 06:06:28.013335,0 days 00:51:42.369562,1.6897668748459946,0.19384350211006912,-1.4495876874330977,0.13617128305427995,0.4286688412622072,-0.07601310064426495,1.4262421647092542,0.03795936963022268,0.574750060670638,0.9031523455590532,0.6398983348500016,0.23617988707126786,0.7663843627029476,0.12137369848296012,COMPLETE
546,0.33824928639391055,2025-11-30 06:06:28.211910,2025-11-30 06:58:03.889447,0 days 00:51:35.677537,1.3467759238290444,-0.07066084199729875,-1.5910653337950469,-0.12287236799375767,0.6015858952227807,-0.27040020661406905,1.1979827809751726,0.6195098683669762,0.6050534388632034,0.46111284045593837,0.40756786244170495,0.27900757804701154,0.5203463969312648,0.09732833279625171,COMPLETE
547,0.4862036156041865,2025-11-30 06:58:04.154144,2025-11-30 07:50:04.073257,0 days 00:51:59.919113,0.981585998363312,0.0566259747621525,-1.3811270691313984,0.24788515943680875,0.3387122498716191,0.11795169147171883,1.0605195837885808,0.3700098976853168,0.29222867527126195,0.798930036861686,0.46655621061395475,0.18605809276890964,0.5029434495146999,0.14370484526372293,COMPLETE
548,0.6964795432921027,2025-11-30 07:50:04.349596,2025-11-30 08:41:42.427134,0 days 00:51:38.077538,1.0450830504109516,0.24292173459620556,-1.7209781646340383,0.3933461874165815,0.2098292203541211,0.21187816951397506,0.9498849400786051,0.05857644977448477,0.552040163499994,0.8797364741875032,0.44206629230268657,0.16036647054674177,0.5728512726578934,0.4430778722979342,COMPLETE
549,0.7383444338725024,2025-11-30 08:41:42.655329,2025-11-30 09:33:40.925330,0 days 00:51:58.270001,1.220958041909801,0.14524569639217844,-1.507483860050384,-0.009250596995712776,0.4531908257110082,0.05634160000308782,1.103279348068119,0.029941296882763726,0.6256889681388563,0.9695751392759533,0.36323783363977735,0.08637875779854902,0.4745956929053866,0.18418595899955273,COMPLETE
550,0.7288296860133207,2025-11-30 09:33:41.204615,2025-11-30 10:25:15.363963,0 days 00:51:34.159348,0.8183266026723764,0.3889147712096781,0.9779765217619255,0.10710242733676466,0.022220450767181543,-1.2929469216049791,0.7796458158267117,0.07540587742358365,0.5907214946889467,0.9424647595728362,0.5513919356598225,0.1318563580168465,0.6756940322916458,0.06991697779383843,COMPLETE
551,0.6569933396764985,2025-11-30 10:25:15.611754,2025-11-30 11:17:18.587543,0 days 00:52:02.975789,1.550005098075424,0.30208940703047626,-1.6565100898219693,0.21398676745949094,0.31222711762563177,0.2728848167192717,1.0106446678064587,0.04589385297940414,0.5664413910238982,0.922442581618399,0.48341501262273046,0.11118389546626181,0.6955942123371348,0.20697657162218322,COMPLETE
552,0.41817316841103713,2025-11-30 11:17:18.882573,2025-11-30 12:09:15.712537,0 days 00:51:56.829964,0.9331962679455298,0.008089383655811716,-1.2464929006123688,0.046266479761069144,0.52605910817672,-0.13823918947698724,1.2464394295770311,0.09442045303876254,0.536660342441697,0.9038962703088318,0.505876679400232,0.2114886607213009,0.5510655266733353,0.16847750016300306,COMPLETE
553,0.7388201712654615,2025-11-30 12:09:16.020071,2025-11-30 13:01:12.502064,0 days 00:51:56.481993,1.1105998746846617,0.11607688230354168,-1.4195016092572337,0.16716158161435773,0.13004490431361415,0.14732057457999684,0.8885108881990302,0.02923695206323884,0.5183178011024934,0.9499692256441004,0.42288932662740303,0.31678721947127014,0.529435626315143,0.14154653492281113,COMPLETE
554,0.725023786869648,2025-11-30 13:01:12.740592,2025-11-30 13:52:47.718702,0 days 00:51:34.978110,0.9878275321140101,-1.744558011608409,-1.5294445437132729,-0.0585322142420206,0.25228106767326924,-0.01864196258252037,0.9852486046276124,0.06128607340217768,0.5856420307370631,0.8613785304754566,0.39405860329972137,0.17722838975907232,0.6350101778923368,0.11062493365539508,COMPLETE
555,0.7055185537583254,2025-11-30 13:52:47.964236,2025-11-30 14:44:35.447579,0 days 00:51:47.483343,0.7597575602615179,0.22731460833546427,-1.2929293399413906,0.30844315714916126,0.3782244736690785,0.331187401858289,1.1216786777386174,0.04496501320443628,0.5578645292909499,0.8838640904948801,0.4555255821705603,0.026437118889564806,0.6105317430099318,0.18785560786236732,COMPLETE
556,0.7378686964795433,2025-11-30 14:44:35.667583,2025-11-30 15:36:28.553038,0 days 00:51:52.885455,0.8693310701319966,-0.36174487786753834,-1.7610641043751312,0.11295241404331771,0.6429332664876808,0.04171451034580001,0.8365104253432427,0.07655374739601857,0.6048673635868692,0.9693617181085294,0.4344774153423195,0.1437747254471001,0.509041514723991,0.15163105106242375,COMPLETE
557,0.7264509990485252,2025-11-30 15:36:28.811063,2025-11-30 16:28:11.922952,0 days 00:51:43.111889,1.146718640923172,1.6775476254222492,-1.5952356917331012,0.4484015831139009,0.19278782993662938,0.19936170659473257,1.040074937737665,0.024390590984881763,0.5029951575925984,0.9266758737522199,0.46651847791071976,0.23741415640137276,0.485053211961239,0.030283455718473025,COMPLETE
558,0.7316841103710752,2025-11-30 16:28:12.164563,2025-11-30 17:20:10.485696,0 days 00:51:58.321133,1.0372416970107043,0.3658166811672409,0.031130812794945787,0.013508573661016807,0.45004903280586245,0.14037880905161493,0.9605982468146999,0.055277152892681786,0.538806654968601,0.9018659985265569,0.40637117473176787,0.2895710439899056,0.5885666547457505,0.1261603537357252,COMPLETE
559,0.7378686964795433,2025-11-30 17:20:10.692995,2025-11-30 18:12:06.021692,0 days 00:51:55.328697,1.271118429768223,-0.1442586380871534,-1.3630806411391512,0.21968480278122654,0.3217024766835178,-0.08445813860394918,1.1954246490728584,0.010227524669473957,0.6253551099440402,0.8415062184217815,0.3489445492616868,0.07785527991028039,0.5631550395820577,0.16922532860233971,COMPLETE
560,0.7216936251189343,2025-11-30 18:12:06.258860,2025-11-30 19:03:54.924427,0 days 00:51:48.665567,0.6830394355061289,-1.9780540143234056,-1.1989006746326831,0.11237389669267035,0.5427238213501555,0.0704343221674969,1.8207931040607785,0.101110899912603,0.5671695125104081,0.9443576080732746,0.49841459913250696,0.11915166419865725,0.5321250033175077,0.21800285522288754,COMPLETE
561,0.7159847764034253,2025-11-30 19:03:55.134898,2025-11-30 19:55:50.563962,0 days 00:51:55.429064,0.9186333004318177,0.17056585677943453,-1.5015172418813478,-0.15579861624107216,0.07163384271499015,0.24186488073904777,0.740374863215969,0.03994690626761331,0.7870757393019996,0.9154353636619103,0.5306531538854704,0.15093679158387152,0.7283389532392072,0.010007843395962444,COMPLETE
562,0.7269267364414843,2025-11-30 19:55:50.854532,2025-11-30 20:47:48.293836,0 days 00:51:57.439304,0.8007637763064244,0.2925835360764346,-1.6678544647600968,0.3165721194503293,0.25074499964744956,0.34520546477018965,0.626056450992019,0.07395145304433715,0.5884384794582511,0.9838784768219191,0.3802373743333635,0.19655827819856317,0.48989679783022944,0.09796552780662296,COMPLETE
563,0.7240723120837298,2025-11-30 20:47:48.555900,2025-11-30 21:39:48.360655,0 days 00:51:59.804755,1.0823761856486256,0.960380581546255,-0.13215503769441606,0.18704247833404342,0.3913411557454295,-0.01985471501099234,0.9039986392450651,0.027600355533874032,0.9751287348066011,0.4166244255914885,0.4224715238227263,0.26406276777731946,0.655273707650799,0.19314821991476358,COMPLETE
564,0.7288296860133207,2025-11-30 21:39:48.571803,2025-11-30 22:31:30.067246,0 days 00:51:41.495443,0.966000632463799,1.0468496878776423,-1.4745870508099461,0.049662392582203944,0.14799173648177505,0.13406567239368028,1.0951849641049847,0.06019129292306329,0.5513508038410364,0.8840028802493946,0.4824609887403804,0.22521727078759873,0.4300127841420921,0.06791658764274905,COMPLETE
565,0.4300666032350143,2025-11-30 22:31:30.320784,2025-11-30 23:23:27.534645,0 days 00:51:57.213861,1.1968001228710745,0.4271672839879287,-1.6070261545977849,0.2501244773853949,-0.0614521606338404,0.06476221033741104,-1.7422510578859245,0.08500387326060846,0.5211868053367286,0.33956792966599136,0.45126479513122497,0.09886272723775207,0.46577094164395966,0.6462504192664625,COMPLETE
566,0.7112274024738344,2025-11-30 23:23:27.724938,2025-12-01 00:15:07.102522,0 days 00:51:39.377584,0.8551973418488779,0.05643637403998536,-1.7130722692925433,-0.05291677032796133,0.4664008045738386,0.22494221783033336,1.2884812172478672,0.042553109567969136,0.6520479175008156,0.9580426340951864,0.5632538595974065,0.16440355918093907,0.7075697780992284,0.1565798816038445,COMPLETE
567,0.7402473834443387,2025-12-01 00:15:07.360317,2025-12-01 01:07:04.962509,0 days 00:51:57.602192,1.0452904814415223,-0.04796331229949763,-1.3063224096444248,0.15215954095540785,0.29503726102047617,-0.017360528207360434,0.8392157509252522,0.06044585907157712,0.5775983608186588,0.9310828451951445,0.3144588597039235,0.1301537947213086,0.5394628032611305,0.2436659453417625,COMPLETE
568,0.7321598477640342,2025-12-01 01:07:05.224596,2025-12-01 01:59:03.136966,0 days 00:51:57.912370,0.9192247857564504,0.22607069784497932,-1.8163307992881115,0.3662539511239391,0.3793815187670162,0.1576452304575023,0.9795354568465927,0.04148215175521846,0.4920814912805026,0.9073106126482059,0.8362496891052305,0.24441716458990853,0.5133204112868286,0.1283859224832839,COMPLETE
569,0.7136060894386299,2025-12-01 01:59:03.372938,2025-12-01 02:50:56.450871,0 days 00:51:53.077933,1.014361977211594,0.14191331244947994,-1.4322657653041126,-0.34389225532318346,-0.22021092892683475,0.2900224747739686,1.1506566421666697,0.02556176791173551,0.6093013987214934,0.9753865681152131,0.5103911019415599,0.06435842058846974,0.6265102064286093,0.05188061387775808,COMPLETE
570,0.7245480494766888,2025-12-01 02:50:56.660167,2025-12-01 03:42:51.949475,0 days 00:51:55.289308,0.606880244036805,0.3327871526723658,-0.23191634693518892,0.06255759929193586,0.5996779318580912,0.08224504794778373,1.0550997772942972,0.01071480429949385,0.5394823648340487,0.861350521480576,0.43845565748424314,0.20395463222375548,0.5543163968674926,0.17906865742723177,COMPLETE
571,0.3644148430066603,2025-12-01 03:42:52.167184,2025-12-01 04:34:46.835486,0 days 00:51:54.668302,1.3998330598043847,0.46816072040803514,-1.528498048682293,0.5336909201834457,0.20564536944286074,-0.1222011489346781,-0.8913226900851071,0.1006463722816743,0.5617647529217452,0.9395571578815907,0.40038698616368434,0.8970132022033215,0.6751016565529114,0.1493780958221952,COMPLETE
572,0.7392959086584205,2025-12-01 04:34:47.067212,2025-12-01 05:26:40.181330,0 days 00:51:53.114118,0.7230214587187667,0.02866622562110361,-1.3753066787502415,0.25096525755824517,0.48992533381764924,0.21689364935020627,0.9120392491187732,0.0723849299713965,0.5103000265692936,0.8867297102090166,0.37683471655362005,0.10087168822932614,0.49755479111153217,0.10512812096243014,COMPLETE
573,0.7155090390104663,2025-12-01 05:26:40.376363,2025-12-01 06:18:28.692942,0 days 00:51:48.316579,1.1366201328563958,0.10359562716437698,-1.1966690757237601,-0.0022735100179489404,0.028207081451372948,-0.4945512626974248,1.0128514891709464,0.04765698598333406,0.589756320441354,0.9207909724617356,0.4737453996327948,0.18137860810064624,0.5803262953139311,0.21346313390070773,COMPLETE
574,0.49857278782112274,2025-12-01 06:18:28.900914,2025-12-01 07:10:25.117692,0 days 00:51:56.216778,1.2799126432012922,0.8273742247082517,-1.6363261911322708,0.14831981818498824,0.3220955396727433,-0.004864209220012822,0.8035225019259127,0.08273212705360437,0.5503839442187829,0.9523583024349795,0.4197560287954267,0.13954256874458323,0.5256761884876521,0.17347580989357533,COMPLETE
575,0.741674595623216,2025-12-01 07:10:25.340376,2025-12-01 08:02:04.480748,0 days 00:51:39.140372,0.8011923535743478,0.25976917585386405,-1.5544650801888973,0.09623173970807304,0.1424488374108549,0.12089961914829353,1.2276807495055302,0.027794115186684933,0.5289897294140856,0.8169686685913622,0.4558867943122038,0.2669960160576252,0.4707434185796681,0.0841857206699094,COMPLETE
576,0.7150333016175071,2025-12-01 08:02:04.698488,2025-12-01 08:53:42.638949,0 days 00:51:37.940461,0.9540328147535841,-0.27719546136354123,-1.429073646623752,0.2957768293903331,0.2526101975461495,0.384512300425431,0.9439869149585155,0.055457982000002334,0.2509140696612676,0.8980277115621185,0.6823251980916673,0.04636957691589956,0.548674254184571,0.1292947730416466,COMPLETE
577,0.42768791627021885,2025-12-01 08:53:42.916134,2025-12-01 09:45:25.532816,0 days 00:51:42.616682,1.0971057741635695,0.19245726904110277,-1.2779182872179267,-0.0960352110586013,0.41390119731836955,0.031156110248374363,1.123767009990784,0.5340514210085757,0.6342469975214307,0.9255970314712302,0.48404386746389044,0.1221757140080909,0.6081941313097023,0.20241954624537872,COMPLETE
578,0.7269267364414843,2025-12-01 09:45:25.825313,2025-12-01 10:37:24.311607,0 days 00:51:58.486294,0.8785002774802987,-0.03435387287351897,-1.711092596973138,0.18605469899649235,0.6781986144392905,0.15847651495339435,1.057552525826461,0.040618461995167054,0.577821369411673,0.8688293758458892,0.9890610192441156,0.15957439444120972,0.6432908126153053,0.15972800905249798,COMPLETE
579,0.719790675547098,2025-12-01 10:37:24.539437,2025-12-01 11:29:01.084337,0 days 00:51:36.544900,1.1869808684135479,0.3561371351843311,-1.8578050964997224,0.04633995136165728,0.5050616674021785,-0.21291966246535088,0.6978136070642574,0.06850027899089675,0.6163690787301497,0.9656942643629086,0.5178129359383254,0.22162636546823755,0.5006737709329936,0.18679157330838875,COMPLETE
580,0.7369172216936252,2025-12-01 11:29:01.604962,2025-12-01 12:20:36.145203,0 days 00:51:34.540241,0.9815296423575744,0.10842033460959159,-1.1307286314499267,-0.01972182344115809,0.35588431566404066,-0.060258964716483496,0.8847779027852913,0.02667754324136587,0.5984923554605824,0.9078146043717761,0.438526560851039,0.29570565391771336,0.6952944362334562,0.14542982636101068,COMPLETE
581,0.7231208372978116,2025-12-01 12:20:36.477351,2025-12-01 13:12:25.153534,0 days 00:51:48.676183,0.6852147694785904,0.2831218256019265,-1.5990484165830574,0.18639310588071611,-0.11284923216310794,0.2830316255244613,0.9873253940181067,0.12003199582910061,0.5665469345374576,0.9996685596721279,0.40042603140081834,0.09264603373261635,0.8071441505195052,0.11448777931604635,COMPLETE
582,0.7383444338725024,2025-12-01 13:12:25.650976,2025-12-01 14:04:08.417439,0 days 00:51:42.766463,1.0475109973169852,0.3951966502878829,-1.3465232773855436,0.26726596415109455,0.5783302324420754,0.20466171348667803,1.1695402260998566,0.010548777458463419,0.4986107954760013,0.9386097828671498,0.36102675821778735,0.33336346124200905,0.5162369420481084,0.05409048987559562,COMPLETE
583,0.7378686964795433,2025-12-01 14:04:08.814800,2025-12-01 14:55:39.657180,0 days 00:51:30.842380,0.8143183287116867,0.5179863679837005,1.8328190791991383,0.3978771521489658,0.09843121719821009,0.09342074614151338,1.3277050025765318,0.0883571317072969,0.5379891392680446,0.8461960959905436,0.5358734252347386,0.2519812391799031,0.7469578862239808,0.1655481888096463,COMPLETE
584,0.7378686964795433,2025-12-01 14:55:40.009928,2025-12-01 15:47:25.810490,0 days 00:51:45.800562,0.9127294427516176,0.1784329432887877,-1.448951415970217,0.10387557399309161,0.2427244192784616,0.03669779633248732,0.49212046340770427,0.05689898845680797,0.5215282099636802,0.8844106050508506,0.4939888470174661,0.11844749828699444,0.5608884289485215,0.1350666084267315,COMPLETE
585,0.7440532825880114,2025-12-01 15:47:26.192205,2025-12-01 16:39:10.471890,0 days 00:51:44.279685,1.144923659692379,0.02816812786731055,1.9827266846563179,0.12964624483230497,-0.00548686936217857,0.3068318503316255,0.8006870858502008,0.04033997086363984,0.5502276853667304,0.9619704648905721,0.332172578038836,0.07850716794205498,0.5393387762983273,0.07969915643866579,COMPLETE
586,0.35014272121788775,2025-12-01 16:39:10.791887,2025-12-01 17:30:50.126457,0 days 00:51:39.334570,1.2383970671903795,-0.10625247460755788,-1.9339773086963692,-0.18260454623207567,0.00025199872348347085,0.399693009703019,0.7585497800821929,0.10541891776857466,0.5746243536273987,0.9837516953608774,0.30088813984016666,0.04758370822412029,0.5321933889564353,0.07657685964915378,COMPLETE
587,0.7150333016175071,2025-12-01 17:30:50.466611,2025-12-01 18:22:29.281757,0 days 00:51:38.815146,1.183093304517747,0.011745112691926823,1.9700201320867095,-0.0056597339269549365,-0.08856449154041647,0.4505621854224203,1.0679339459594983,0.06630182559294692,0.5977220072320406,0.5136992227825646,0.3165851250361031,0.059704206265717916,0.5727407463967965,0.09553610343765395,COMPLETE
588,0.450523311132255,2025-12-01 18:22:29.605256,2025-12-01 19:14:16.094162,0 days 00:51:46.488906,-0.48896765494494066,-0.21337863510883281,1.4133161309080933,0.07528820141562349,-0.16953088554035847,0.3373544846859445,0.9515026484301962,0.04735799083379062,0.714403037581441,0.9767109207928094,0.3168286772582874,0.080319574931202,0.5424367752945318,0.06573002613476732,COMPLETE
589,0.4333967649857279,2025-12-01 19:14:16.445554,2025-12-01 20:06:00.072025,0 days 00:51:43.626471,1.2736399457988763,-0.06572916047615879,-1.7765622286877676,0.22558546970518797,0.006448206737331652,0.32937903809470565,1.1374856604564265,0.08149275592431479,0.67339740564879,0.9597657648864747,0.33182509639745805,0.08161816050929932,0.5873170555858486,0.033733022545798054,COMPLETE
590,0.5337773549000951,2025-12-01 20:06:00.353406,2025-12-01 20:57:27.878948,0 days 00:51:27.525542,-0.18560634299446122,0.05602792671997227,0.8345212316465453,-0.08231223326293301,0.09853269231273011,0.23849773218265954,-0.7581527108789501,0.6870059047181819,0.5562321554207162,0.9605436547048933,0.33716642679795583,0.0964536346485964,0.5177866555745824,0.08555534608716618,COMPLETE
591,0.48287345385347286,2025-12-01 20:57:28.296659,2025-12-01 21:49:00.024509,0 days 00:51:31.727850,1.360331992840864,1.141390572070395,1.5370057155010897,0.3241764653547381,-0.058798575497973515,0.453061096704368,0.8261084201698292,0.7852079678055474,0.5784266367483196,0.9454571468160267,0.35611555064447425,0.06534701271117045,0.4878725276001436,0.05029824508610974,COMPLETE
592,0.7121788772597526,2025-12-01 21:49:00.346244,2025-12-01 22:40:31.236596,0 days 00:51:30.890352,1.1205667285777376,-0.12613392924786185,1.272842020639479,0.1568408651909805,0.048747484118466994,0.2792254893982459,1.0313496002928715,0.04413401736835936,0.6172781202941647,0.9822332033600228,0.33245050666082215,0.10710002877482146,0.5574970596276921,0.1023424682998801,COMPLETE
593,0.7511893434823977,2025-12-01 22:40:31.461082,2025-12-01 23:32:20.275271,0 days 00:51:48.814189,1.1526177822940293,0.307566777812634,1.7981122978063528,0.04465810813115524,0.20745333767086097,0.19487056276156423,-0.37555419051277644,0.010228531326195998,0.5513426186192569,0.9616904597185584,0.3795653892717189,0.074107312093924,0.45568227697612385,0.08623108987608177,COMPLETE
594,0.7331113225499524,2025-12-01 23:32:20.589167,2025-12-02 00:24:05.313327,0 days 00:51:44.724160,1.3435193762053694,0.20103390402617605,1.7874451746102105,-0.24889826096384315,0.1488192204907801,0.17681311313772807,0.6865859246879668,0.025662438334982246,0.5987700864518445,0.9772822499352389,0.3733361504070246,0.07996763223552246,0.40346885548130246,0.07735443204015703,COMPLETE
595,0.7350142721217888,2025-12-02 00:24:05.620263,2025-12-02 01:15:48.640105,0 days 00:51:43.019842,1.1997009054513776,0.8858178004025685,-0.6277289490497437,-0.03149789395764002,-0.054214532346354066,0.14851586514277448,-0.3779221690091269,0.010466015667529749,0.560917861912349,0.9636121743289778,0.345332072592899,0.11489433345241286,0.42403238959879186,0.052572927518085004,COMPLETE
596,0.7321598477640342,2025-12-02 01:15:48.892193,2025-12-02 02:07:10.771493,0 days 00:51:21.879300,1.3035573300933654,0.4379112645136111,0.6918478835325023,-0.10868582451699225,0.06111589862027078,0.1990952919842581,-0.21399041080022435,0.029051606641013073,0.6352893866115193,0.9964771622885291,0.2718489183555398,0.09596560141128647,0.45950474426084353,0.07425833542014512,COMPLETE
597,0.735965746907707,2025-12-02 02:07:11.077274,2025-12-02 02:58:42.457257,0 days 00:51:31.379983,-0.3171855091898146,0.04207968466971673,1.8748925262028722,0.030425955399372304,0.14990747622022016,0.07297014169601654,0.7663008788947845,0.025351828548324448,0.5770325992875917,0.9499656012985843,0.38358312101773673,0.13527673839473556,0.4519916489891662,0.0872998802064418,COMPLETE
598,0.7373929590865842,2025-12-02 02:58:42.685093,2025-12-02 03:50:22.102710,0 days 00:51:39.417617,1.136088406937035,0.25662118212784624,1.9761548049467346,0.041561338762080915,-0.14673890479693,0.12402192589726241,-0.3400854723090989,0.04019445975375943,0.5444394551858757,0.965465861285435,0.36800987932868523,0.11261667888594719,0.5368332640703727,0.03174075522484132,COMPLETE
599,0.5694576593720266,2025-12-02 03:50:22.386344,2025-12-02 04:42:12.382119,0 days 00:51:49.995775,1.4523786270014492,1.0037212618432472,-0.4201023862412755,0.10112780307572689,0.20047117063773068,0.23964675774117744,1.220448953593087,0.8941572824542154,0.4835542515766449,0.9386992050509343,0.3836859525090624,0.14600030993745017,0.4390289167311471,0.10411509297844486,COMPLETE
600,0.7369172216936252,2025-12-02 08:10:39.982968,2025-12-02 09:02:30.455101,0 days 00:51:50.472133,1.1510704659393385,0.3006171570368441,-0.3194286347192166,-0.02187578292984904,0.30889011456747123,0.16989117201447226,0.8957680978491982,0.012009096776896183,0.6009054211208916,0.7462043268171983,0.3448137976963953,0.07114000566750378,0.5964645049054702,0.06560438932574154,COMPLETE
601,0.7397716460513797,2025-12-02 09:02:30.741519,2025-12-02 09:54:09.751375,0 days 00:51:39.009856,1.2746743260696727,-0.0042706891020241056,1.8743372115277317,0.06993527490866651,0.07928386150079351,0.08454694686706715,-0.04898461532931398,0.04650249098549529,0.5158652124880678,0.9824990984353635,0.4011847502461645,0.1276097903509078,0.5687917447131756,0.08923766907418754,COMPLETE
602,0.7045670789724072,2025-12-02 09:54:10.056504,2025-12-02 10:45:48.051972,0 days 00:51:37.995468,1.211770154607804,0.13614471402794265,1.8819855170810342,-0.15853541009165997,0.18200254096809196,0.288746493128336,0.9451939454560664,0.02670071003758551,0.5572414120010847,0.954100812239038,0.4133557256699669,0.09014913007195853,0.6563253743922373,0.049653373593173816,COMPLETE
603,0.7245480494766888,2025-12-02 10:45:48.393118,2025-12-02 11:37:38.403049,0 days 00:51:50.009931,1.0903594348989158,-0.18757974792716942,-0.527393085340768,-0.06072356263867798,-0.029889575087674376,0.19888030190900308,-0.5468519702696356,0.010008873390005123,0.5837060357999564,0.9335995338906521,0.3564699592571794,0.11186322880847407,0.5138473081594755,0.10122522617066733,COMPLETE
604,0.7335870599429115,2025-12-02 11:37:38.658383,2025-12-02 12:29:05.278205,0 days 00:51:26.619822,0.5803043455538927,0.37841825949178887,1.7837758223884903,0.1320127993043784,0.28156950864046587,0.11660277679831918,0.8190239847059648,0.06090681041971786,0.6165721243583936,0.9670879159684668,0.3925117315271508,0.4452621722441748,0.6160066140460523,0.11584359825126667,COMPLETE
605,0.7240723120837298,2025-12-02 12:29:05.531513,2025-12-02 13:20:37.000971,0 days 00:51:31.469458,1.0478453092254292,0.7294949523211158,1.7844009469508388,0.03965257637654966,0.3767296205599226,-0.9810809189259813,0.5916271505983667,0.010127062288138727,0.5620624280600313,0.947743976821217,0.4231225404514066,0.1587061892727381,0.5435368599156641,0.06457232618033064,COMPLETE
606,0.5894386298763082,2025-12-02 13:20:37.380147,2025-12-02 14:11:50.238541,0 days 00:51:12.858394,-1.0746730382689613,0.094286047874582,1.6194268697210503,0.14623507417673726,0.22920426152994733,0.026451131510400183,1.979359137225741,0.04493640212775249,0.5325446325616255,0.9183224244694449,0.9544940770507435,0.13775317262273612,0.49658095225566945,0.024151887336550118,COMPLETE
607,0.5342530922930543,2025-12-02 14:11:50.525289,2025-12-02 15:03:36.895255,0 days 00:51:46.369966,-1.6614719589755702,0.2304336543248518,1.0939689873888607,0.21314817999110527,0.02939678839734073,0.34617183041092414,-0.14059757395013142,0.07143352562667624,0.5853297506505137,0.9820081926080881,0.43722322539989106,0.5297774117368897,0.5266094584776196,0.8875410810401281,COMPLETE
608,0.7373929590865842,2025-12-02 15:03:37.213590,2025-12-02 15:55:24.656607,0 days 00:51:47.443017,1.1491734274772976,-0.06250761140534361,0.6229935802571038,-0.01070376726002284,0.29667176867964656,0.23129406640772393,1.1184712258834404,0.03345170548010676,0.6543706470658287,0.9332589572510818,0.7784355808837788,0.3775357197206262,0.5717050485527276,0.12599583182808546,COMPLETE
609,0.7435775451950524,2025-12-02 15:55:24.951863,2025-12-02 16:47:07.254399,0 days 00:51:42.302536,0.4926492046113902,0.17506786603488247,-0.8168434855779083,0.09110972801173187,0.12068204200221783,0.12455396069189337,1.3938039865399166,0.05597371469912834,0.5147704684644121,0.9583317661599803,0.3751485546669989,0.09505765554513718,0.636487299736402,0.08371853782974192,COMPLETE
610,0.7340627973358707,2025-12-02 16:47:07.477986,2025-12-02 17:38:46.839441,0 days 00:51:39.361455,0.4227161654212054,0.0518780062788842,-1.0784895463019886,-0.057845668921583326,0.08761732707354364,0.1496236241768934,1.6470304775081699,0.04238170471262105,0.012812177087234977,0.9685371068113672,0.3608349247358091,0.0793747753872829,0.666704575872886,0.06840701274441292,COMPLETE
611,0.7278782112274025,2025-12-02 17:38:47.073477,2025-12-02 18:30:25.319785,0 days 00:51:38.246308,0.4484790136153082,0.13335655375321248,-0.7157602796490865,0.06570356114605545,-0.04343461920662853,0.27233249180164554,1.3331672047362555,0.029517567326322876,0.5537185668417152,0.9998703339086916,0.376690429988109,0.06772760838565794,0.6607669209390601,0.08605066850929433,COMPLETE
612,0.7288296860133207,2025-12-02 18:30:25.582754,2025-12-02 19:22:11.404129,0 days 00:51:45.821375,0.4818873176431419,-0.017117881145026097,1.9370016317506267,0.09252955211104255,0.15095461954991668,0.19413347187931787,-0.44710753467218933,0.05741539305918472,0.573105104351728,0.9592134093663907,0.3233340863089063,0.09274767778619981,0.6276954254687488,0.08039305291405321,COMPLETE
613,0.7369172216936252,2025-12-02 19:22:11.730634,2025-12-02 20:13:58.139561,0 days 00:51:46.408927,0.6091855849175138,0.18344816626134258,-0.7736714832471108,0.01730708364998436,0.011356130736358855,0.09962466491935305,1.4201259376426059,0.0887625746342143,0.5041676270212804,0.9775679527390854,0.39140664370660355,0.037643965613235394,0.6374650352691766,0.045905256209998274,COMPLETE
614,0.7207421503330161,2025-12-02 20:13:58.375107,2025-12-02 21:05:23.134075,0 days 00:51:24.758968,0.5127955183135047,0.029430726588825507,-1.028421327532752,-1.7019158769057674,0.10882124790337057,0.37464958032953166,1.6232904936903454,0.052137597596864094,0.6088227692747119,0.9438291989522188,0.36364227819623474,0.2865775306164099,0.6772600584291734,0.03723634430759257,COMPLETE
615,0.7297811607992388,2025-12-02 21:05:23.569385,2025-12-02 21:57:05.430941,0 days 00:51:41.861556,0.6220572462636007,0.19306582917541404,-0.8585133651549502,-0.11678962676157721,0.16781860188589043,0.026802736546259975,1.4016491578693895,0.027489357800897594,0.5397041216536917,0.9584052616041482,0.4103220432476738,0.1001670379683936,0.6065724589774141,0.09118183212489456,COMPLETE
616,0.7017126546146527,2025-12-02 21:57:05.735208,2025-12-02 22:48:41.344333,0 days 00:51:35.609125,0.582700815315725,0.928310813973745,-1.144032418231788,0.26689708546651736,-0.2402351268042629,0.254501028304452,-0.6023810539823324,0.0722469450812625,0.6359387333325648,0.9886925211690888,0.3787660756617565,0.3076090441124275,0.6560639570768133,0.10887405541057138,COMPLETE
617,0.7402473834443387,2025-12-02 22:48:41.740864,2025-12-02 23:40:04.278119,0 days 00:51:22.537255,0.49702324134829506,0.09133592618083775,-0.8691059161212197,0.2049917743736463,0.042809311568049124,0.15649735548687987,1.5794308978884404,0.027549373293029138,0.524039269272682,0.9433991596547602,0.3518212306270851,0.07078540111474892,0.6213013381287436,0.06036113105652148,COMPLETE
618,0.4605137963843958,2025-12-02 23:40:04.546814,2025-12-03 00:35:54.103854,0 days 00:55:49.557040,0.6977147249539943,-0.11473593816686373,1.9908025873987043,0.12795153979741244,0.20816159908476317,0.04091866568129324,1.440875495736505,0.20868004865824458,0.5866260454736262,0.922857920004303,0.4028124386561744,0.17469783451323623,0.6344894720945614,0.10116093623651752,COMPLETE
619,0.7350142721217888,2025-12-03 00:35:55.357734,2025-12-03 01:28:16.018982,0 days 00:52:20.661248,0.3255459488416078,0.2622115457651556,1.7117129922168055,0.011826993674757924,-0.1163765862624968,0.09689330488356179,1.7344509689698915,0.04937386187714035,0.4773373837968524,0.9683921165709941,0.33685433270048587,0.2648612187774114,0.6869823977481333,0.07507719655994267,COMPLETE
620,0.7383444338725024,2025-12-03 01:28:16.456923,2025-12-03 02:20:07.038034,0 days 00:51:50.581111,0.526006798575256,0.11763147847120907,-1.1906903916041836,0.17664513248676766,0.15313515741188183,0.20553667299161102,0.3141235069651924,0.09127179349805395,0.5657304083059879,0.9422000528201803,0.4218619040268498,0.12320000523156442,0.47004665125810324,0.11579494967178895,COMPLETE
621,0.6674595623215985,2025-12-03 02:20:07.330320,2025-12-03 03:11:54.436906,0 days 00:51:47.106586,0.6837784235253647,-0.02514967549891612,-0.9878750060725451,-0.22044701286024543,-0.01838483653611806,0.3237865165622815,0.8805421857823685,0.010014269296335464,0.6014685478975357,0.905092651802642,0.2924553648597774,0.10316244349037815,0.6002933731528483,0.7755146439499702,COMPLETE
622,0.7297811607992388,2025-12-03 03:11:54.702373,2025-12-03 04:03:16.743301,0 days 00:51:22.040928,0.40227027025707407,0.20830031792537684,-1.2432106801118687,0.34824467881241383,0.2430309430760002,-0.025599547405443207,0.059749193428544456,0.06980821546599933,0.5507096100674261,0.9983570171036062,0.39026945534932334,0.14919069280985003,0.48078354787292743,0.054961335334145406,COMPLETE
623,0.6941008563273073,2025-12-03 04:03:17.000228,2025-12-03 04:54:44.549015,0 days 00:51:27.548787,1.2388366140574552,0.7751765047074526,1.682560155391407,0.09814574741271487,0.08758182181355631,0.13047115783556723,1.4933309002068873,0.04027131532690419,0.5242655033454969,0.9571232072836672,0.44829041578158735,0.19432080278854436,0.6391626319430348,0.31396633956739317,COMPLETE
624,0.7202664129400571,2025-12-03 04:54:44.847266,2025-12-03 05:46:24.561277,0 days 00:51:39.714011,0.7841527794633854,0.6318341462136712,1.9069648994980253,-0.07798207566442775,0.32096534723736014,0.23461356601508687,1.5605196473532794,0.05696677635635707,0.14254608779865385,0.9281145816357123,0.42488982568207984,0.2422196658306405,0.5078901632415395,0.09383793620386618,COMPLETE
625,0.527592768791627,2025-12-03 05:46:24.907366,2025-12-03 06:38:06.811087,0 days 00:51:41.903721,1.3838647358544272,0.3163211043361148,-0.9763787027772157,0.25873446945995787,0.21236379264418823,0.04036186311278786,1.5197972211952355,0.11563223582629292,0.6273301745011872,0.9129161690656593,0.3733359436998391,0.27883620371475554,0.6469685214512294,0.025489895029330023,COMPLETE
626,0.7278782112274025,2025-12-03 06:38:07.096663,2025-12-03 07:29:39.332539,0 days 00:51:32.235876,1.087065356230124,0.06853791843549925,-1.1648931817982984,0.05348912433448552,0.2737721058818906,0.5355798794096327,0.7277579024244536,0.02778112299282994,0.4981085850948078,0.9744615004379881,0.4064724374664359,0.0480764392217099,0.4468335845113248,0.12396880887223861,COMPLETE
627,0.7445290199809705,2025-12-03 07:29:39.676672,2025-12-03 08:21:41.215743,0 days 00:52:01.539071,0.6439243354821685,0.1706792219849795,-1.0705781125295761,0.1921410561141914,0.10248511632039653,0.14819648949602857,1.273209261457463,0.07351088262381483,0.5749916630686662,0.9463646324268293,0.45916432880301283,0.08863645935361772,0.5013939742950799,0.08429973989358493,COMPLETE
628,0.7283539486203615,2025-12-03 08:21:41.431338,2025-12-03 09:13:29.907340,0 days 00:51:48.476002,0.5994230208548641,0.12907430653623722,-0.9159056467603056,0.4281117976631354,0.020843349627268054,-0.05656692051501219,1.4189618644898647,0.10235744257205218,0.5940990688155764,0.9358343528017032,0.4634605024136932,0.061736225026252124,0.6798332166379768,0.056972814361157774,COMPLETE
629,0.7274024738344433,2025-12-03 09:13:30.211930,2025-12-03 10:04:56.595766,0 days 00:51:26.383836,0.6692820809487714,0.004949255092940703,-1.068115759008257,0.31399250936316836,0.0902612755661103,0.10963585073943477,1.3179993144075965,0.08423669411203594,0.5765798166900531,0.8953875407112076,0.4340863816343753,0.08192900028689473,0.5161517434261622,0.043097828604082164,COMPLETE
630,0.736441484300666,2025-12-03 10:04:56.859895,2025-12-03 10:56:24.896086,0 days 00:51:28.036191,0.5263849526857498,0.15930561220430525,-0.954443220971826,0.22273462526212687,-0.12816750028656404,0.2550722732509355,1.3131406663649408,0.07326528794637327,0.606787166703251,0.9536313671745432,0.3419468597029818,0.08020362974080887,0.5827520925098547,0.07434904119319169,COMPLETE
631,0.7207421503330161,2025-12-03 10:56:25.297498,2025-12-03 11:47:52.448086,0 days 00:51:27.150588,0.5841045618951458,0.06324400014471727,-1.1389071060954135,0.17038752498659582,-0.0333868924198889,0.38097701466082584,1.3857902982662842,0.13529707740573865,0.5735306475432335,0.9226111495271971,0.38927557232724586,0.0953270495483183,0.5350699579509016,0.0720703995982706,COMPLETE
632,0.7464319695528069,2025-12-03 11:47:52.766075,2025-12-03 12:39:45.674258,0 days 00:51:52.908183,0.6585339574131354,0.2052214431557308,-1.073753482583345,0.11784569336561224,0.10710403068092121,0.17536867834580686,1.3085178095228072,0.09594290656393512,0.6262603083862497,0.9744118406882066,0.2933317097294398,0.04276651465558769,0.49987406743593454,0.012632746506170411,COMPLETE
633,0.48287345385347286,2025-12-03 12:39:45.937344,2025-12-03 13:31:16.631369,0 days 00:51:30.694025,0.5297979529689425,-0.06587532075178698,-1.0675820475228448,-0.03934238369167256,0.09671913541632238,0.3166909969901728,1.4899184449202976,0.252890751601238,0.6639711552514579,0.9844597257036588,0.2849461438168118,0.04326104442413073,0.6175476962549068,0.021457022153867557,COMPLETE
634,0.7373929590865842,2025-12-03 13:31:17.060469,2025-12-03 14:22:35.644775,0 days 00:51:18.584306,0.7287326894367895,0.23802507453051824,-1.2486228837314604,0.01925216563555599,0.03066879725409935,0.1658961156111884,1.2848066430940062,0.09724392335654149,0.6516744363206155,0.998050782781526,0.27052635507925715,0.01183829688728933,0.4653692702007819,0.01012583893244957,COMPLETE
635,0.7350142721217888,2025-12-03 14:22:35.887496,2025-12-03 15:15:52.656707,0 days 00:53:16.769211,0.6099584421542551,0.1485697335797485,1.9845186898292906,0.10550806072629763,-0.07428434020963591,0.059018087546380035,1.3425281978842063,0.12729059694821146,0.6274894844222237,0.9723832932045722,0.32829599171238366,0.07212646888073121,0.4792680880165932,0.03148755294419575,COMPLETE
636,0.7293054234062797,2025-12-03 15:15:52.943479,2025-12-03 16:07:39.264860,0 days 00:51:46.321381,0.6554434129410676,0.050810138932968346,-1.1325039112054351,-0.16951574948301518,0.10625926677358649,0.20996599671193836,1.37947062016806,0.10755625624489715,0.6398938949989961,0.7041180221873291,0.3094025682448903,0.02717489231957332,0.5015488008331003,0.02783226714588372,COMPLETE
637,0.70313986679353,2025-12-03 16:07:39.546181,2025-12-03 16:58:58.506604,0 days 00:51:18.960423,0.4576744377307924,-0.07527394646417221,0.47310068520466664,-0.8308504759872173,0.020025071480113954,-0.11377685104975621,1.2851995146060577,0.010382278208736271,0.6222529159854164,0.9829484828413171,0.2851729199908378,0.029339130897318107,0.7005279491253625,0.012733598940800311,COMPLETE
638,0.4581351094196004,2025-12-03 16:58:58.769723,2025-12-03 17:50:32.098805,0 days 00:51:33.329082,1.8545956813316602,0.20869580459966425,-1.214975688836554,0.07015793870649363,0.13954161539220952,0.3060750615808113,1.2649767456495737,0.05862633107290192,0.6074166940022796,0.9593983932788929,0.269306330569349,0.0393100613756497,0.5554692231377578,0.015552397506373144,COMPLETE
639,0.7259752616555661,2025-12-03 17:50:32.434594,2025-12-03 18:42:10.803844,0 days 00:51:38.369250,0.6698456033731126,0.26429966626539436,-1.047591913835995,-1.179684891278885,0.16666986953391372,-0.025168149462850065,1.3741402193011103,0.08176576244416252,0.6867802156140472,0.9358087881366131,0.2585570293638633,0.06290622011070396,0.6507926878637347,0.043298668614171205,COMPLETE
640,0.7131303520456708,2025-12-03 18:42:11.057068,2025-12-03 19:33:48.952461,0 days 00:51:37.895393,0.3711206958870323,1.0452170513771568,-1.27025687207411,0.15511745315667272,-0.2877757979732495,0.4446831828870989,1.2251580625636562,0.043009542054074576,0.5601938911904739,0.9062916761418411,0.24093119013637534,0.05526438407710771,0.5903621364518893,0.034413141616482346,COMPLETE
641,0.6907706945765937,2025-12-03 19:33:49.231662,2025-12-03 20:25:38.284526,0 days 00:51:49.052864,0.49781950648504236,0.8553698087690611,-0.7576702475965125,-0.0850335692602503,-0.03313142298403558,0.09995217263098143,1.4836773432982182,0.05990220998041609,0.5869597653918555,0.7665519494418495,0.30282677107337963,0.056539139767067814,0.6684356577223727,0.2639692083740785,COMPLETE
642,0.7350142721217888,2025-12-03 20:25:38.566139,2025-12-03 21:17:19.643262,0 days 00:51:41.077123,0.5729017180510972,-0.16981842260140545,-1.3178122055124382,0.005757818674325912,-0.20390158859934265,0.19576630957588795,1.2356118144241774,0.010072870926620486,0.851407090667339,0.9620267775675937,0.3097599770347158,0.08179977341626546,0.5285575404858214,0.048778787023881144,COMPLETE
643,0.7178877259752616,2025-12-03 21:17:19.866450,2025-12-03 22:08:44.935015,0 days 00:51:25.068565,0.7113223985026027,0.10060397021474347,-1.133814809535059,1.620243652842589,0.06988498100724627,0.031207038260644443,1.230268345395589,0.09052292710068635,0.6234036506292235,0.9758595352826549,0.34977523160734675,0.02418635144709829,0.49894777149510217,0.05698569104343859,COMPLETE
644,0.7335870599429115,2025-12-03 22:08:45.207066,2025-12-03 23:00:26.866818,0 days 00:51:41.659752,0.6288607746708189,0.03698269766960621,0.9416674674353537,0.10434928516921646,0.15293326144354585,0.2737007927302759,1.351151636087377,0.036603748871644755,0.6496181972426972,0.9195322968247613,0.37556591247487386,0.10430179496382279,0.5502441055048763,0.10319599767844394,COMPLETE
645,0.7164605137963844,2025-12-03 23:00:27.099696,2025-12-03 23:52:02.893201,0 days 00:51:35.793505,0.6997378969768228,1.280564234795022,-0.9636727157878494,0.18390399281648268,0.07276865962667434,0.1437850998821019,1.1934294522435769,0.06896261336058267,0.5473673803793744,0.8337954954345073,0.32878425690527824,0.08300214329666716,0.6211120443218741,0.3883498114444798,COMPLETE
646,0.5366317792578497,2025-12-03 23:52:03.147934,2025-12-04 00:43:55.747970,0 days 00:51:52.600036,1.7927137247003841,0.14774417421230382,-1.2455929011839386,0.002535228495461221,-0.08651221512412463,0.015997986759681698,1.2865307583061583,0.047225824457534815,0.6015701605221437,0.8870778126156721,0.2981175631231768,0.04400707825362997,0.48990040941855195,0.23239742573000183,COMPLETE
647,0.7369172216936252,2025-12-04 00:43:56.028270,2025-12-04 01:35:28.768994,0 days 00:51:32.740724,0.5767034913389815,0.2856954720611198,-1.8079867932167408,0.11074630023007688,0.22068002989544305,0.1946484108585986,1.2052523994448185,0.02688299240547477,0.5684288888038433,0.9470058386850293,0.35594359033257816,0.10812249226314585,0.7130568499793934,0.04152917660588319,COMPLETE
648,0.5142721217887726,2025-12-04 01:35:29.061254,2025-12-04 02:27:17.968719,0 days 00:51:48.907465,1.2874991854346858,0.18281091927371812,1.128139070007609,0.21693780554583472,0.1647059288914286,0.08664269557701312,1.4150757250168482,0.0742092925985172,0.5350180887595861,0.9299388652346628,0.40809151299214796,0.09315581144638399,0.5198610590702791,0.011801785478292068,COMPLETE
649,0.7121788772597526,2025-12-04 02:27:18.314327,2025-12-04 03:19:10.450834,0 days 00:51:52.136507,0.7517164333690878,-0.04926817962114155,-1.353860012645164,-0.101710555480792,0.005600599397971331,0.37696947286660315,1.150263637525294,0.10467365769333792,0.22717367497712443,0.8969062999006667,0.39265870161527133,0.06819073898292735,0.5746416527240145,0.07846883806201183,COMPLETE
650,0.735965746907707,2025-12-04 03:19:10.766285,2025-12-04 04:11:00.305992,0 days 00:51:49.539707,0.47945709423162325,0.08801982670963124,1.368121343973132,0.047424415152771696,-1.5276006940229097,-0.09913192596210432,1.1717333068903093,0.154162612454866,0.5878025256445413,0.8669754531997295,0.415236591163694,0.9860782963865267,0.4502263711224446,0.062152745398428744,COMPLETE
651,0.741674595623216,2025-12-04 04:11:00.572589,2025-12-04 05:02:40.613778,0 days 00:51:40.041189,0.43284478350345634,-0.00640704941105294,-1.6802330914635764,0.14546676781266643,0.14509574804698852,0.23537237635572367,1.3077977324120964,0.053834777034888065,0.6153299183424222,0.9776462327216106,0.37266243076441796,0.12582957028171812,0.5394522478909258,0.08756988869205785,COMPLETE
652,0.7397716460513797,2025-12-04 05:02:40.889893,2025-12-04 05:54:12.149961,0 days 00:51:31.260068,1.6098486368447855,0.3203243515367098,1.5190963530903956,0.2743734010181248,0.04535236554552717,0.109043339533112,1.0967876514866375,0.031235349845533982,0.514481674540425,0.9464867825054853,0.44011384057630587,0.11340620345999093,0.6882450798091229,0.11619475112935101,COMPLETE
653,0.45956232159847765,2025-12-04 05:54:12.482133,2025-12-04 06:45:52.964278,0 days 00:51:40.482145,1.223207848622416,0.18349128241719131,-1.1457258464737723,-1.7938948815384521,0.2198289592721434,-0.006197327707152908,1.2463305602906292,0.08255099051163145,0.5559079806223537,0.9082000063312275,0.3638685261983558,0.08811505508505552,0.6411174080567489,0.03331676097374669,COMPLETE
654,0.7407231208372979,2025-12-04 06:45:53.307231,2025-12-04 07:37:33.372263,0 days 00:51:40.065032,0.5510026586635249,0.2467301623620292,-0.5568648538414008,-0.006347501412482359,-0.09996928568232238,0.28667167098062396,1.1584842934381676,0.05388382849332626,0.47934846132071063,0.5613529828199443,0.39277828030949635,0.05301859588565339,0.43017988204786395,0.20767502357073664,COMPLETE
655,0.7431018078020932,2025-12-04 07:37:33.626271,2025-12-04 08:29:17.115034,0 days 00:51:43.488763,0.7622431303549627,0.10338653661795844,1.7391713773273194,0.08177755710523629,0.09871519146119913,0.15834827436601545,-0.2605662087946973,0.010370914168659026,0.5761100654437337,0.9656431906223258,0.9154883448075042,0.12635054196164144,0.5027569515460394,0.13509137287936307,COMPLETE
656,0.7278782112274025,2025-12-04 08:29:17.467583,2025-12-04 09:24:58.699992,0 days 00:55:41.232409,0.6242913346335652,0.3782206801958092,-1.886283209921729,0.18355457740425876,1.0214501151782094,0.05950291209695368,1.459115378658907,0.03684516612049579,0.5409230971239021,0.43845069412666,0.4562166561288129,0.10682923241041692,0.605091295999489,0.5654922359571822,COMPLETE
657,0.4262607040913416,2025-12-04 09:24:59.900590,2025-12-04 10:21:06.574252,0 days 00:56:06.673662,1.3160805161752256,-0.12659305585806355,1.8456014466915478,-0.044958487632944216,0.7544304500346826,-0.05919665674961083,1.1094422187142448,0.0671938108294991,0.594619687696797,0.9283775073796555,0.4182542402466509,0.42175755205504206,0.4731873267893999,0.09435587156367892,COMPLETE
658,0.5161750713606089,2025-12-04 10:21:06.873104,2025-12-04 11:14:53.835556,0 days 00:53:46.962452,1.1729513953813178,0.009581095423475045,-1.3143837721921654,0.2669640051608609,0.2370354899725335,0.21483227106145703,1.3479690037146435,0.11771404604949477,0.5663345283454394,0.9971448834254597,0.4342736213480351,0.07430573204839279,0.5594778086956647,0.06613340896328906,COMPLETE
659,0.7178877259752616,2025-12-04 11:14:54.136276,2025-12-04 12:10:52.358514,0 days 00:55:58.222238,0.2971030391714482,0.5243434037860935,-0.8075669968431064,0.05575659133128391,-0.7509243117733575,0.121370796480786,1.028201406998801,0.31339368653913047,0.6720147438057383,0.8499488357654542,0.3361518824896247,0.13478539125449676,0.523446287891056,0.22540178463852528,COMPLETE
660,0.7397716460513797,2025-12-04 12:10:52.876877,2025-12-04 13:07:05.309260,0 days 00:56:12.432383,1.5322941363350346,0.2373125049343201,-1.743976357572143,0.1581824367269919,-0.018086327820148407,-0.009118389955602227,1.0801120892496323,0.03013914776376833,0.50748931165607,0.9157006953818803,0.40176809974461886,0.352787069932873,0.6614805736209064,0.11056267286416652,COMPLETE
661,0.7216936251189343,2025-12-04 13:07:05.816647,2025-12-04 14:01:02.696290,0 days 00:53:56.879643,0.6524414999448265,0.1504309224319727,-1.1905896954807387,0.3739226759549829,-0.16524377247588637,0.34640199924796633,1.2124839757039814,0.050440152242826636,0.639912664247987,0.8756814271592904,0.4632756681018028,0.09761712908285111,0.5035595108773558,0.1421270766705479,COMPLETE
662,0.7121788772597526,2025-12-04 14:01:03.099160,2025-12-04 14:53:54.786542,0 days 00:52:51.687382,0.7729089085704126,1.1547660710617298,-1.0576838010502014,-0.1604677632030897,0.1670285019567604,0.2681340820339648,0.17517577039108803,0.09133988100989103,0.5241627861449754,0.9497470090338395,0.3808555153143986,0.03649752577791645,0.5458771144209974,0.18870514394371257,COMPLETE
663,0.7050428163653664,2025-12-04 14:53:55.132750,2025-12-04 15:50:11.379865,0 days 00:56:16.247115,1.1615758304517363,0.9154112875058866,-1.425386352511718,0.10608090507705685,0.2849719126135344,0.17700297527603462,1.008141606195533,0.027829338340760762,0.6140558819836566,0.8940241872325341,0.423008603584969,0.5766105866765365,0.591290406484124,0.47702903626577425,COMPLETE
664,0.7145575642245481,2025-12-04 15:50:13.599601,2025-12-04 16:47:28.300431,0 days 00:57:14.700830,1.090189738854243,0.432027451862259,-1.4988219220574979,0.22415275592673928,0.07551097004280956,0.6662989142709546,-0.7120943911362979,0.06226085064654022,0.28101273998171256,0.9644819394205317,0.44708435980483546,0.11769118686497346,0.4874277010081453,0.010035538518887995,COMPLETE
665,0.735965746907707,2025-12-04 16:47:28.842568,2025-12-04 17:38:56.647991,0 days 00:51:27.805423,0.8149919997643408,0.8099550389777205,-1.6716307662980554,-0.039224228720747545,0.20743098561205223,0.070105188776319,1.1546290057962898,0.042217876450658665,0.5483702091018918,0.9358486290008347,0.35079547555899515,0.07461680222474601,0.5246743773050503,0.04298892285620327,COMPLETE
666,0.7354900095147479,2025-12-04 17:38:56.951503,2025-12-04 18:30:25.485301,0 days 00:51:28.533798,0.40628459527862604,0.6909667729371629,-1.3173415144301794,0.033157501318000764,0.13609228071357543,0.17717786801128846,1.0564134267345928,0.010209545338958657,0.5873675736548674,0.9822335160033384,0.23311893679355739,0.133137956845071,0.6295190225136081,0.08940127924223792,COMPLETE
667,0.670313986679353,2025-12-04 18:30:25.820324,2025-12-04 19:25:15.676065,0 days 00:54:49.855741,0.5380386934542475,-0.27513201336146,-1.751263119281624,0.17060136556067912,0.8490566008598244,-0.15644538691358298,1.2718052927375982,0.07902404914021838,0.5636647586565638,0.913116071235772,0.47807743976811706,0.08882181883582996,0.6711291673128902,0.6986093160248509,COMPLETE
668,0.7426260704091342,2025-12-04 19:25:15.971486,2025-12-04 20:16:57.399227,0 days 00:51:41.427741,1.2424938257815898,0.3127587127200819,-1.236340318767431,0.30167143723198464,-0.017473127569855973,0.03708443670976183,0.9560577998227107,0.055913531682838635,0.5275197749567732,0.947025661366317,0.400448104733967,0.1476365263744833,0.5665462896655787,0.1271693588858938,COMPLETE
669,0.35299714557564227,2025-12-04 20:16:57.723526,2025-12-04 21:08:46.833393,0 days 00:51:49.109867,0.6888861024285029,0.9774337201104358,-1.3917171135697606,0.11021117262007517,0.2813206122625543,0.45692210937722255,-0.8929104315398098,0.18064002755383235,0.6046546068190246,0.8598636771139071,0.3668492945745842,0.05554726728311202,0.4709000481463674,0.8339209496662678,COMPLETE
670,0.7335870599429115,2025-12-04 21:08:47.104565,2025-12-04 22:00:29.154791,0 days 00:51:42.050226,1.3841548972138675,0.08575985226552948,-1.590951013156219,0.22378688933074672,0.084396429061544,0.2760216700994436,0.9858923755327018,0.027548250337047553,0.49118494975802046,0.9287875352071346,0.41643839794657883,0.10701414322526935,0.5357314025657598,0.1977027255697512,COMPLETE
671,0.7397716460513797,2025-12-04 22:00:29.482062,2025-12-04 22:52:30.715521,0 days 00:52:01.233459,1.0836472716762227,-0.0035149398708768723,-0.6794442314464937,0.0657033443021935,0.19870047319312162,0.10245521606333328,1.1549772796541278,0.0737599357833317,0.5473426461710551,0.5295453042681698,0.32525388229023255,0.01176248529311169,0.7140744120956029,0.061686552048384344,COMPLETE
672,0.7169362511893435,2025-12-04 22:52:31.017449,2025-12-04 23:44:35.217677,0 days 00:52:04.200228,1.0335656702628375,0.17993311990417268,-1.4933933446765093,-0.09345269576628171,0.3188545779072834,1.3996164258679862,0.4008530410730075,0.04153185508283439,0.5756304311713326,0.9998991598157111,0.4446867910068099,0.8566452089978068,0.378232438554745,0.15567066821037132,COMPLETE
673,0.4928639391056137,2025-12-04 23:44:35.486952,2025-12-05 00:36:29.778381,0 days 00:51:54.291429,1.1675642198400462,0.31504640858639077,-1.9418870266508275,0.0017953010164067917,0.037639321093804454,-0.04016362713554031,1.0886177498925884,0.9920853975690178,0.6421873116775219,0.8908110520653977,0.29080784159742024,0.16820794992017318,0.5050828308687116,0.1086799381239392,COMPLETE
674,0.7193149381541389,2025-12-05 00:36:30.089545,2025-12-05 01:28:02.610586,0 days 00:51:32.521041,-0.1074563191970499,-0.10285625534308782,-0.9325551524742022,0.3421658406380266,0.2390203669390751,0.35242105102137566,0.010272054360750571,0.09973902086197864,0.937180475495774,0.95766558745084,0.4721591614864096,0.1251181500078052,0.6521765073775767,0.17047983625025276,COMPLETE
675,0.7074215033301617,2025-12-05 01:28:02.861392,2025-12-05 02:20:02.072265,0 days 00:51:59.210873,0.833817499154182,0.06739505132316387,-1.0996849557043504,-1.9589061719498995,0.13331238119956157,0.1965639892562025,-1.9841263812064318,0.0571207254363369,0.5897717111115444,0.8240958961102596,0.3878877995850678,0.10268518415841042,0.4535545679878335,0.14307595071200807,COMPLETE
676,0.736441484300666,2025-12-05 02:20:02.359062,2025-12-05 03:11:56.389059,0 days 00:51:54.029997,0.9982662256774217,-0.6407846806120355,-1.6209451795058558,0.16342659325355954,-0.08349022788290307,0.12053897714072852,1.2544649810493305,0.03010071927145257,0.33245167602926834,0.911247807337205,0.43015594749729114,0.06993071456936706,0.6841478647327545,0.07805839851738028,COMPLETE
677,0.6883920076117983,2025-12-05 03:11:56.640764,2025-12-05 04:03:42.178000,0 days 00:51:45.537236,0.7494851754222278,0.236926226549724,-1.8187280140523139,0.26246459585322407,0.34389830803893395,0.023902887056426098,0.9739447285223899,0.1270467459933708,0.4710113508850861,0.9708421090387506,0.45505250247760554,0.17803395161212,0.5575188863915337,0.2288279808776737,COMPLETE
678,0.7026641294005709,2025-12-05 04:03:42.456797,2025-12-05 04:55:16.981827,0 days 00:51:34.525030,0.6326294512903179,0.39979669182732286,-1.354361492815165,0.09791437653517829,0.5972643110374868,-0.09782643947838865,1.377751179799983,0.08495179679933322,0.5132107823970228,0.8739334028678386,0.40968147426548485,0.13984632515959855,0.5195057887785625,0.20346677782916708,COMPLETE
679,0.7017126546146527,2025-12-05 04:55:17.265687,2025-12-05 05:47:08.871410,0 days 00:51:51.605723,1.3229391285442227,0.13190996293812374,-1.2077184354299968,-0.036584277668835236,0.41926919891413517,0.24804062544186076,1.0433446869695695,0.0420903231837014,0.6236306358266841,0.9377563390014294,0.8519222691647179,0.49630179103132765,0.6091748475910059,0.04437713416780264,COMPLETE
680,0.736441484300666,2025-12-05 05:47:09.142581,2025-12-05 06:38:58.299124,0 days 00:51:49.156543,0.4663365661345275,-0.020984298924023426,-1.5278188532619008,0.18613577843912082,0.2861341570253566,-1.159348417350724,1.1900203622448489,0.0651573371275171,0.5594787359758095,0.8980054334907097,0.366901201719288,0.08788846673005275,0.4872365901706046,0.09735708813557388,COMPLETE
681,0.46622264509990485,2025-12-05 06:38:58.566217,2025-12-05 07:30:40.255244,0 days 00:51:41.689027,1.1268750709992317,-0.18220824330111665,-1.7010613729310915,0.054548329531657766,-0.010381698698420472,0.12983227279443157,0.9072223912108699,0.1089229003165984,0.5332742695637106,0.9230601025327169,0.4299763258455114,0.31395169143825385,0.5878887572888261,0.12710764616844,COMPLETE
682,0.7440532825880114,2025-12-05 07:30:40.515443,2025-12-05 08:22:25.486239,0 days 00:51:44.970796,0.8561414602196211,0.2515953219710119,-1.4569943653724389,0.143790338702859,0.1814207682438038,0.07967194997400504,-0.17810403129961938,0.025730516314457167,0.5739060522106224,0.9583560757258994,0.4869384063344769,0.15393172142293937,0.4164177832275971,0.17359009949715262,COMPLETE
683,0.7235965746907707,2025-12-05 08:22:25.728161,2025-12-05 09:14:21.958106,0 days 00:51:56.229945,0.9794627048539546,0.27878856450907924,-1.47098571652857,0.28098127031216524,0.1780964244798025,0.011398741343018775,-0.1819270784715144,0.023739161039656946,0.6070229387633383,0.9700997656763201,0.5008661490642686,0.11468692841771196,0.39863740357379907,0.15359953585367783,COMPLETE
684,0.7421503330161751,2025-12-05 09:14:22.394833,2025-12-05 10:06:02.949267,0 days 00:51:40.554434,1.2177461565709076,0.34996141155014676,-1.551650563399009,0.22451313202690004,0.2134019054080713,0.31157937009444925,-0.21424660747699842,0.026993527385856753,0.5807737377346647,0.08132868424855749,0.4958357308141112,0.1507072619620956,0.4518044040361541,0.17372116968368775,COMPLETE
685,0.6784015223596574,2025-12-05 10:06:03.307987,2025-12-05 10:57:54.407449,0 days 00:51:51.099462,1.9956027624382753,0.23441092587936738,-1.6254264404894354,0.41097835378710135,0.33875137178180065,-1.434785282845935,-0.34972593271552976,0.023244578599015134,0.5974948099801614,0.9846322765974536,0.484680019110066,0.1333900636155695,0.4395699964021059,0.12295615898603052,COMPLETE
686,0.7454804947668887,2025-12-05 10:57:54.793553,2025-12-05 11:49:38.498498,0 days 00:51:43.704945,0.8614900199817979,0.43200932205773707,-1.4376500037700455,0.14112610855796873,0.27020293738241447,0.15621230973693495,-0.10736622176359138,0.04371109261264692,0.6216160577398356,0.955806399925607,0.4702034634232216,0.09548080275969249,0.419045766572775,0.14667260563020423,COMPLETE
687,0.7421503330161751,2025-12-05 11:49:38.911885,2025-12-05 12:41:28.129063,0 days 00:51:49.217178,0.8235380174593805,0.42106454616067684,-1.4051885743838992,0.16856709603600062,0.26094283641821814,0.21168465517346569,-0.19566476010947406,0.027372588780364533,0.626410463487835,0.9607245123572716,0.46224128428774214,0.0670255227523597,0.41511648412593166,0.14175116781636798,COMPLETE
688,0.7121788772597526,2025-12-05 12:41:28.594177,2025-12-05 13:34:13.569336,0 days 00:52:44.975159,0.7067781830302059,0.5321176935031674,-1.4351800524970995,0.36120680828912266,0.43583655401331806,0.4300030131253504,-0.04875585518435674,0.012210414328531434,0.6721092521850314,0.9824914594650161,0.458040539464292,0.09017809576759755,0.3933900973370879,0.10922767473978688,COMPLETE
689,0.7293054234062797,2025-12-05 13:34:14.308309,2025-12-05 14:26:09.436102,0 days 00:51:55.127793,0.884482472357064,0.6128027005425718,-1.472752733676964,0.28820146438059396,0.6930354479233175,0.1909575102302024,-0.030887585855551986,0.04256409179065149,0.6536476744841415,0.9533895237812456,0.48626819684175104,0.05146732298032479,0.3894828198046085,0.05926663453172619,COMPLETE
690,0.7435775451950524,2025-12-05 14:26:09.917227,2025-12-05 15:18:06.350898,0 days 00:51:56.433671,0.7576089699506486,0.4937469842275558,0.746158550226413,0.14211078169540584,0.1281533820434009,0.29903315688599125,-0.09890825204733533,0.04384520927943995,0.638075741029485,0.976800165804394,0.47603990956263065,0.10040944306205876,0.43480264488111603,0.028938220042006555,COMPLETE
691,0.7202664129400571,2025-12-05 15:18:06.799151,2025-12-05 16:10:15.677485,0 days 00:52:08.878334,0.74373857772865,0.5135545387371069,1.1738670487110707,0.23301369168631456,0.10570698034254142,0.5350120208888131,-0.16053366208543043,0.03978613470954308,0.6639107161537706,0.9791077253444098,0.46695301969295844,0.06781874500850965,0.40496283662784804,0.01800763954871215,COMPLETE
692,0.7235965746907707,2025-12-05 16:10:16.048051,2025-12-05 17:01:46.825077,0 days 00:51:30.777026,0.7683681296706203,0.47489753490702763,0.9027961394894076,0.4546320434999479,0.1485450862885979,0.3457146456078565,-0.0015578153727018318,0.01315580743537939,0.7030521358343913,0.9802363353625501,0.4780071447964484,0.04715158932615418,0.41791068129699643,0.03184043767065279,COMPLETE
693,0.7202664129400571,2025-12-05 17:01:47.321698,2025-12-05 17:53:37.593237,0 days 00:51:50.271539,0.8058992559362093,0.587377411993051,0.6201796150597823,0.16844803936859765,0.18017835025541426,0.46618861731407346,-0.2843763313668949,0.04365433621418963,0.6443404046674723,0.9699687177682421,0.44974418324119003,0.08778962796719218,0.37982373270851844,0.03150154711873869,COMPLETE
694,0.725023786869648,2025-12-05 17:53:37.934992,2025-12-05 18:45:17.285839,0 days 00:51:39.350847,0.6153719490090911,0.6522836034460607,0.7807194338735749,0.3299698964128854,0.07669597192717667,0.390872663588004,-0.08363949524728667,0.012369676790107628,0.6333629710966435,0.9589738728377156,0.24990830701515893,0.2964789251331609,0.4201068834938476,0.027277661407923794,COMPLETE
695,0.7392959086584205,2025-12-05 18:45:17.660182,2025-12-05 19:37:12.347128,0 days 00:51:54.686946,0.7141896665132117,0.5449394187242693,-1.4007060628952392,0.24496113144425696,0.2213510819870351,0.29658505000636204,-0.13652061649056568,0.0316322456822702,0.6878227744183211,0.9900493243466314,0.3149786879468292,0.0989160709628859,0.4197416446306769,0.043658137291186096,COMPLETE
696,0.7345385347288297,2025-12-05 19:37:12.689278,2025-12-05 20:29:04.470323,0 days 00:51:51.781045,0.6468031596764497,0.4463703074420463,0.45504531220947736,0.13287664656379938,0.13304182551241078,0.2622911923621313,-0.12207159801557149,0.010598294383401794,0.6614734381904135,0.9924665736782322,0.4710572502963253,0.6738060509578836,0.4177395886274673,0.013331094815884315,COMPLETE
697,0.7326355851569933,2025-12-05 20:29:04.767721,2025-12-05 21:20:40.443315,0 days 00:51:35.675594,0.5375791182206137,0.45669808912294957,-1.5358650680050308,0.20406646459424507,0.26771539630168345,0.3449500628373359,-0.10719622190941923,0.05043791624410445,0.6312237599250272,0.9498158650843106,0.441138675466872,0.029943702233563727,0.3742645969682603,0.01052077745139908,COMPLETE
698,0.70313986679353,2025-12-05 21:20:40.837729,2025-12-05 22:12:11.417967,0 days 00:51:30.580238,0.8601451747124742,0.4093925288546988,1.0431013055945177,0.5012021040695434,0.0634636891681476,-0.20137554248344708,-0.2844620286265245,0.060173424166340875,0.6478946138452113,0.9670191119859654,0.4662264487306691,0.07177762860445469,0.39667888375848637,0.05333591055052983,COMPLETE
699,0.7407231208372979,2025-12-05 22:12:11.695605,2025-12-05 23:03:46.297572,0 days 00:51:34.601967,0.7704827587981034,0.5578064311184752,1.5694394444171944,0.10494590304197245,0.1951494722937435,0.24312686357222002,-0.49859181820886433,0.03955386050474563,0.6108753153431233,0.9508878761464058,0.4423982012117183,0.10499913576045139,0.41283193869195267,0.03696895284716814,COMPLETE
