n_features,lambda,accuracy,f1,precision,recall,train_accuracy
4106,0.03932143643366819,0.5946717411988582,0.586347489507356,0.5988638500932852,0.5903954262826449,0.972407231208373
4905,2.572242439667123e-05,0.5313986679352997,0.5194177620445074,0.5363591888630607,0.5279411520265609,0.98441960038059
1292,143.78986267066333,0.7540437678401523,0.750974206901134,0.768449779989738,0.7518013578381595,0.8847526165556613
2503,0.0003632433038456928,0.6936251189343482,0.6889758070457692,0.7040466352477577,0.6912797483854501,0.9383920076117983
1120,0.7689309090321184,0.7454804947668887,0.7398176158022688,0.7554993749089071,0.7429093475621507,0.8753568030447193
4681,0.0025869359882251786,0.560418648905804,0.5509172505372726,0.5660987113766137,0.5571477640033936,0.9823977164605138
1667,8.529164693258485,0.7354900095147479,0.731400746077596,0.7503142790191174,0.7330983777221906,0.9029495718363464
925,1.1651624373788614,0.741674595623216,0.7360372665499714,0.7541414541537911,0.738378476542082,0.8622740247383445
2828,42496.02506986152,0.7321598477640342,0.7297337056673009,0.7688739928018421,0.727529033543868,0.7723596574690771
1086,14854.61530039476,0.7645099904852521,0.7618512217835299,0.7941355739363753,0.7598543943521837,0.7930542340627973
132,502800.1968638047,0.47621313035204565,0.45398693625617187,0.5986134076485816,0.4717996845352932,0.46574690770694577
2108,1512.144094782035,0.7773549000951475,0.7744114175743846,0.7916531719061176,0.7752696262688882,0.8991436726926736
2438,1910.7347588201965,0.7721217887725975,0.7703343896793574,0.7912250863859656,0.7699054193766652,0.9023549000951475
2685,555.5419268343636,0.7511893434823977,0.7477668486239698,0.7650968229124273,0.7495072752048175,0.9297098001902949
3314,788.5059032264228,0.7611798287345385,0.7578035467202908,0.7757881899717876,0.7589997582564433,0.9355375832540438
1986,32.353427159031305,0.7302568981921979,0.7245660144826205,0.7394773556135665,0.7269588595313101,0.9160323501427212
3474,14232.463554833563,0.7740247383444339,0.7705111676375475,0.7967013118802417,0.7696069088831434,0.8426498572787822
3592,918137.4003976143,0.4862036156041865,0.46609776126451524,0.613558429059274,0.4856689910710945,0.4894148430066603
3594,22360.878501130344,0.7564224548049476,0.7533851384318834,0.7840443358755218,0.7519272965084787,0.8220742150333016
4112,5443.679379664043,0.7859181731684111,0.7823322099815436,0.8063329857237805,0.7819297335547624,0.8923644148430067
4031,55.440792551615296,0.6493815413891532,0.643827915394054,0.6610093588809243,0.6468439469011467,0.9680066603235015
4154,5151.042689423068,0.7849666983824929,0.7815886286230165,0.8050829612573416,0.7813809561208047,0.8946241674595623
4345,1944.6197661514357,0.7730732635585157,0.7693982872133972,0.7885823052846447,0.771059867399491,0.9288772597526166
3140,89571.24446045962,0.7002854424357755,0.6987171110842614,0.747841287160241,0.6966502020451072,0.7202664129400571
2097,3800.733909603163,0.7821122740247384,0.7787711785517759,0.8003641356000137,0.7783060847755976,0.8760704091341579
4030,123743.73237340995,0.6731684110371076,0.6710518707950783,0.7246092254239704,0.6700944944347056,0.6988582302568982
4365,8.126678666886733,0.5975261655566128,0.5879005549271741,0.6022681612941977,0.5938533383380894,0.9775214081826832
460,6065.803686929787,0.7516650808753568,0.7461311545354506,0.7789830493595825,0.7465724559716377,0.7711703139866793
3112,0.17502159060423655,0.6550903901046622,0.6504336066530056,0.6645661652912175,0.6520623795395509,0.9556374881065651
3821,344.01228918300365,0.7221693625118935,0.7181176803964718,0.7349418402166701,0.7206137092811653,0.9551617507136061
4536,0.04159874593255544,0.5651760228353948,0.5542513160735693,0.5649034404874631,0.5617120119919745,0.980732635585157
2079,3492.8610120709754,0.7792578496669839,0.7760221364678767,0.7992110083768801,0.7750558976196952,0.8785680304471931
1612,4812.14280957363,0.7773549000951475,0.7737082266516687,0.7982876164014547,0.7729534223414745,0.8537107516650809
2201,216166.92860532057,0.6179828734538535,0.6148504685437887,0.695970484024508,0.6159206890046958,0.625
1699,46.80271981867948,0.7431018078020932,0.739016411745196,0.7559804113814501,0.7410214936207236,0.902117031398668
4882,177.7163489848022,0.6779257849666984,0.6721377333151421,0.6884595049289695,0.6752311867346862,0.9734776403425309
2768,5983.752246017652,0.7821122740247384,0.7782816564207437,0.8028934444217646,0.7781637034557111,0.8725023786869648
2949,6.085920087732487e-05,0.665080875356803,0.661233268018708,0.6781033976001241,0.6621523095581281,0.9508801141769743
3847,59929.52389866505,0.7164605137963844,0.7146776307421593,0.7556493192035232,0.7126046053307312,0.7570171265461465
2590,179.56922793996895,0.7183634633682208,0.7138587058374368,0.7274106163287117,0.7160774124948044,0.9357754519505234
4198,10.595524460063448,0.6137012369172217,0.6061198788295945,0.6213424597315964,0.6106411805466638,0.9731208372978116
2331,5937.648983125806,0.7783063748810657,0.7753267195195972,0.7998879162741663,0.7740845380728316,0.8650095147478591
1894,4820.662330370086,0.7730732635585157,0.7700185626466197,0.7950500492021988,0.7685427538698851,0.8646527117031398
1511,33201.206111684296,0.7378686964795433,0.7362242177337981,0.7737774954718919,0.7340734872037874,0.7660561370123692
1332,258669.5716034646,0.5851569933396765,0.5806363404466088,0.6808224135675285,0.583279383554967,0.5872978116079924
4996,1103.2610695430642,0.7621313035204567,0.7580051446922921,0.7767450312223536,0.7597627623438126,0.9481446241674596
4646,12129.662792062407,0.7797335870599429,0.7762508134978677,0.8028504919981291,0.775155598467202,0.8606089438629876
4601,19349.759761169138,0.7607040913415795,0.7580087536436758,0.7873044234444968,0.7566561657284232,0.8358705994291151
3875,0.0054819058531922335,0.6075166508087536,0.6006036424820274,0.6159907413584762,0.6034914032537265,0.9703853472882968
4755,470.67396774990306,0.7288296860133207,0.7247093715892574,0.7413087660777962,0.727127952420113,0.9612274024738344
4342,10714.507503691968,0.7783063748810657,0.7749782076761382,0.8022189014190408,0.7739759087860416,0.8639391056137012
1849,1685.186707852656,0.774976213130352,0.7713880666892909,0.7897131297998464,0.77156832746671,0.8920076117982874
2356,3981.617978149731,0.7840152235965747,0.7808085203414051,0.8030658220826776,0.7803056781581634,0.8783301617507137
2844,47977.05221360015,0.730732635585157,0.7284196607298656,0.7675370412800244,0.7262724311132438,0.7629638439581351
2258,575216.6864817187,0.5142721217887726,0.4975332737040713,0.628369328577587,0.5136489793383564,0.5248572787821123
2679,104.28705164952116,0.7026641294005709,0.6982691972020005,0.7126235634361129,0.7001271570130021,0.9400570884871551
2492,10112.298980329517,0.7783063748810657,0.7742667675013097,0.801950057475166,0.773431893317197,0.8470504281636536
3283,624.2775041122362,0.7526165556612749,0.7490640613001331,0.7675917043059177,0.7505060265328986,0.9391056137012369
678,138066.55476967263,0.6108468125594672,0.6098305916313216,0.6977636514453687,0.608499776020152,0.6132254995242626
3653,2529.8097667065645,0.7816365366317792,0.778243078683774,0.7983047444986006,0.7788958144220126,0.9127021883920076
3680,2.2082595176324697,0.6184586108468125,0.6121250073645881,0.6293266205604328,0.61520526827941,0.9669362511893435
4133,2788.5595573617393,0.7773549000951475,0.7732263365411769,0.7957219986467099,0.7743601369714889,0.9151998097050428
3380,21005.793989927184,0.7602283539486203,0.7575208896041852,0.7877596547724826,0.7558379772026048,0.8221931493815414
4340,1071.645645106052,0.7621313035204567,0.7582568132205427,0.7777152703958335,0.7601201037783777,0.9420789724072313
4547,9252.793883589886,0.7811607992388202,0.7776816716602957,0.8040584154623858,0.7768359539341889,0.873453853472883
4468,364.07829448819484,0.7169362511893435,0.7119179254294373,0.7301965560836854,0.7149810950738851,0.9609895337773549
3097,2132.071505482999,0.7873453853472883,0.7837187297315913,0.8022030916428134,0.7842525709321132,0.9124643196955281
2964,2403.9688856164785,0.7840152235965747,0.7813161402221838,0.8000573792409676,0.781245100188654,0.9060418648905804
3064,28.87091087748847,0.6698382492863939,0.66540179193814,0.6818580680008762,0.6670572429340662,0.9527830637488106
2789,91.67713861626211,0.7017126546146527,0.6965861183207807,0.7114819957969614,0.6994298831657202,0.9461227402473834
2422,78515.13353580415,0.70313986679353,0.700977681344911,0.7500274101986217,0.6994649045519601,0.722407231208373
3200,1971.6765808697749,0.7830637488106565,0.779777243800782,0.7978089621727286,0.7805316113947491,0.9155566127497621
3241,1269.0175533569027,0.7725975261655567,0.7697253986125232,0.7881565036078747,0.77062887877172,0.9250713606089439
2991,3306.9553127195018,0.7830637488106565,0.7800487252163456,0.7999877605326048,0.7799282677198291,0.89581351094196
2988,319.66051877825936,0.725023786869648,0.7213185612833982,0.739211964717142,0.723082529548397,0.9413653663177926
3477,35341.02365287527,0.7421503330161751,0.740041581885605,0.7743214750463275,0.7375992115805692,0.7918648905803997
3186,2779.4115508171617,0.7854424357754519,0.7822489037635164,0.8024841816402996,0.7820944740901018,0.9043767840152236
3172,847.222603690411,0.7616555661274976,0.7585825914899436,0.7760888323166727,0.7596264985575221,0.9319695528068506
3433,2485.1090224485806,0.7821122740247384,0.7786101157433241,0.7977378943836455,0.779237007214691,0.9103235014272122
2916,264.41678595051394,0.725023786869648,0.7209794131621801,0.7383027003339808,0.72296002294037,0.9424357754519506
2619,16.923534957773647,0.69267364414843,0.6874364012160383,0.701044834322023,0.690078741006203,0.9405328258801142
2165,4278.759497961027,0.7811607992388202,0.7782753327471322,0.801110309237233,0.7772811847510146,0.873453853472883
3048,7326.1540377344645,0.7849666983824929,0.7803832205045629,0.8050755286369664,0.7802966565787376,0.8676260704091342
3528,20868.487038871088,0.7602283539486203,0.757001982607098,0.7863008676700768,0.7558282703495667,0.8249286393910561
3000,7834.491037563727,0.7830637488106565,0.779087318224051,0.804194153299133,0.7785010428004493,0.8626308277830638
3935,1613.1474940748194,0.7706945765937203,0.7685898980816069,0.7869838725139939,0.7691599303520745,0.9287583254043768
3183,586.9718491492167,0.7511893434823977,0.7484490740425624,0.7655510179130789,0.7490980604408816,0.9383920076117983
3303,3363.060543686,0.7825880114176974,0.7788134710304392,0.8007458105677774,0.7790842013772445,0.8996194100856327
2773,30707.78020093042,0.7459562321598477,0.7431806350160153,0.7768128173381914,0.7414992282977823,0.7923406279733587
3711,179.06741394458396,0.6941008563273073,0.6903365032820473,0.7100395294142873,0.6928523081832894,0.959919124643197
2590,0.29322749893260036,0.6855375832540438,0.6806568346163434,0.6949021200504847,0.6831854149885901,0.941127497621313
3091,5658.478718397999,0.7840152235965747,0.7799131000562489,0.8040745272866342,0.779483163915127,0.8785680304471931
3131,5978.88848327167,0.7859181731684111,0.7819445764259109,0.8061529059111701,0.7811606296230328,0.8766650808753568
3118,14232.588882009326,0.7706945765937203,0.7665729462061605,0.7934786145234715,0.7660108876330481,0.8399143672692674
3320,6824.417634464734,0.7863939105613701,0.782084828053595,0.807868003158017,0.7815145239464654,0.8748810656517603
3362,6402.029649291547,0.7878211227402474,0.7837387789442527,0.8075914570406478,0.7833433793706215,0.8789248334919124
3371,185128.23170751333,0.6389153187440533,0.6360214491533379,0.705526885791475,0.6365453909304633,0.6567554709800191
3555,51560.76315867576,0.7269267364414843,0.7250170822413433,0.7641995721099698,0.7226857206466507,0.76558039961941
4007,8344.20967990755,0.7806850618458611,0.7767113797016052,0.8020322922792374,0.7764813976108176,0.8729781160799239
3786,87604.82487821548,0.7007611798287345,0.6983387243282657,0.7448410994888855,0.6970713089368106,0.7279971455756422
2679,14460.072460062238,0.7697431018078021,0.7668012434139396,0.7941586104972592,0.7651706292296571,0.8334919124643198
2884,5855.283505160852,0.7830637488106565,0.7795162879191453,0.8023957285072445,0.7789542766360277,0.8739295908658421
2363,768.1101792500141,0.7649857278782112,0.7629689703712483,0.7801686224753025,0.7630567005711897,0.9182921027592769
4240,28394.421261285162,0.7507136060894386,0.7488821611167867,0.7803321264603684,0.7467092131602824,0.8106565176022835
3051,4891.131025679501,0.7825880114176974,0.7788657743099815,0.8015830927963847,0.7784280027376629,0.8838011417697431
2823,1933.6568030059416,0.7825880114176974,0.7798407355544962,0.7975982559407998,0.7804966846336592,0.9096098953377736
3356,7821.768709941424,0.7844909609895337,0.7799738209269343,0.806020349688661,0.7796210481919471,0.8698858230256898
3327,1165.1229529155444,0.7711703139866793,0.7688824445387245,0.7874051400762251,0.7693945146372221,0.9278068506184586
3497,15538.823528375153,0.769267364414843,0.765712765134782,0.792102660985586,0.7651069728963819,0.8394386298763082
3614,9178.903254681425,0.7811607992388202,0.7771666803099423,0.8024975933112299,0.7766190917789776,0.8646527117031398
3786,2934.9042029921015,0.7783063748810657,0.7747584246909436,0.7972005412241425,0.7752616205624873,0.9085394862036156
3088,6059.71722306707,0.7844909609895337,0.7804357447250477,0.8045462776185041,0.7799093603725009,0.8760704091341579
3290,20917.115299183697,0.7597526165556613,0.7570333381228668,0.7868723182680231,0.7551498405867316,0.8211227402473834
3432,1666.7204234055994,0.7806850618458611,0.7777955320099935,0.7952679309601123,0.7785414276930205,0.922930542340628
2941,6528.231385306801,0.7849666983824929,0.7812760645206731,0.8047069389888852,0.7807005646193491,0.8717887725975262
2549,344104.2454282666,0.5685061845861085,0.5600475761838213,0.6662854110891306,0.5675831669825235,0.5794481446241675
2704,51670.960020962506,0.7231208372978116,0.7207423735439821,0.7631211109104342,0.7188210374677565,0.7570171265461465
3235,7475.901424308219,0.7859181731684111,0.7814393581671857,0.8062826730890797,0.7809066263619641,0.8695290199809705
3191,10687.914290892571,0.7825880114176974,0.7784776929689461,0.8033595886664088,0.777964397010149,0.8537107516650809
3383,6727.950334665804,0.7882968601332064,0.7838646369788907,0.8087823971923234,0.7835088682047783,0.8764272121788773
3408,28365.57395575167,0.7511893434823977,0.7487716701379825,0.7812885644445762,0.7469917678976218,0.8060180780209324
3253,6758.643720283863,0.7854424357754519,0.7811418939230574,0.8055333135811379,0.7806482677538997,0.8732159847764034
3236,15029.4290808411,0.7702188392007612,0.7667968907575003,0.7940596637620343,0.7656494590004931,0.838011417697431
2896,7345.034296543571,0.7873453853472883,0.7834915913616942,0.8079531316676458,0.7827478775490231,0.8664367269267365
2927,4316.7155534144,0.7863939105613701,0.7831647961329773,0.8049271377502387,0.7827062693149347,0.8868934348239772
3153,3627.7402759750344,0.7859181731684111,0.7820927246348109,0.8040940415562412,0.7819311987862171,0.8948620361560419
2845,0.003535862501124506,0.6712654614652712,0.6673808634554955,0.6841459712930744,0.6684934623805043,0.9475499524262607
3170,3507.8509009446625,0.7868696479543292,0.7833857055885856,0.8051296838599399,0.7830537309901764,0.8975975261655567
3229,1144.3172927676283,0.768791627021884,0.7656761067294692,0.7836348438198787,0.7670230301315097,0.9263796384395814
3147,729.8965608580176,0.7573739295908658,0.7543632584463074,0.7727066728352943,0.7552753454622352,0.9332778306374881
3585,0.0005088749534622166,0.6222645099904852,0.6148349961091281,0.6333805772980491,0.6183752336573693,0.9646764985727878
3292,3460.5430091324583,0.7830637488106565,0.7795199980393692,0.8013833656233194,0.7795839462469311,0.8985490009514748
2950,3490.059029314013,0.7811607992388202,0.7780165733083749,0.7984592872036278,0.777773385597219,0.8940294957183634
3468,2524.801024717282,0.780209324452902,0.7766133498024489,0.7962267193091771,0.7773537306595443,0.9103235014272122
3129,1744.9350575515434,0.7835394862036156,0.7799853745884977,0.797113341369015,0.7810089977775381,0.9179352997145576
3675,512.1415652002137,0.7450047573739296,0.741045566892869,0.7589844348086001,0.7431057527612979,0.9477878211227403
4097,12734.549306805064,0.7773549000951475,0.7747589276740733,0.8003666184760382,0.7732609649455955,0.8516888677450047
2731,4104.365952078231,0.7797335870599429,0.7764881117762783,0.7987551104021748,0.7764613622288825,0.8851094196003806
3033,20790.25615627644,0.7597526165556613,0.7571246474005751,0.7868926476460533,0.7554672390717355,0.8196955280685062
2867,41859.993272001164,0.7340627973358707,0.7317574506086528,0.7694021760591221,0.7294529449298192,0.7735490009514748
3911,9686.480016322887,0.7792578496669839,0.7752054590176017,0.8014342399240517,0.7749365656496245,0.8641769743101808
3094,5194.121194728494,0.7844909609895337,0.780580376688762,0.8043232345057305,0.7800573707469064,0.8821360608943863
86,9353.955294169065,0.6203615604186489,0.6096849963921958,0.6572773216579255,0.6187103649015997,0.6228591817316841
3368,1282.8697406028007,0.7740247383444339,0.7713916513257822,0.789083133079307,0.7722272616826003,0.92709324452902
3035,2320.9066953971974,0.7859181731684111,0.7827792523966679,0.8016661341641159,0.7831600257062904,0.9088962892483349
3209,2650.404378589785,0.7859181731684111,0.782965679795405,0.8024681051485307,0.7828514921284764,0.9063986679352997
3253,2498.152656298423,0.7840152235965747,0.7806039277369128,0.8003223033795843,0.78083461750286,0.909372026641294
3170,918.2217241644564,0.7621313035204567,0.7590079179327471,0.7762824611955221,0.7600607550024168,0.9306612749762131
3000,2080.7156766280877,0.7797335870599429,0.7765522173346533,0.7944740959857958,0.7774013526496706,0.9109181731684111
3493,260.21514950114266,0.7193149381541389,0.7152468897190362,0.7327984353585479,0.7180994193431537,0.9524262607040913
2886,4806.177621690227,0.7830637488106565,0.7801141914012655,0.8012904155994741,0.7795943101360167,0.8818981921979068
3329,4548.864736874913,0.7873453853472883,0.7835690607780401,0.8065463164602502,0.7831571415426001,0.8902235965746907
3363,3425.94041618394,0.7840152235965747,0.7802786897660517,0.8024145663224169,0.7805094526681736,0.8996194100856327
3224,16270.97211294691,0.7678401522359658,0.7647404094449801,0.7927927767798549,0.7633789085435637,0.8340865842055185
3057,1612.660879917672,0.7783063748810657,0.7749306673241243,0.7928058492302765,0.7759597200152787,0.9180542340627973
3333,6597.58971639818,0.7887725975261656,0.7844627955821942,0.8092493331560764,0.783926636232058,0.8760704091341579
3445,4172.716269448478,0.7830637488106565,0.7786457357906829,0.8013376192352334,0.7790859022202712,0.8941484300666033
3545,12220.772432299187,0.7778306374881065,0.773801504350824,0.7991142450260865,0.7731150343848188,0.850499524262607
3337,2144.5624401170903,0.7844909609895337,0.7814522837694844,0.8002421959033436,0.78184331140953,0.9143672692673644
3155,491.3773694630278,0.7440532825880114,0.7410157350124746,0.7596827435409523,0.7416447392882206,0.9400570884871551
2965,1.1175168482170016e-05,0.6641294005708849,0.6592264670890535,0.6755699574415175,0.6608553508955595,0.9511179828734538
3243,4864.508830139735,0.7849666983824929,0.7812671658088944,0.8051603857448082,0.7803877981397178,0.8864176974310181
3303,7178.503784817622,0.7859181731684111,0.7813897758238988,0.807354499355179,0.7806735543007737,0.8719077069457659
3365,7598.302955173751,0.7859181731684111,0.7816371071325154,0.8075683623595786,0.7809713196396175,0.8710751665080876
3387,8292.479115561715,0.7849666983824929,0.780712641205076,0.8056008806074606,0.7802088192371577,0.866674595623216
3704,31170.954120371418,0.7464319695528069,0.7437395210145302,0.7769622707245292,0.7418092506793308,0.8004281636536632
3573,20599.93470355886,0.7616555661274976,0.7580363712163377,0.7872815879496186,0.757323472448217,0.8252854424357755
3316,7251.707299832843,0.7854424357754519,0.7811143888420735,0.8068626939316964,0.7803781749742095,0.8716698382492863
3094,14490.116998696249,0.7706945765937203,0.7665791947328746,0.7942660624097868,0.7659517260373755,0.8394386298763082
3496,1167.4242576892675,0.7702188392007612,0.7675890038835832,0.786095862571203,0.7688203263501219,0.9303044719314938
3026,0.02149255768470421,0.6527117031398668,0.6472477545478814,0.6631146281618123,0.6492937306196798,0.9533777354900095
3175,3518.5617025466295,0.7854424357754519,0.7816982879018938,0.8037595956700236,0.7816325974975167,0.8972407231208372
3289,3054.665762348323,0.7840152235965747,0.7808892409604324,0.8020427269491808,0.7809228132579679,0.903663177925785
3407,7535.674952093932,0.7863939105613701,0.7823815919251713,0.807361139639615,0.7815208815477453,0.871313035204567
3408,9835.024885143881,0.7816365366317792,0.777207400793136,0.8025701984552185,0.7770056999016172,0.8595385347288297
3610,6441.878874004617,0.7849666983824929,0.7801310881797123,0.8034743969654453,0.7804566134162274,0.8808277830637488
3118,5028.542028478039,0.7868696479543292,0.7829769143071513,0.8061654036630447,0.7823666097318787,0.8849904852521409
2814,2030.3585492003883,0.7811607992388202,0.7781109712669603,0.795812635004397,0.7788247711088373,0.9075880114176974
2935,4910.662527528787,0.7844909609895337,0.7813269871840118,0.8030389747148211,0.7809418613740817,0.8823739295908658
3111,22332.6599366007,0.7554709800190295,0.7524845072918891,0.7844465948239066,0.7508427637428863,0.8166032350142721
3233,13476.334453919828,0.7759276879162702,0.7715077924189543,0.7979395874144973,0.7709158712665259,0.8433634633682208
3429,7478.818981835962,0.7840152235965747,0.7796691730141541,0.8037672810582925,0.7794775811154315,0.8715509039010466
3321,5004.128645960487,0.7873453853472883,0.7832736197248126,0.8070461537307889,0.7829931101078503,0.8870123691722169
3142,3241.5055698096926,0.7840152235965747,0.7804432222230591,0.8018706362779195,0.780413279529115,0.8990247383444339
3308,1631.3592672886148,0.7787821122740247,0.7763601819660113,0.794506729778637,0.7766633829106355,0.9211465271170314
3053,4892.4195689747885,0.7821122740247384,0.7783868312060644,0.8011130162583354,0.7779650397746999,0.8836822074215034
2924,10332.581792356114,0.7792578496669839,0.7748848147349033,0.801950557617251,0.7742018808688774,0.8522835394862036
3246,2722.835958098487,0.7835394862036156,0.780137286756174,0.8010318724828782,0.7803260117547136,0.9060418648905804
291,1141.4053922031103,0.7426260704091342,0.7377687669782372,0.7699443806394566,0.7384917003630024,0.7671265461465271
3498,4582.701854030283,0.7840152235965747,0.7796799561139631,0.8017873455430589,0.7800208451530063,0.8911750713606089
3161,14100.7937215049,0.7730732635585157,0.7695796708051417,0.7959704293699624,0.7686152119746981,0.8409847764034253
3352,8342.880994930596,0.7840152235965747,0.779564433823454,0.8057011825645659,0.7791580852289841,0.8663177925784966
3341,5029.52842159001,0.7901998097050428,0.7863335173710782,0.8095456639184804,0.7857839612204065,0.8871313035204567
3052,5103.902271445357,0.7821122740247384,0.7784406604367031,0.8016694996866803,0.7779339000564769,0.8826117982873454
3281,2642.9675123683414,0.7854424357754519,0.7821713059473641,0.8024505580505054,0.7824794748925884,0.9063986679352997
4770,1775.500196325439,0.7697431018078021,0.7659814900016239,0.7846575764636647,0.7677121160227443,0.9347050428163654
3410,24222.52910966802,0.7564224548049476,0.7536788282177052,0.7847269081806265,0.7518920034054896,0.8143434823977165
3151,4076.755579669161,0.7854424357754519,0.7820179385514042,0.8042811484978346,0.7815050177299776,0.8910561370123692
2999,6751.491644365536,0.7830637488106565,0.7792660448407458,0.8025158264852899,0.7788468297929361,0.8704804947668887
3516,12061.073299107504,0.7773549000951475,0.773593369198556,0.7986082160635586,0.7728211284608543,0.8512131303520457
3190,2420.6002106837195,0.7854424357754519,0.7821122901555742,0.8014539839669347,0.7821696314413149,0.909847764034253
3311,6690.211229539323,0.7868696479543292,0.7822611078064411,0.8076560169685513,0.7817716188495906,0.8753568030447193
3297,6307.085909284103,0.7873453853472883,0.782721714775765,0.808666786442244,0.7821823564874861,0.8778544243577545
3240,4586.712657361247,0.7825880114176974,0.7792579021387164,0.8024705472496901,0.7783718952698123,0.8891531874405328
3412,12982.972486742863,0.7754519505233112,0.7712019705009995,0.7969170136851959,0.7707074132299382,0.8459800190294957
3102,3221.695999639043,0.7840152235965747,0.780407239208051,0.8008220770693855,0.7803764992804368,0.8990247383444339
3325,6220.515155748369,0.7882968601332064,0.7840617379892444,0.8093483056538252,0.783463673269095,0.8788058991436727
3589,7228.1211037441135,0.7868696479543292,0.7824093181595096,0.8062476113784156,0.7823518774301413,0.8754757373929591
3645,19695.69636618225,0.7630827783063748,0.7601936817127519,0.7888072763237427,0.7589299200737292,0.8293292102759277
3530,8804.722606298512,0.7835394862036156,0.7794894993031858,0.8037701110996375,0.779098890319664,0.8653663177925784
3742,31221.487151477842,0.7459562321598477,0.7433632616128808,0.7754697339707266,0.7416295389478949,0.8007849666983825
3314,2.86134794878906,0.642721217887726,0.6374031957804228,0.654922915279849,0.639302040132207,0.9567078972407231
3448,6796.4622572763155,0.7844909609895337,0.7799636345274978,0.8038669015896687,0.7798635132660695,0.8763082778306375
3305,10878.959283861108,0.7830637488106565,0.7794255804247525,0.8057656392376036,0.7782908089807844,0.8537107516650809
3385,5294.117429491831,0.7892483349191246,0.7851154942205302,0.8086651912506195,0.7849980834048258,0.8858230256898192
3449,4987.1563993659165,0.7844909609895337,0.7801868655611391,0.8029801491498043,0.7801518127482215,0.8887963843958135
3560,5722.273345756321,0.7849666983824929,0.7810725174423101,0.8042881457722405,0.7808008198447383,0.884871550903901
3346,16945.679043643155,0.7678401522359658,0.7648326706260847,0.7928616630140031,0.763583237742581,0.8331351094196003
3394,8666.108444128942,0.7835394862036156,0.7797198014257154,0.8051007406062022,0.7789907359468037,0.8646527117031398
3224,3549.125588751888,0.7821122740247384,0.778239816787125,0.8011508038303893,0.7785063610779338,0.8961703139866793
3466,13498.516417695671,0.774976213130352,0.770992531989579,0.7962499981810074,0.7704360450567064,0.8451474785918173
3143,4151.055720593469,0.7849666983824929,0.7814968561047666,0.8033850126301434,0.7811386474107567,0.8904614652711703
3300,1730.0784247549743,0.7787821122740247,0.7764090756980842,0.7944432242706329,0.7768422776108068,0.9200761179828735
3068,6822.326580268814,0.7844909609895337,0.7802002561210477,0.804844125734469,0.7797560192340477,0.8720266412940058
3222,2909.8693593603252,0.7835394862036156,0.7802176966628978,0.8010898691494622,0.7802749255476961,0.9035442435775451
2981,4813.787179011303,0.7825880114176974,0.779447927980652,0.8011369810169109,0.778930210822057,0.8838011417697431
1051,9077.7547286073,0.7664129400570885,0.7622155820106381,0.792169257033228,0.7614323833434431,0.811964795432921
3368,1915.2216391137142,0.7816365366317792,0.7792040383559765,0.7972203070830386,0.779495475187119,0.9188867745004757
3626,5332.985024996821,0.7859181731684111,0.7817776430385525,0.8033750744927746,0.7817404009296124,0.8874881065651761
2879,951.4376493816243,0.7645099904852521,0.7608419074162044,0.7777114245354163,0.7622872814585613,0.9261417697431018
3129,3064.0934728636553,0.7859181731684111,0.7825209856863874,0.80353408998561,0.7824472672976348,0.9011655566127498
3220,2516.1587371573587,0.7835394862036156,0.7802450361085593,0.7999761391678979,0.7803302290136773,0.9081826831588963
3291,6873.77209707804,0.7868696479543292,0.7823679716810497,0.8083446100569361,0.7816222848876896,0.8738106565176023
3320,9591.792158258817,0.7811607992388202,0.7771369910405218,0.8032623400905592,0.7765362875470248,0.8591817316841104
3386,5579.244635385412,0.7892483349191246,0.7851783824150614,0.809188371586823,0.7849119402038627,0.8838011417697431
3460,6349.718121914341,0.7849666983824929,0.7807328935375338,0.8037702187315571,0.7806410009407857,0.8799952426260704
3381,16294.398166562514,0.768791627021884,0.7649862023016123,0.7929421888967961,0.764496915610617,0.8348001902949572
3281,10552.441404149915,0.7825880114176974,0.7792056824679696,0.8054496254558149,0.7780193135179305,0.8546622264509991
3549,4461.001765270366,0.7835394862036156,0.7798442897566609,0.8022896321158086,0.7798189891024739,0.8931969552806851
3397,6750.360259412068,0.7873453853472883,0.7828648480585086,0.8070521202674665,0.7825759355362263,0.8761893434823977
3433,20320.110386714354,0.7607040913415795,0.7577004543951933,0.7863829602063485,0.7564065289476272,0.8244529019980971
3335,6390.736109279701,0.7887725975261656,0.7845940116679665,0.8088241453868263,0.7839136358420045,0.8777354900095148
3361,7867.882447873285,0.7859181731684111,0.7815168722423806,0.8074536186658815,0.7810421816846067,0.86976688867745
3516,5536.17049971147,0.7859181731684111,0.7819265786817727,0.8049581393033035,0.7818074853195145,0.8854662226450999
3270,10874.895309872978,0.7825880114176974,0.7787578074193499,0.8049007900621694,0.7777909368214759,0.8535918173168411
3383,6388.569779751547,0.7892483349191246,0.7849081859721648,0.8096199356180757,0.7845646846231118,0.8792816365366318
4448,4148.5905135443245,0.7811607992388202,0.7774925712466703,0.8010851484404858,0.7776606637985459,0.9048525214081827
3409,6100.957530510737,0.7844909609895337,0.7803157225056343,0.8045803061301827,0.7798657297849346,0.8799952426260704
3567,15634.347986810702,0.7702188392007612,0.7671078711405115,0.794186548628516,0.7659914043948886,0.8392007611798288
3370,7.056561177112405,0.6446241674595623,0.6388065364956421,0.6572117348998787,0.6411765621919461,0.9587297811607992
3481,11284.60375840388,0.7783063748810657,0.7740354530912967,0.7998272765427067,0.7736169017984509,0.8538296860133207
3297,3621.6139494286954,0.7811607992388202,0.777449594146792,0.7999812598247694,0.7775203359087396,0.8973596574690771
3645,7523.946693844458,0.7882968601332064,0.7838820042528175,0.8071525348399206,0.7837679994344986,0.8742863939105614
3552,8084.916371731855,0.7840152235965747,0.7796738911872865,0.8043587123387264,0.7795910508802579,0.8694100856327307
3646,36392.38132144581,0.7388201712654615,0.7362270482266885,0.7698025678559653,0.7343364241686587,0.791151284490961
3721,1.013193597043755,0.6170313986679353,0.6111559433909644,0.6289841864623071,0.6137933724163793,0.9681255946717412
3427,6018.2715617245085,0.7844909609895337,0.780476174739232,0.8049062674256195,0.7800895490792434,0.8816603235014272
3623,13902.100916874306,0.7735490009514748,0.7699274782411573,0.7963644592154673,0.7690232203008414,0.8444338725023787
3474,3579.6245733914843,0.7840152235965747,0.7796612838521926,0.801962775103957,0.780397726734717,0.8997383444338725
3804,9151.960779004181,0.7835394862036156,0.7797403769690282,0.8065330357362454,0.7790929528760889,0.8658420551855376
3976,20501.62043421656,0.7616555661274976,0.7592723694822073,0.7880875837780935,0.7575578302586642,0.8294481446241675
4230,5538.651800631526,0.7816365366317792,0.7781718571418879,0.8016741859867296,0.7781274376161014,0.892721217887726
3318,0.3794788300566047,0.6422454804947669,0.6372466069306219,0.6549473867726137,0.639087628310809,0.9567078972407231
3383,2418.7065062849697,0.7835394862036156,0.7801453525463489,0.7997012001502148,0.7807529702352544,0.9113939105613701
3189,3478.0338304525008,0.7849666983824929,0.7813791447277337,0.8028398993649667,0.7813252953255737,0.8974785918173168
3507,10427.719317147134,0.7797335870599429,0.775734381583673,0.8005666527512902,0.7753517933153737,0.8575166508087536
3277,1621.4050398292277,0.780209324452902,0.777287889410005,0.7953432573581818,0.7779748712023218,0.9216222645099905
3361,6583.202028520242,0.7887725975261656,0.7846475465802774,0.8088997770531318,0.7841712392502055,0.8774976213130352
3406,6957.663777025105,0.7868696479543292,0.7825357534233939,0.8076055171642048,0.7820117267675226,0.8751189343482397
3520,4736.483280345511,0.7830637488106565,0.7789624635731985,0.801592526061848,0.7792101018894124,0.8906993339676499
3657,25101.525674984427,0.7535680304471931,0.7510739875705588,0.7814754291067199,0.7492807098459201,0.814581351094196
3336,13300.44759057254,0.7768791627021884,0.772964456793485,0.7993281531705239,0.7720641340692381,0.8430066603235015
3220,6615.392427323517,0.7882968601332064,0.7840222430009739,0.8085770462207513,0.783524165605664,0.8738106565176023
3218,7387.869390788614,0.7873453853472883,0.7833950312524364,0.807762591994552,0.7824509364724884,0.86976688867745
3220,8773.211378082922,0.7844909609895337,0.7802191222337509,0.8052433464399034,0.779689192212956,0.8625118934348239
3179,56757.34009642214,0.7212178877259753,0.7190956088259761,0.7615119512151003,0.7170021452222075,0.7554709800190295
3426,17524.71685113477,0.7649857278782112,0.7617216212795065,0.7900434513453283,0.7608832025947078,0.8320647002854424
3275,3046.252923722102,0.7863939105613701,0.7831778395708081,0.8047251661231567,0.7830544866266745,0.9027117031398668
3360,5994.268799128742,0.7887725975261656,0.7844111171635216,0.8085960225860198,0.7841678592262863,0.8814224548049476
3139,0.00025863957247335666,0.6508087535680305,0.6458971399628897,0.6628596753544347,0.6475970711939868,0.9550428163653664
3289,4533.099918205373,0.7825880114176974,0.778490574139323,0.8011773819589283,0.7785072480154216,0.8898667935299714
3218,2100.7302669121373,0.7849666983824929,0.7818875109517469,0.7998746702619823,0.7822738702138604,0.9142483349191246
3584,12507.353530670855,0.7773549000951475,0.7733646027163946,0.7993520731877225,0.7726472179953366,0.8496669838249287
3341,6567.906247509223,0.7882968601332064,0.7839834710185651,0.8083114397505952,0.783424088904919,0.8766650808753568
3470,3453.7679167923807,0.7854424357754519,0.7813611239765968,0.8034600936617988,0.781776728347214,0.90104662226451
3373,971264.6058239802,0.47573739295908657,0.4532387157684162,0.6066423911870015,0.4747786529312818,0.48287345385347286
3091,27914.377002882,0.7516650808753568,0.7489231388018839,0.7827487300391613,0.747130668557069,0.8034015223596574
3573,10462.711503297402,0.7816365366317792,0.7778904243759651,0.8038264507729567,0.777247135376548,0.8577545195052331
3355,1491.5298064574133,0.7778306374881065,0.7759856446398853,0.7935412465575306,0.7761443156545296,0.9240009514747859
3201,5839.112084094565,0.7863939105613701,0.7819612571907741,0.8058028969886273,0.7814861533709925,0.8798763082778306
3733,15149.059381725461,0.7706945765937203,0.7678305932032894,0.7944650261581343,0.7664864302530807,0.842174119885823
3490,2579.7101412917377,0.7825880114176974,0.7793905456569793,0.7996125151096078,0.7795931986108474,0.9103235014272122
3105,4460.615911239445,0.7844909609895337,0.7803497590965712,0.8025843341742857,0.7802425243906317,0.8882017126546147
677,7853.466777658405,0.7597526165556613,0.7542089683389763,0.7848170309240778,0.7547018091306466,0.7917459562321598
3344,5839.966732958541,0.7863939105613701,0.7821499410619516,0.8061612492807045,0.7816334920785698,0.8817792578496669
3246,11155.435710886835,0.7816365366317792,0.777734791584055,0.8038930949919921,0.776810513892452,0.8526403425309229
3452,2667.917315115599,0.7811607992388202,0.7775002645851006,0.7974532368851761,0.7780860381675456,0.9075880114176974
3183,19832.997068666675,0.7630827783063748,0.7601322566301645,0.7894574243454751,0.7587158703086927,0.8232635585156993
3618,4148.574196932184,0.7849666983824929,0.7809146038768893,0.8024971746267733,0.7812571174633376,0.89581351094196
3365,1293.6814779612112,0.774976213130352,0.7722290611841288,0.7904924458773481,0.772956897454059,0.9272121788772597
3863,7765.4580676507185,0.7835394862036156,0.7797279762159464,0.8039885665888123,0.7793431973134383,0.8747621313035204
3055,3687.0824653784707,0.7844909609895337,0.7810433276894784,0.8027435830254577,0.7807393781408085,0.892721217887726
3507,0.07795412697398127,0.6246431969552807,0.6169262710381971,0.6360759324456179,0.620096317355995,0.963011417697431
3272,37570.0553127422,0.7402473834443387,0.7384422493480411,0.7741877529554326,0.7358328392621404,0.7855613701236918
3379,13150.785378383938,0.7759276879162702,0.7714547708107695,0.7967724362565709,0.7711623008042459,0.8444338725023787
3445,6046.773522907439,0.7854424357754519,0.7812813456467504,0.8056361363629041,0.7809794428309518,0.8818981921979068
3183,2133.803542494228,0.7840152235965747,0.780643683323289,0.7990934881395227,0.781212663960982,0.913058991436727
3298,9035.086833060592,0.7830637488106565,0.7788624165473804,0.8046825044853883,0.7782385741132148,0.8615604186489058
3686,4662.90311726584,0.7854424357754519,0.7815568885765289,0.8044361668822677,0.7816376069614404,0.8934348239771646
3558,15495.856846141729,0.7706945765937203,0.7675530476763008,0.7939467284620391,0.7665492114420573,0.8387250237868696
3070,2700.6808715427815,0.7873453853472883,0.7835979805795645,0.8039308124049004,0.7835873883530338,0.9029495718363464
3027,1328.7845075497025,0.7716460513796385,0.7688400424421153,0.7854266839669118,0.7697801571965706,0.9216222645099905
3110,2183.9767703067946,0.7882968601332064,0.7849745696524006,0.8025513234134218,0.7853754035967577,0.9115128449096099
3004,2032.3340189782646,0.7797335870599429,0.7766242732100987,0.7943985497352352,0.7774908758745529,0.9118696479543292
3146,821.0300769386764,0.7621313035204567,0.7587289219281562,0.7765620798438425,0.7597741237469704,0.9308991436726927
3199,2728.4528513807445,0.7854424357754519,0.7823403503913028,0.8022268057475435,0.7822717728251626,0.9056850618458611
3078,968.4509739006089,0.7654614652711703,0.7624731551970374,0.7791676996176413,0.7634563905741218,0.9278068506184586
3013,1939.8220526646494,0.7821122740247384,0.7793998486024214,0.7965784006394727,0.779922114011939,0.9138915318744053
1376,3503.4225897306274,0.7764034253092293,0.7717998417980573,0.7991277262388683,0.7719887194808095,0.8559705042816366
3150,3077.5076130310536,0.7873453853472883,0.7841200651810452,0.805237918609846,0.7837780994763988,0.90104662226451
3243,1436.245382039165,0.7768791627021884,0.773777137158019,0.791559057647753,0.774549661821087,0.9231684110371076
3118,2846.303010823046,0.7849666983824929,0.7817043969188067,0.8021763681151548,0.7816169871916865,0.9024738344433872
2914,634.2755052690516,0.7526165556612749,0.748998406478603,0.766551988842001,0.7505257606503525,0.9329210275927687
3273,3614.9350675736346,0.7844909609895337,0.780646223504925,0.8029170049456729,0.7807679557112092,0.8973596574690771
3365,1895.287679704736,0.7806850618458611,0.7781759617666191,0.7969212271098287,0.7785338123537405,0.919243577545195
3201,4212.907080674314,0.7849666983824929,0.7812694094460477,0.8031038055638543,0.7810746323885648,0.8910561370123692
2979,10066.575306247822,0.7778306374881065,0.7734896871290047,0.8002574135347722,0.7729131805702762,0.8529971455756422
3119,85.06942520594617,0.6883920076117983,0.6841816444214477,0.7007860375448265,0.6863347998226987,0.95313986679353
2762,23833.53634882328,0.7545195052331113,0.7520755881096455,0.7837721711993952,0.749920188726764,0.8083967649857279
3430,6475.693913546373,0.7863939105613701,0.7823610436060503,0.806346547087926,0.7820021194624031,0.8784490960989534
3312,2883.3970096448998,0.7854424357754519,0.7817980857218998,0.8025787773368048,0.7822388572937545,0.905209324452902
3227,1247.4676974527845,0.7716460513796385,0.7687022388057347,0.786592315386236,0.7697186533462601,0.9251902949571836
3402,5507.538487141113,0.7873453853472883,0.7829676447191096,0.8060942699928374,0.7828723119048877,0.884395813510942
3454,9748.46860010559,0.7806850618458611,0.7767557848689309,0.801400343999725,0.7762675213086987,0.8596574690770694
3377,5691.825591912327,0.7892483349191246,0.7854406126605322,0.8090675904507648,0.784946459946005,0.8832064700285442
3336,14706.167526163124,0.7702188392007612,0.7669128211485646,0.793841820144735,0.7657774890448767,0.8389628924833492
3495,5539.784611989156,0.7859181731684111,0.7816756138425924,0.8045076778501878,0.7817800996096202,0.8852283539486203
3331,9962.077600667379,0.7816365366317792,0.7775481763124975,0.8039440147576883,0.7769011844636456,0.857278782112274
3239,19391.35627715163,0.7626070409134158,0.7596358249260794,0.7887228334235539,0.7580582195415301,0.823382492863939
3397,2309.8545412296908,0.7825880114176974,0.7794603291750064,0.7980861304641506,0.779779957308628,0.9136536631779257
3509,4045.261040444565,0.7830637488106565,0.7787894394175624,0.8005918550629237,0.7793594931383889,0.8962892483349191
3082,8344.981516121343,0.7825880114176974,0.7782773960482678,0.8034555392147251,0.7777498171176569,0.8626308277830638
1992,84255.52876566425,0.698382492863939,0.6964439453062047,0.7490136861653821,0.6947945579818662,0.7090865842055185
3270,5766.450620562531,0.7849666983824929,0.7809379595232289,0.8054811355937763,0.7801661021586536,0.8803520456707897
3161,2910.36907433704,0.7873453853472883,0.784368817120369,0.8044374221332836,0.784059370085438,0.9022359657469077
3389,13350.05922961556,0.774500475737393,0.7701749993064484,0.7951660396790085,0.7698729750110572,0.8439581351094196
3545,7419.560008885277,0.7863939105613701,0.7822478014523021,0.8075549593177664,0.7819021817674895,0.8728591817316841
3315,26864.043866736094,0.7535680304471931,0.7508389931538233,0.7830869402644886,0.7489416514760892,0.8082778306374881
3429,1664.7805871046764,0.7806850618458611,0.7777955763553894,0.795300897340805,0.7787662954178882,0.9230494766888677
2858,4298.318356877866,0.7825880114176974,0.7792661127418075,0.8016869978174797,0.7789242579773474,0.8854662226450999
3181,11133.599693456896,0.7825880114176974,0.7783440545817264,0.8037105367546327,0.7778319638160907,0.8521646051379639
3056,5522.406817002667,0.7825880114176974,0.7787393287869815,0.8020017924158187,0.77845186650218,0.8783301617507137
3254,0.010596236113631304,0.6460513796384396,0.6407064608508877,0.657859243813761,0.6426343128932778,0.9569457659372027
3652,2207.714812055356,0.7797335870599429,0.7765610696056005,0.796425936830361,0.777277478693841,0.9179352997145576
3456,26.032119910840457,0.648430066603235,0.6429875971694442,0.6598586044225321,0.6454984872902984,0.9600380589914367
3339,3625.4574409369807,0.7854424357754519,0.7818768922790548,0.804387581654159,0.7817364404238276,0.897954329210276
2445,16768.512655190116,0.7664129400570885,0.7633224281324248,0.7915595992712999,0.7619085300059302,0.8211227402473834
2987,7839.929481871708,0.7816365366317792,0.7774864958292602,0.8022745571053465,0.7770752139430537,0.8638201712654615
3135,820.4005374132497,0.7588011417697431,0.7554979709957605,0.7737983159570758,0.756753628628339,0.9318506184586108
3577,4553.697904861023,0.7854424357754519,0.7815334546697082,0.8038676145337031,0.7815727749079839,0.8922454804947669
3259,9492.817063292625,0.7825880114176974,0.7787182882702732,0.804969907718923,0.7776081718626551,0.8589438629876308
3373,2456.400001710928,0.7840152235965747,0.7805105691916058,0.7997217353373636,0.7811161212961271,0.9107992388201712
3483,1336.7613717865167,0.7725975261655567,0.7703528627853294,0.7881989519615278,0.7709010270593991,0.9273311132254995
3197,6216.289065653469,0.7863939105613701,0.7818911774675661,0.8061543530524446,0.7814268337135366,0.8767840152235966
3078,22354.593443760732,0.7554709800190295,0.7526000018241417,0.7842281502437007,0.7508714702609545,0.8166032350142721
3293,41322.509312846756,0.7350142721217888,0.7327846228292605,0.7703104018581712,0.7304599525905737,0.7784253092293054
3385,3258.286864595776,0.7806850618458611,0.7768045267605745,0.7990429423228078,0.7773382819109755,0.9015223596574691
3496,12928.459252650513,0.7754519505233112,0.771286882022279,0.797217334162515,0.7708464330089173,0.8475261655566128
2932,6945.74800008279,0.7873453853472883,0.7838016654660092,0.807823226722285,0.7827524606339967,0.8690532825880114
3192,0.0011041921649127175,0.6450999048525214,0.6403029596716291,0.6583737459584543,0.641860328721736,0.9567078972407231
3290,2090.9375245114634,0.7840152235965747,0.7810339855278434,0.7995376654720739,0.781459536545557,0.9143672692673644
3771,4250.396044668995,0.7830637488106565,0.7791355295069521,0.801858081595487,0.7795510642813617,0.8975975261655567
3415,10765.068778475415,0.7797335870599429,0.7753740757249392,0.8009510715264241,0.7750968035306809,0.8547811607992388
3633,5949.271356855878,0.7868696479543292,0.7823756692716838,0.8053452057021977,0.7824120631565932,0.8846336822074216
3079,2878.063367642753,0.7868696479543292,0.783455553323118,0.8036463316739353,0.7834044910035669,0.9023549000951475
3350,5.1822683685970725,0.6441484300666033,0.6374684783114273,0.6539468440807091,0.6406471171654093,0.9594433872502379
3203,18223.697660967166,0.7645099904852521,0.7615022804610132,0.7900067047787052,0.7599725976118393,0.8271883920076119
3543,8931.754151414196,0.7844909609895337,0.7802621598985975,0.8054157205082608,0.7799806487964404,0.864058039961941
3447,426.31145506601354,0.741674595623216,0.7373776946918467,0.7561384136792114,0.7393552243669276,0.9482635585156993
3130,4764.863594154269,0.7868696479543292,0.7834377558747301,0.806024037282076,0.782744068880056,0.8864176974310181
3289,1519.27374234789,0.7754519505233112,0.7729691813782424,0.7907830009114926,0.7735472542927952,0.9223358705994291
3244,3421.7633123867445,0.7816365366317792,0.7780903873667802,0.7997196796963202,0.778141216621693,0.8980732635585157
3004,392089.45492110174,0.5608943862987631,0.5514581756476923,0.6604954201331544,0.5601068427008126,0.570884871550904
2632,14390.168979059823,0.7706945765937203,0.7675119597112082,0.7948567360028183,0.7658055262178194,0.8319457659372027
3349,6548.027676661569,0.7887725975261656,0.7846496738906472,0.8083330436893614,0.7840070065236103,0.8769029495718363
3544,29663.994961523247,0.7488106565176023,0.7459291886848445,0.7786015672501049,0.7443941929308426,0.8029257849666984
3393,8347.238175801973,0.7849666983824929,0.7808454978881586,0.8056050981017858,0.7802679808328304,0.8665556612749762
3462,5938.614947014418,0.7830637488106565,0.7785331725702566,0.8019593250001353,0.77857329161833,0.8824928639391056
1755,12874.48936220616,0.7735490009514748,0.7707361481781929,0.7972242486308907,0.7688397613125669,0.8219552806850619
3304,7769.348229354351,0.7854424357754519,0.7811257859188667,0.8073625636675986,0.780257571177135,0.8689343482397717
3686,19319.05280333482,0.7630827783063748,0.7602466228181983,0.7886336294393343,0.7589939350959212,0.829686013320647
3379,4837.459753589854,0.7849666983824929,0.7808009313264919,0.8043325561790695,0.7806751338955302,0.889034253092293
3588,10975.089462526063,0.780209324452902,0.7762624177875779,0.8020870748336053,0.7756993274949846,0.8556137012369173
3468,5787.042905794199,0.7854424357754519,0.7810336862031482,0.8040072657909407,0.7811892591966995,0.883325404376784
3332,2281.982580155475,0.7844909609895337,0.7813140774881301,0.8005523559413096,0.781486812150842,0.9123453853472883
3233,3739.637024102317,0.7825880114176974,0.7792007549684865,0.8023005983824859,0.7789332777624232,0.8946241674595623
3364,13086.59494033933,0.7759276879162702,0.7715478404178228,0.7974364815880349,0.7710706550354179,0.8437202664129401
3517,6700.55990056797,0.7849666983824929,0.7805046153044107,0.8041768048325958,0.7805231996011639,0.8772597526165556
3244,34608.28606745134,0.7440532825880114,0.7421079799585218,0.7773669201318851,0.7395141672173453,0.7899619410085633
3434,1065.9866389506717,0.769267364414843,0.7664934875094152,0.7857315516923934,0.7674887737641223,0.9305423406279734
3132,8690.18192133161,0.7849666983824929,0.7809430421800294,0.8051909318844432,0.7802784366607665,0.8619172216936252
3332,3883.8473384067083,0.7849666983824929,0.7811624486738806,0.8037557604529793,0.7810747904503479,0.8947431018078021
2289,18914.339928560163,0.7588011417697431,0.7552567628652704,0.7841780318341316,0.7540557063434887,0.8138677450047573
3601,1897.1550489486674,0.7759276879162702,0.7736583220604258,0.7918656449756515,0.7739973961887661,0.9222169362511894
2812,5871.916353597128,0.7811607992388202,0.7775169496913843,0.8013412508892392,0.7771138340234549,0.8738106565176023
3845,10150.824803084015,0.7806850618458611,0.7771294040159067,0.8033446290331702,0.7763940834178399,0.8610846812559467
3209,5.172761992362629e-05,0.6460513796384396,0.6410543990777002,0.6581459671373403,0.6428122273677578,0.9568268315889629
3450,3269.4974612531983,0.7806850618458611,0.7767068275705376,0.7978313834802898,0.777143249236482,0.902117031398668
3309,5173.371434373514,0.7868696479543292,0.7829216887159384,0.8075299821392313,0.7822338633797885,0.885941960038059
3005,2112.6650853938904,0.7811607992388202,0.777987249034836,0.7961728621823545,0.7786900529482719,0.9110371075166508
3132,14487.862189916856,0.7702188392007612,0.7669293082292897,0.7933217736895875,0.765852327494257,0.8394386298763082
3400,9031.001081026156,0.7840152235965747,0.7798454329205631,0.80638348847373,0.7792138822018722,0.8633444338725024
3519,3526.8524986241414,0.7821122740247384,0.778085534568303,0.7995648293578413,0.778690225454945,0.9005708848715509
3284,6894.137817743606,0.7849666983824929,0.7803840132673407,0.8059286297752534,0.7799057720684659,0.8735727878211227
3186,59064.62824713244,0.7178877259752616,0.7155502351846813,0.7583440264435497,0.7135387325625223,0.7526165556612749
3694,20067.445312514297,0.7611798287345385,0.7582376665210211,0.7862483148985245,0.7572135653162887,0.8283777354900095
3374,1393.5699117517322,0.7764034253092293,0.7739701893267749,0.7920284228408183,0.774615806618269,0.9259039010466222
3069,4531.609994457933,0.7825880114176974,0.7785553095049103,0.8006428015443372,0.7783362890832699,0.8871313035204567
3255,10008.480242933978,0.7806850618458611,0.7766147183726225,0.8024776147609899,0.7757979961467639,0.8568030447193149
3487,2531.7326860471853,0.7816365366317792,0.778423950778459,0.7990137370056866,0.778730053873898,0.9106803044719315
3348,5857.9082540780455,0.7868696479543292,0.7826013971742528,0.8060150631993652,0.7822872717422505,0.8815413891531875
2923,13324.842557247348,0.7730732635585157,0.7695595035133118,0.795959210678147,0.7682786711328525,0.8408658420551856
3571,30359.51946025286,0.7478591817316841,0.7451813563407664,0.7785320800105529,0.7433029502612655,0.8017364414843007
3205,2841.1305962010993,0.7840152235965747,0.7808021395344288,0.8013698245656151,0.7805903259102204,0.9043767840152236
3090,7133.616743206159,0.7854424357754519,0.7809851004665133,0.8053237625128293,0.780771837642154,0.8695290199809705
3431,126222.4314305945,0.6717411988582302,0.6708891765399012,0.7266069932994298,0.6689417307599135,0.6933872502378687
3289,796.2248321323287,0.7607040913415795,0.7574047076584867,0.775080956954312,0.7586563403772474,0.9352997145575642
3371,4069.607375874603,0.7863939105613701,0.7824315128537028,0.8051638470232374,0.7824261193435,0.8940294957183634
3495,1.5327837568929024,0.6322549952426261,0.6257538344281437,0.6444021842403067,0.6280514912005628,0.9608705994291151
3190,9112.328412427598,0.7835394862036156,0.7794930057164429,0.8039956170152616,0.7788716883277561,0.8610846812559467
3654,1645.3636162110965,0.7730732635585157,0.7702845401205972,0.7884262986897708,0.7712674633142849,0.926617507136061
3293,19161.62337263438,0.764034253092293,0.7610057144770411,0.7894588726950615,0.75973710430865,0.8243339676498572
3011,4271.157038563158,0.7830637488106565,0.7794371243093527,0.8010850935811422,0.7793155808063078,0.8874881065651761
3421,6991.19894773135,0.7859181731684111,0.7816169075739995,0.8055603168434666,0.7813114703022362,0.8751189343482397
3122,2850.0592357997425,0.7873453853472883,0.7841699329892393,0.8045721787517554,0.784083872318333,0.9023549000951475
3256,14864.725549352335,0.7716460513796385,0.7685308565380901,0.7954231428078915,0.7672249195022083,0.8386060894386299
3560,5016.991709690639,0.7844909609895337,0.7806126422271185,0.8034699525333876,0.7804542627788333,0.8897478591817317
3342,9531.372020221874,0.7825880114176974,0.7791223985495127,0.8051604340455029,0.7780590251717286,0.8596574690770694
3172,2193.6566316624767,0.7863939105613701,0.7831330908630312,0.8013033960443027,0.7837538992357126,0.9131779257849667
3453,24991.18246369077,0.7540437678401523,0.751010844745011,0.7820840487509308,0.749485624329448,0.8138677450047573
3347,4687.149489931567,0.7863939105613701,0.7823022150356389,0.8058355505582588,0.7821267434087649,0.8897478591817317
2926,11235.296339242619,0.7797335870599429,0.7754102550783266,0.8022251431322504,0.7748508071060389,0.847882968601332
3766,1199.5271919490285,0.763558515699334,0.7612887277671818,0.7784799025517976,0.7622399833378798,0.9331588962892483
3231,7152.327472036003,0.7868696479543292,0.7824563561136195,0.8075785084797452,0.7819236714778828,0.8709562321598477
3055,2894.4929736955196,0.7854424357754519,0.7823742980407784,0.8028405293865093,0.7818959988026795,0.9015223596574691
3533,4644.683016180733,0.7844909609895337,0.7804878120613206,0.8024682752061594,0.7807726699200581,0.8916508087535681
3406,13832.105500153286,0.774976213130352,0.7709499551616025,0.7959177166280679,0.7704662486241328,0.8437202664129401
3274,7132.818718191095,0.7849666983824929,0.7804064429764581,0.8056102750907088,0.7800074884802728,0.8720266412940058
3621,1869.6421268609529,0.774976213130352,0.7720482243514399,0.7909518603908516,0.7729113536764689,0.9235252140818269
3144,3411.4310925986315,0.7859181731684111,0.7825400470983812,0.8039124352288832,0.782247373794776,0.8967649857278782
3416,44493.09173621405,0.7326355851569933,0.730817737588698,0.7673992400741408,0.7281423353183063,0.7736679352997146
2734,9526.472486358798,0.7778306374881065,0.7733647256998425,0.7985851685214267,0.7731439857387189,0.8533539486203615
3319,5156.501226851638,0.7863939105613701,0.7822873168715285,0.8066985404285976,0.7819000833794644,0.885941960038059
3482,22795.515418629533,0.7564224548049476,0.7530523238416996,0.7839258172326317,0.7517263842512533,0.8189819219790676
3218,2891.5553325077826,0.7844909609895337,0.7811827382813927,0.8019163380294543,0.7811668004494721,0.904138915318744
3118,7513.7713258882795,0.7873453853472883,0.7831619543300004,0.8078382198424332,0.7824795140428891,0.8681018078020932
3339,13974.50459046889,0.7740247383444339,0.7704343416290749,0.7965947847846446,0.7694833346341111,0.8414605137963844
3035,1780.8733602994073,0.7806850618458611,0.777469692558219,0.794602905982846,0.7783985648233277,0.9155566127497621
3508,4374.09971106926,0.7830637488106565,0.779102331402068,0.8011463366298861,0.7792657248256152,0.8931969552806851
3229,9747.803339382466,0.7825880114176974,0.7785781005345386,0.8038190540542474,0.7777107991204547,0.8579923882017126
2878,6546.223656504933,0.7849666983824929,0.7813357441890019,0.8047705674994763,0.7807329215028822,0.8704804947668887
3398,3354.595996862594,0.7811607992388202,0.7770154211008402,0.7994436647861282,0.7775420154687116,0.90104662226451
3603,12.712801084846564,0.6317792578496669,0.6246200799471086,0.6431988999535292,0.6276047911391228,0.9640818268315889
3275,903.5957095774774,0.763558515699334,0.7602877927225826,0.7784059231460227,0.7613805254858753,0.93232635585157
3139,17217.356402877864,0.764034253092293,0.7606448999597001,0.7884813100862635,0.7596172631994546,0.8295670789724072
3425,529.596626646722,0.7507136060894386,0.7469290631891086,0.7651150270868341,0.7487387892911916,0.9449333967649858
3329,2288.0449013673165,0.7835394862036156,0.7804053257697696,0.7996041040463115,0.7806120087760385,0.9123453853472883
3727,5575.549466691832,0.7863939105613701,0.7822110046917659,0.8053837478928372,0.7822055172086821,0.8870123691722169
2989,280.83596794419253,0.7221693625118935,0.7183277721223712,0.7359360805596155,0.7202547403262894,0.9425547098001903
3514,11592.045880170284,0.7773549000951475,0.7734363577589599,0.7982414991641347,0.7728211284608543,0.8533539486203615
3231,3813.7090040108324,0.7840152235965747,0.7806467103271479,0.8034215924448731,0.7802539065412287,0.8939105613701237
3395,1238.1300951847504,0.7711703139866793,0.7681910543980591,0.7860439996318199,0.7695034458312702,0.9275689819219791
3156,7275.9106844146,0.7873453853472883,0.7833642045793905,0.8076365632007884,0.7824502411589019,0.86976688867745
3312,20292.69578212606,0.7621313035204567,0.7592622944141929,0.7885772598455387,0.7577294383321618,0.8227878211227403
3494,10703.424251912782,0.7792578496669839,0.7749156441039509,0.8001651387507817,0.7747151512106537,0.8554947668886774
264,2510.7290132946055,0.7326355851569933,0.7275868977883725,0.7656121136413031,0.7281950640190474,0.7522597526165556
3070,5275.7827732589785,0.7821122740247384,0.7783212864826881,0.8025448790101597,0.7777533738919227,0.8808277830637488
3598,4459.570833401925,0.7863939105613701,0.7826934697986044,0.8043491924526418,0.7826452685778765,0.8934348239771646
3229,36701.4636348691,0.7411988582302569,0.7393466129028108,0.7748087701599059,0.7367813029387988,0.786988582302569
3341,1720.17350241408,0.7806850618458611,0.7782377164105344,0.7957637503832805,0.7789646044734372,0.9206707897240723
3424,8083.538898771319,0.7849666983824929,0.7809144434880335,0.8053993810803639,0.7802983424620401,0.8676260704091342
3157,40.197143535480535,0.6741198858230257,0.6696272022905465,0.6869588803438249,0.6712286190443268,0.9558753568030447
3290,14113.235397878667,0.7735490009514748,0.7698979616957835,0.7962455259502755,0.7688311971077815,0.840627973358706
3468,3148.200449263884,0.7821122740247384,0.778585528867173,0.7999357093537085,0.7788100341778482,0.9034253092293054
3927,6626.429598348659,0.7835394862036156,0.7794532980701616,0.8035364892054778,0.7793749731992168,0.8839200761179828
3338,25689.19425915069,0.7573739295908658,0.7548751081139775,0.7863677277388058,0.7529544378629796,0.8112511893434824
838,0.06622955699051715,0.7488106565176023,0.7458058375409901,0.7648150265208773,0.7460202388735906,0.85418648905804
3090,10896.526529929344,0.7797335870599429,0.7753108491520763,0.8010113281996075,0.774928112230468,0.8524024738344433
3207,0.5142482784549574,0.6465271170313986,0.6413110565085081,0.6589442666434474,0.6431785693131088,0.9564700285442436
3573,3976.61495551296,0.7844909609895337,0.7806523943429837,0.8031874060633093,0.7807114894988374,0.8970028544243578
2813,2200.224109310244,0.7811607992388202,0.7780813011446421,0.7969798662485419,0.7786095203188158,0.9058039961941009
2950,6395.846852469387,0.7840152235965747,0.7801069596491395,0.804062613065828,0.7797767612373689,0.8720266412940058
3408,14395.775185823963,0.7711703139866793,0.7673221555285353,0.7929168681611488,0.7667501743301364,0.8413415794481446
3238,3467.145642924328,0.7811607992388202,0.7776469665393255,0.8004534229812226,0.7775450089007644,0.8971217887725975
3346,7140.932086035294,0.7854424357754519,0.7810784713936381,0.805905867208083,0.7804326412051463,0.8732159847764034
3666,1355.19491150058,0.7673644148430067,0.764247345876574,0.7816377887816023,0.7658810619644901,0.9293529971455756
3501,4782.672686581386,0.7849666983824929,0.7808945134480536,0.8032425471577632,0.7808223871249479,0.8904614652711703
3071,9828.72773741798,0.7811607992388202,0.7770584876981633,0.8026706453331972,0.7764771023045934,0.8569219790675547
3280,2415.812109367476,0.7840152235965747,0.7806402242851715,0.8003852788127164,0.7811076944485446,0.9107992388201712
3161,18735.207483323622,0.763558515699334,0.7606804103394231,0.7891174686917248,0.7593068479149049,0.825523311132255
3419,4842.092213501802,0.7854424357754519,0.7814349465419272,0.8037065196620015,0.7815025718324761,0.8889153187440533
3274,10466.279208632535,0.7821122740247384,0.7785748273959157,0.8038086983266653,0.7775242640129798,0.8544243577545195
2995,3073.8005231194948,0.7816365366317792,0.7785680467072165,0.7984350234268073,0.7783994122281965,0.8985490009514748
3553,723.0770150316114,0.7545195052331113,0.7510635723381505,0.7678300138051602,0.7530770879175596,0.9399381541389153
3382,6732.207484828204,0.7868696479543292,0.7823322607171158,0.8071771186502031,0.7821231705058643,0.8759514747859182
2532,15486.27414746734,0.7683158896289248,0.7654777559406447,0.7938882900715323,0.7636721125653081,0.8267126546146527
3173,1595.4874176368464,0.7811607992388202,0.7779926716674384,0.7950770222077955,0.7787116465779726,0.9200761179828735
4091,27886.11858681897,0.7526165556612749,0.7505647407130455,0.7820076472644619,0.7486952420375623,0.8112511893434824
3459,4557.641829908915,0.7840152235965747,0.779740724778706,0.8018430872576111,0.7800625821802675,0.8903425309229306
3326,8131.400138618089,0.7849666983824929,0.7805395589105815,0.8064246861599177,0.7799907694209717,0.8676260704091342
3801,2697.5932632016493,0.780209324452902,0.7770783519409139,0.7987896876356615,0.7775889243468809,0.9125832540437678
3264,5499.784300299477,0.7863939105613701,0.7823045821985527,0.8060439095970612,0.7814772176454766,0.8821360608943863
3090,11594.846983631873,0.7783063748810657,0.7736846016684388,0.799845505805134,0.7734659209710324,0.8499048525214081
3592,3735.596486111158,0.7835394862036156,0.7791928855218064,0.8003646619606165,0.7799756682921376,0.8989058039961941
3439,1964.5462970154952,0.7787821122740247,0.7760550864793019,0.7940671575768787,0.7768461740180373,0.918767840152236
3214,7314.8613363347295,0.7878211227402474,0.7839051075757104,0.8086364741841002,0.7829411325509198,0.8703615604186489
3347,16273.866868553601,0.769267364414843,0.7658740209973658,0.792783830397746,0.7650475662639672,0.8352759276879163
3195,46366.61237936003,0.7331113225499524,0.7313228307052598,0.7697014618751307,0.7285678379588928,0.7699809705042816
3498,8477.256744464301,0.7849666983824929,0.7809013318043012,0.8054709377060302,0.780498135202937,0.8661988582302569
3365,25760.806511896102,0.7559467174119886,0.7532255403437204,0.7855820543964492,0.7514623133776632,0.8111322549952427
3262,8278.851357192974,0.7835394862036156,0.7792951135326052,0.8051629379721998,0.7785682914733797,0.8646527117031398
3654,14587.854326745337,0.7716460513796385,0.7684845980989157,0.7943994372285414,0.7673957088547761,0.842174119885823
3437,5323.30501601254,0.7840152235965747,0.7798242778919076,0.8025397726393919,0.7797738861672399,0.8858230256898192
3232,8383.030091635994,0.7854424357754519,0.7809703072299764,0.8064374779529866,0.780449007905083,0.8642959086584205
3318,11936.06034114733,0.7768791627021884,0.7729196856776694,0.7982321849482246,0.7723259208941207,0.8483587059942912
3521,5495.626680024732,0.7859181731684111,0.7817632005984856,0.8048803769281184,0.781775398777527,0.8858230256898192
3369,645713.9570886849,0.5180780209324453,0.5033957771841594,0.6314232076930368,0.5176328913410808,0.521883920076118
3191,118.52035673487312,0.6960038058991437,0.6903519872264543,0.7062848122318688,0.6928779495191453,0.9526641294005709
3424,18105.616560569502,0.7649857278782112,0.7620593585316459,0.790245413171008,0.7609152891366953,0.8299238820171265
3715,4430.798172591618,0.7830637488106565,0.77913384206862,0.8016705012000287,0.7793118641577187,0.8943862987630827
3280,7983.071619100545,0.7835394862036156,0.7792935798759959,0.8046908624746859,0.7786281483826389,0.8678639391056137
3144,3327.5201706082844,0.7859181731684111,0.7825420878399297,0.8038011434197371,0.7823407444763819,0.8975975261655567
3509,10845.809668493972,0.7787821122740247,0.7748664432079255,0.8003246766412199,0.7743916275313534,0.8558515699333967
3342,28735.204986716002,0.7516650808753568,0.7488994921341533,0.7817241921470031,0.7472368391061819,0.8043529971455756
3580,6374.996577554791,0.7863939105613701,0.7819485498605419,0.8057919259638074,0.7820375457136464,0.8814224548049476
3213,3486.520479085151,0.7835394862036156,0.7799022603325179,0.8022476946630845,0.7799187936873506,0.896883920076118
3417,12167.432870310462,0.7773549000951475,0.7730945190951652,0.7987714243173516,0.7726587312687542,0.84895337773549
3122,5703.672888716435,0.7859181731684111,0.78213248821037,0.8058976411956215,0.7811752907517765,0.8785680304471931
3301,2459.7996419260426,0.7849666983824929,0.7814577549295503,0.8013282110018276,0.7821541315679824,0.9096098953377736
3460,19638.889241223707,0.7592768791627021,0.7557000568483805,0.7843193387029432,0.754955589518709,0.8268315889628924
3236,8290.74370130848,0.7863939105613701,0.7820306523030809,0.8073940365147472,0.7813695893249271,0.8650095147478591
3360,1281.0579148268878,0.7735490009514748,0.770911129815507,0.7893470325950732,0.771708984580688,0.9269743101807802
1575,4281.5149909590245,0.7778306374881065,0.7738293063286314,0.7979003985435277,0.7732772957064593,0.8560894386298763
3000,57986.45305811615,0.719790675547098,0.7177075295205825,0.7604989247867087,0.71568042351601,0.7521408182683159
3503,6448.014110536338,0.7859181731684111,0.7813099820434524,0.8049510302745212,0.7813814909115943,0.8796384395813511
3153,10215.899577879918,0.7825880114176974,0.778698307270661,0.8035428002553054,0.7778609573436096,0.8560894386298763
3638,202362.90009584112,0.6284490960989534,0.6245850882465926,0.695535133560611,0.6263518346796102,0.6480732635585157
3333,0.19444917039929682,0.6389153187440533,0.6328567473294713,0.6510473064787048,0.6351444881958099,0.9586108468125595
3063,3271.7485454422713,0.7844909609895337,0.7813209278847375,0.8026652022141054,0.7809310320765704,0.896883920076118
3266,16758.681838220968,0.7668886774500476,0.7636753158566196,0.7907782003496614,0.7625752230847058,0.832302568981922
1201,2108.4028583883965,0.7759276879162702,0.7730083138085005,0.7949545552242852,0.772507692669767,0.8585870599429115
3406,5516.200797810579,0.7854424357754519,0.7808768629322825,0.8041863983117745,0.7808364612609997,0.8840390104662227
3554,3711.696964510165,0.7811607992388202,0.7772160522990842,0.7991731075321477,0.7776244318420276,0.8991436726926736
2884,11745.285979191298,0.7768791627021884,0.7728053263758531,0.799323302617747,0.7719252696482543,0.845861084681256
3186,7445.3840461803175,0.7859181731684111,0.7818651418537546,0.8066826943566163,0.7810951624569529,0.8698858230256898
3394,27155.896837462737,0.7530922930542341,0.7503703575383174,0.7826439460510123,0.7488559595676051,0.8085156993339676
3269,2026.6890708027831,0.7849666983824929,0.7820598046297498,0.7999733656798698,0.7824886771994186,0.9154376784015223
2690,4531.380356660098,0.7835394862036156,0.780781547654132,0.8037991543836626,0.7798434412809481,0.8818981921979068
3145,12255.800165034607,0.7783063748810657,0.7742622661707769,0.8001259243554021,0.7735235074700865,0.8476450999048525
2122,7268.94984841832,0.7764034253092293,0.7724346710307276,0.7973571363780623,0.7714747339096379,0.8540675547098002
3509,2975.623971622461,0.7816365366317792,0.7776856276549499,0.7995107461655534,0.7783195510899661,0.9058039961941009
3338,17968.82253211443,0.7659372026641293,0.763107852305051,0.7914382391430463,0.7617720081287735,0.8301617507136061
3017,1180.0463491592657,0.7673644148430067,0.7645633150330917,0.7823868531754894,0.7651339491556003,0.9240009514747859
3443,5233.87795318288,0.7849666983824929,0.7810942641342613,0.8040611246334659,0.7809118919086824,0.8866555661274976
3248,9340.964961876527,0.7816365366317792,0.7777014622520609,0.803025971203386,0.7768622927103233,0.8593006660323501
3608,1.2831506059142733e-05,0.6217887725975262,0.6147539457235495,0.6341065337803714,0.617654740157963,0.9644386298763082
3346,4655.879305729743,0.7863939105613701,0.7824458019483089,0.8057548024364637,0.7821588299507525,0.890104662226451
3116,1775.273295343521,0.7811607992388202,0.7775738812494739,0.7959896627202034,0.7781859846738802,0.9169838249286394
3762,7721.069132332232,0.7840152235965747,0.7797670727195023,0.8029607176547453,0.7799336110962729,0.8741674595623216
3448,2962.760145806368,0.7825880114176974,0.7790829295110402,0.7989322937973393,0.7796349146951382,0.9046146527117032
3260,14614.900771916102,0.7721217887725975,0.7688490654693727,0.795210021659483,0.7675578588245093,0.8396764985727878
3197,31272.77161253127,0.7478591817316841,0.7454533454484593,0.778763867966341,0.7435078821703067,0.7972169362511894
3369,5466.56398643439,0.7892483349191246,0.7849945284581448,0.8092943606913391,0.784790488498776,0.8849904852521409
3539,3374.347844846312,0.780209324452902,0.776086837421612,0.7979639143366553,0.7766872030979529,0.902592768791627
3663,961.1510676829083,0.7611798287345385,0.7576263733325256,0.7753088174691672,0.7594026720204783,0.9355375832540438
3411,5231.2028254736815,0.7863939105613701,0.7821603739035717,0.8054590466816004,0.7820699602279941,0.8864176974310181
3501,1755.0903229450748,0.780209324452902,0.777879883300636,0.79634491980995,0.7783015358070766,0.9226926736441484
3352,2839.6322839879244,0.7849666983824929,0.7814559583553045,0.8019063780427448,0.781606660311418,0.9050903901046622
3440,9271.451604172307,0.7821122740247384,0.7783368651130423,0.8029432916613303,0.7777205832815627,0.8622740247383445
3325,5473.1440756918455,0.7897240723120837,0.7856266902723925,0.8096182642595633,0.7850530451670481,0.8842768791627021
3305,3836.6551585223697,0.7821122740247384,0.7779882844013164,0.8008299939208369,0.7781844596086483,0.8952188392007612
3320,1988.1971657273875,0.7825880114176974,0.7798396224699558,0.7977523267650316,0.7802331627004747,0.9167459562321598
3888,0.000340238693190305,0.6089438629876308,0.60276369978918,0.6174853775371576,0.6055486810189982,0.969790675547098
3087,0.012109446521003514,0.6565176022835395,0.6516694346249621,0.6674348331338729,0.6530218765838326,0.9549238820171265
3213,4887.218814646523,0.7859181731684111,0.7822101557046267,0.8052390312427526,0.7816631021903404,0.8858230256898192
3602,10316.577425540481,0.7821122740247384,0.7785465930689437,0.8042295845803178,0.7778355555631045,0.8589438629876308
3349,18365.499830226916,0.7668886774500476,0.7640775206356603,0.7926342018318994,0.7627651765063846,0.8288534728829686
3493,5877.895314628583,0.7873453853472883,0.782988972369915,0.8059620390188259,0.782940120722492,0.8826117982873454
2947,3498.584790942819,0.7821122740247384,0.7791535332393698,0.7995830091470421,0.7788814273406198,0.893791627021884
2365,590.6982021016792,0.7568981921979068,0.7546540094719125,0.7710117944904432,0.7550924659749165,0.9201950523311132
3274,12609.066062003545,0.7773549000951475,0.7736294124077085,0.7997495953501418,0.7726592106597144,0.845861084681256
3401,2224.795177775399,0.7830637488106565,0.7797609718234421,0.7976577167846074,0.7805709045488878,0.9142483349191246
3178,7595.861365420031,0.7844909609895337,0.7805130252638254,0.8050070136499663,0.7798417706624753,0.8689343482397717
3060,5039.206052894563,0.7825880114176974,0.778657416886129,0.8018154696680225,0.7783920095929208,0.8823739295908658
3282,1346.413172657314,0.7706945765937203,0.7677942054140926,0.7856204822763259,0.7687787518326462,0.924476688867745
3510,2685.5005835273228,0.780209324452902,0.7764778018572696,0.7967425429521346,0.7772245020930535,0.9086584205518554
3400,88042.19041115652,0.6998097050428164,0.6977821866489087,0.7469983411951592,0.6959818357697404,0.7247859181731684
3182,7916.271633659654,0.7840152235965747,0.7799248496583977,0.8042432565415979,0.779345247754925,0.8670313986679353
3699,19326.848814107092,0.7621313035204567,0.7594929378461618,0.7879258202429211,0.7580359226280077,0.8298049476688868
3301,4275.6518290246,0.7835394862036156,0.7794699253778319,0.8021904890798565,0.7793326876686412,0.8920076117982874
3566,12662.474330606763,0.7768791627021884,0.7729568503826538,0.7982689655801068,0.7721938038236288,0.8480019029495718
3441,22.94642212821952,0.6489058039961941,0.6431226253758704,0.6608568489398211,0.645746734288754,0.9592055185537584
3120,6131.999864142644,0.7854424357754519,0.781513935148666,0.8059392188804237,0.78069766666007,0.8758325404376784
3267,2727.050383281383,0.7840152235965747,0.7805321385448057,0.8017073782249595,0.7807124811571549,0.9055661274976213
3371,40191.35985780779,0.7373929590865842,0.7354240358132829,0.7717577372817364,0.7328913051193251,0.7817554709800191
3227,11709.466218081368,0.7816365366317792,0.7776611777378364,0.8024716362558983,0.7767522675046054,0.8499048525214081
2798,6635.8510797556955,0.7806850618458611,0.7765488830780046,0.8007294431640817,0.7763463901890596,0.8700047573739296
2978,1269.300240033716,0.7711703139866793,0.7684549866546838,0.7864802806301212,0.7692092604941777,0.92186013320647
3472,3727.761758661712,0.7844909609895337,0.7802595513965651,0.8024692472316316,0.7807902762714899,0.8987868696479543
3363,0.0015457669927345548,0.642721217887726,0.6374039370860995,0.6548481394557155,0.6392002018864449,0.9606327307326356
3102,24933.433120171492,0.7540437678401523,0.7510529864985691,0.7833540754273178,0.7494287433395043,0.8116079923882017
3604,3.9201666545068825,0.6246431969552807,0.6172195807842662,0.6370448870298681,0.6203190508445942,0.9642007611798288
3181,9202.772759526337,0.7835394862036156,0.7794268045997786,0.8045749604786963,0.7788021707376992,0.8604900095147479
3285,4859.43678396839,0.7854424357754519,0.7812979175014501,0.804315425283719,0.7809088469269214,0.8878449096098954
3443,1964.0817482522427,0.7811607992388202,0.7783426105407851,0.7959151019771701,0.7791883800101038,0.9186489058039962
3543,7282.669280032177,0.7859181731684111,0.7817981632020133,0.8069840023698737,0.7814337162366616,0.8738106565176023
3361,12772.027313954097,0.7768791627021884,0.7727369002455455,0.79884930063427,0.7721636817638037,0.8452664129400571
3223,3622.24675143709,0.7830637488106565,0.7795443486807712,0.8022538011893527,0.7794281692055904,0.89581351094196
3334,2625.305728688793,0.7840152235965747,0.7801625688906985,0.8003017558127257,0.7807835040421938,0.9077069457659372
3038,16267.262325700538,0.7673644148430067,0.7638759101867727,0.7924673596503851,0.7627351451039425,0.8320647002854424
3442,4936.662119791833,0.7835394862036156,0.7793888466313719,0.802539282198963,0.7792144468108556,0.8891531874405328
3126,815.1489132852538,0.7611798287345385,0.7576377156033551,0.7757469154952612,0.7592266445957045,0.9319695528068506
4006,8877.543568510615,0.7821122740247384,0.7782637340568029,0.8046149772115683,0.7778432114460212,0.8696479543292103
3269,5823.357090598957,0.7859181731684111,0.7817563103469379,0.8065494106224772,0.7809939620382376,0.88023311132255
2606,2069.8164577474536,0.7764034253092293,0.774191531160604,0.7921590436358935,0.7742912650437905,0.9043767840152236
3553,23633.500599208146,0.7549952426260704,0.7519731665899363,0.7828132673614316,0.7505018570366271,0.8162464319695528
3714,3944.3974487712826,0.7830637488106565,0.7787522255978195,0.8014769530871115,0.7794031965676048,0.8990247383444339
2874,73.59113148487636,0.6936251189343482,0.6890940587849986,0.7056719734668835,0.6914001372263867,0.9469552806850619
4892,7962.299297767559,0.7854424357754519,0.7812342394859676,0.8054398951168895,0.7810857192430507,0.8820171265461465
3377,216.62666785004402,0.7174119885823026,0.71300312285005,0.7309279815161045,0.715174956727311,0.9521883920076119
3197,12149.664810898985,0.7811607992388202,0.7770013846040946,0.8030230284108955,0.7762920577857862,0.8484776403425309
3500,3083.8400835815346,0.7849666983824929,0.7813267932890852,0.8021782775632875,0.7816752417506783,0.9049714557564225
3311,1250.2110000006257,0.7706945765937203,0.7679670608609424,0.7857829078458168,0.7688938936065475,0.9256660323501428
562,5493.52171151868,0.7602283539486203,0.755014752372851,0.787363104960414,0.7554750534733519,0.7892483349191246
3427,15992.081219185757,0.768791627021884,0.7654495979161046,0.7921092302178843,0.7646847918912918,0.8370599429115129
3046,9274.9563642836,0.7821122740247384,0.7779581432099365,0.803725176218076,0.7774917398914946,0.8588249286393911
3167,3581.868288888339,0.7863939105613701,0.7828607297884989,0.8045245840560898,0.7825531789173608,0.8966460513796385
3814,1665.3839017998257,0.7706945765937203,0.7686709989474123,0.7866122032519997,0.769273864788801,0.9263796384395814
3279,6179.328999724787,0.7859181731684111,0.7815267662118742,0.8065657394615714,0.780960244031867,0.8778544243577545
3369,11184.482384449366,0.7797335870599429,0.7760341810037177,0.8023134367655151,0.7751930323844823,0.8521646051379639
3627,2322.432174280329,0.780209324452902,0.7767039747171329,0.7965602445243758,0.7777556001772999,0.9159134157944815
3478,4517.948249628052,0.7859181731684111,0.7817007396148766,0.803898370974828,0.7818589031257117,0.8903425309229306
3167,22122.23053380636,0.7568981921979068,0.7541380113208946,0.7855092220486393,0.7524475799040156,0.8175547098001903
3273,7237.400917861001,0.7849666983824929,0.7807473734326051,0.8055912172176412,0.7801035900444522,0.8710751665080876
3394,3193.933109774638,0.7811607992388202,0.7770701878523301,0.7992175201848848,0.7778307585951356,0.9022359657469077
3539,39901.52319593232,0.7373929590865842,0.7351901592695099,0.7703482243028277,0.7327374129859796,0.7844909609895337
2943,11533.437325646277,0.7787821122740247,0.7744138885667814,0.8011327895415882,0.7738200704870671,0.8476450999048525
3076,6018.248708899344,0.7844909609895337,0.7802914662733162,0.8043432530281628,0.7800592370535624,0.8747621313035204
3235,2659.3482932271286,0.7849666983824929,0.7818456945114736,0.8027863057840415,0.7818766569399807,0.9063986679352997
3398,17571.856488428028,0.7654614652711703,0.762192075151478,0.7912974884820085,0.7611818038834082,0.8315889628924833
3350,4728.441135031876,0.7854424357754519,0.7815878193907361,0.8047802961679696,0.7812533924935908,0.8893910561370124
3143,7069.637552018202,0.7873453853472883,0.7834707863492578,0.8076923173347715,0.7826843955791029,0.8703615604186489
3649,1747.1036992472627,0.7730732635585157,0.7706452223867614,0.7892949370638409,0.7713642140198101,0.9247145575642245
3506,9949.216849683935,0.7811607992388202,0.7771306748978984,0.8016448938427955,0.7767290108690619,0.85941960038059
3259,4040.7344479275207,0.7825880114176974,0.7790403506775732,0.8017484435559362,0.778674042889839,0.8933158896289248
3320,15529.798096262773,0.7697431018078021,0.7661455016699594,0.7933348835280193,0.765284562083872,0.8372978116079924
3461,7989.151005186048,0.7859181731684111,0.7817179100691043,0.806565511519126,0.7813481232612922,0.8696479543292103
3195,1121.3050500774475,0.7673644148430067,0.7649151050722625,0.782540322134086,0.7654251459832826,0.9260228353948621
3333,3318.44255186259,0.7840152235965747,0.7805523783700943,0.8023803020015204,0.7805372633501086,0.8998572787821123
3578,28046.627819681118,0.7497621313035204,0.7466875884225994,0.7787969974856872,0.7453774337173986,0.8067316841103711
3080,5520.513902881231,0.7840152235965747,0.7799694573763004,0.8039321888486735,0.7796418940738571,0.8795195052331113
3426,2126.8786599545724,0.7835394862036156,0.7804895020351026,0.7985367395988271,0.7812798296167663,0.916151284490961
2992,10793.881962293253,0.7783063748810657,0.7737478135326312,0.8003705814006812,0.7732930925019122,0.8507373929590866
3261,4801.228424516895,0.7825880114176974,0.7784878231516756,0.8021069148219547,0.7781432079171486,0.8882017126546147
3165,7962.716391886796,0.7854424357754519,0.7812440445353138,0.8050177678021051,0.7806689352284729,0.8665556612749762
3462,16207.064808796791,0.769267364414843,0.7661329684970832,0.792862217836821,0.7652524283540094,0.836465271170314
3322,8.398240854332934e-05,0.6422454804947669,0.6374775530937643,0.6551654491403198,0.6389694967433648,0.957302568981922
3392,2646.8498701662083,0.7840152235965747,0.7805458894087348,0.800276309467252,0.7807642910526837,0.9075880114176974
3226,4731.040146565412,0.7844909609895337,0.7805592181136201,0.8040172919789805,0.7800442178379605,0.8871313035204567
3561,8585.24814419384,0.7830637488106565,0.7789605485548134,0.8038883843362157,0.7786953285217584,0.866674595623216
3107,1658.9009054085905,0.7816365366317792,0.7784657064706197,0.79542928452882,0.7789687541794996,0.9186489058039962
3704,3439.792603392211,0.7797335870599429,0.7753006254601817,0.798176730714928,0.7760831804262456,0.9040199809705043
3298,676.0592943686019,0.7559467174119886,0.7524665880144075,0.770542870445857,0.7538790153161774,0.9377973358705994
3466,1.9870932060049742,0.6332064700285442,0.626305021135536,0.6442414751847554,0.6290937665802485,0.961465271170314
3375,12994.1127938295,0.7764034253092293,0.7717913458419041,0.797240096506778,0.7715591262010714,0.8446717411988582
3206,5764.292518409922,0.7873453853472883,0.7832764875880949,0.8075121304002588,0.7824762523808936,0.8798763082778306
3005,22615.922464146504,0.7535680304471931,0.7515993130280381,0.7830774113131762,0.7490526273889057,0.8149381541389153
3506,57972.70695993512,0.7207421503330161,0.7186148346553309,0.7599634526095252,0.7166330453056011,0.7553520456707897
3320,8667.476275195417,0.7840152235965747,0.7797704890453969,0.8062125298225092,0.7791580561148684,0.8641769743101808
2202,2974.174156028231,0.7811607992388202,0.7789670954019641,0.801794207968466,0.7779762181305736,0.884395813510942
1446,5625.1941211451485,0.7768791627021884,0.7732179808403068,0.8006629751198483,0.7722747682454225,0.8444338725023787
3134,437.5526398251736,0.7378686964795433,0.7338795068396495,0.751748605446897,0.7356203951655342,0.9410085632730733
3599,13193.028231379838,0.774500475737393,0.770683964438564,0.7964181590960636,0.7697795228218498,0.8471693625118935
1977,1591.6498910424623,0.7811607992388202,0.778952415329206,0.7959669989795445,0.7787385667430707,0.8962892483349191
2835,3303.2578063398555,0.7821122740247384,0.778685844256414,0.7994776096056009,0.7788101848377851,0.8940294957183634
3409,6864.85612612583,0.7873453853472883,0.7828525017229125,0.8073448451905504,0.7824365633688298,0.8758325404376784
3244,4282.006187814769,0.7811607992388202,0.7777649867016649,0.8005724117100815,0.777198203596858,0.8916508087535681
3305,10358.471651461781,0.7816365366317792,0.7774624348525205,0.8042727376120157,0.7768348888357248,0.8554947668886774
3450,31698.282470299644,0.7464319695528069,0.743839409625461,0.7768147354099801,0.7420957448159644,0.798406279733587
3066,2045.9105984977446,0.7825880114176974,0.7791608435009332,0.7974759766196257,0.7799824654437395,0.9127021883920076
3200,19140.51534131988,0.764034253092293,0.7612004528818068,0.7901454101751756,0.7595015746613558,0.8244529019980971
3378,6027.460641410803,0.7882968601332064,0.7838678746598529,0.8079978690699651,0.7837499831953645,0.8803520456707897
3559,918.853413126466,0.7611798287345385,0.7580893669663408,0.7769876061784712,0.7598395451193392,0.9352997145575642
3644,4124.637611135853,0.7844909609895337,0.78002043125691,0.8026596735665967,0.780783395246219,0.89581351094196
3380,7454.762161647127,0.7854424357754519,0.7811682122577434,0.8057654027034491,0.7806670868353848,0.8719077069457659
3812,8.502388553703428,0.6141769743101808,0.6087289424081898,0.6247454083639761,0.6111284351047604,0.9684823977164605
3522,2290.9824578572775,0.7792578496669839,0.776460873512631,0.7958103927078863,0.7770478937201108,0.9142483349191246
3413,12307.191330948535,0.7778306374881065,0.7737676855181885,0.7998080988307431,0.7731537807737047,0.8475261655566128
3329,4725.932500296062,0.7868696479543292,0.7827277304028609,0.8055426334779829,0.7823801406713258,0.8889153187440533
3485,7487.032967627395,0.7859181731684111,0.7817704919170848,0.8062271348796942,0.7813867881425767,0.8717887725975262
3251,2953.372749395503,0.7835394862036156,0.7801503132307193,0.8007542240400107,0.7802522183046042,0.9040199809705043
3395,16188.669809520406,0.7697431018078021,0.765998627195472,0.7934282826102708,0.7652587668717308,0.8350380589914367
2956,0.03483290797351703,0.659847764034253,0.6559128492892857,0.6728474717883821,0.6564532453563136,0.9509990485252141
3134,5840.561650640011,0.7849666983824929,0.7812430512524461,0.8047925369838819,0.780486804537443,0.8788058991436727
3739,1425.5796397816337,0.7702188392007612,0.7677939215404073,0.7849504430533815,0.7688853402167066,0.9293529971455756
3294,9933.565028507852,0.7835394862036156,0.779499930939269,0.8062424320623547,0.778659426064507,0.857278782112274
3510,3309.76512476131,0.7825880114176974,0.7790432778685108,0.8005340232328617,0.7794325815197435,0.9028306374881065
3647,4739.817527572196,0.7873453853472883,0.7829467331098525,0.8051645451679723,0.7831894419828351,0.8917697431018078
3227,20705.97943326993,0.7602283539486203,0.7573006603412682,0.7873216023460529,0.7557739621804129,0.8210038058991437
3383,9128.331331698291,0.7825880114176974,0.7786494789399199,0.8047588927719337,0.7779285619271901,0.8621550903901046
3149,2349.1176288046076,0.7878211227402474,0.7846142753184019,0.8038453314729976,0.7848677139002146,0.9102045670789725
3042,963.3175422119249,0.7649857278782112,0.7617971568271742,0.7791219086348126,0.7628838152067254,0.9275689819219791
2877,1447.9888059363461,0.7792578496669839,0.7767275302118146,0.7940273438278421,0.7771870202860971,0.9190057088487155
2745,2249.6299672463497,0.7792578496669839,0.7766532946709284,0.7953485981346122,0.7769142689563456,0.9040199809705043
3133,2273.342768510641,0.7868696479543292,0.783630500088832,0.8026336064761959,0.7837869052722823,0.9109181731684111
3012,743.5821063324144,0.7588011417697431,0.755460571131203,0.7726982238036841,0.7565332721333766,0.9316127497621313
3152,3574.716523955454,0.7849666983824929,0.7814936689872659,0.8036667726640353,0.7811424014190853,0.8955756422454805
2924,1209.7291676720943,0.769267364414843,0.7658971634852743,0.7834322488245642,0.7671958919153324,0.9219790675547098
3214,6245.653046648873,0.7901998097050428,0.786626194143375,0.8110477942380381,0.7854709634007071,0.876546146527117
3049,12984.669416480534,0.7716460513796385,0.7670333419091646,0.7940098658891286,0.7667082752531711,0.8445528068506185
3115,6679.550000221026,0.7849666983824929,0.7806749494957539,0.805826030567648,0.7800235009037182,0.8722645099904852
3194,31954.302404231075,0.7473834443387251,0.7449681538782545,0.7784596064611298,0.7429673416297662,0.7961465271170314
4716,9462.97718519901,0.780209324452902,0.7764358625304804,0.8033196979423733,0.7757728686773077,0.873453853472883
3211,4023.9256605022324,0.7859181731684111,0.7821652800494574,0.8049934381978758,0.7818450555852541,0.8920076117982874
3061,5904.5211437371445,0.7825880114176974,0.778407484031025,0.802928234295863,0.7782166135086211,0.8764272121788773
2903,18883.69778100735,0.7626070409134158,0.760337518746204,0.7899842291616266,0.7583266138198252,0.8243339676498572
2437,2522.708445789559,0.7783063748810657,0.7759539896948386,0.7981719435141932,0.7756258336172056,0.8955756422454805
3287,8064.562743614265,0.7849666983824929,0.7808498314993461,0.8067595495682335,0.7799894249660393,0.8671503330161751
3139,374.64375656524237,0.7335870599429115,0.7298778582659308,0.7493756522350489,0.7316692496421252,0.9436251189343482
2976,11882.168666665142,0.7773549000951475,0.7732400679944609,0.800765242792747,0.7723605799910654,0.8475261655566128
28,4326.111728571473,0.5228353948620361,0.49837869666401585,0.5699055665013937,0.5214813379134722,0.5266412940057088
3244,1970.6850138244813,0.7825880114176974,0.779599754730942,0.7981163236160882,0.7798595501641885,0.9169838249286394
3330,6226.905590303462,0.7892483349191246,0.7851271030929563,0.8096937449029686,0.7844537722789962,0.8790437678401523
3456,3246.912281397015,0.7811607992388202,0.7772842655229104,0.7983076882149968,0.7777331428256382,0.902117031398668
3353,6367.121455429547,0.7868696479543292,0.7826427605150063,0.8068112010964743,0.7822616345918926,0.8789248334919124
3588,15141.306204333183,0.7702188392007612,0.767401446095608,0.7943273499186453,0.7657457131590983,0.8403901046622264
3461,0.004075133906675803,0.6274976213130352,0.6209380222111885,0.6404723708589646,0.6234882068103527,0.9615842055185537
4099,1424.3236270077957,0.7711703139866793,0.7685138761192372,0.7872381295112133,0.769092190331083,0.9329210275927687
3349,0.9054596401607724,0.6417697431018078,0.6366517649962965,0.6553049593862017,0.6383669356693777,0.959919124643197
3908,2831.325531786067,0.7811607992388202,0.7771953237984658,0.7993183274784522,0.7779624219458044,0.9112749762131304
3559,4503.123622475544,0.7840152235965747,0.7800424829047482,0.8022390046412811,0.780342458116042,0.8926022835394862
3414,8833.189077776668,0.7840152235965747,0.7798892906759335,0.8044544209915273,0.7794449980265239,0.8638201712654615
3255,6396.912582466682,0.7868696479543292,0.7827575618014372,0.8069188804445198,0.7820404035184536,0.8760704091341579
3375,38554.815651227065,0.7388201712654615,0.7370462991055542,0.7727788816886911,0.7341929806633677,0.7849666983824929
3706,13249.437471011679,0.7730732635585157,0.7696277170898569,0.7954301284863237,0.7685589128829461,0.8476450999048525
3495,2531.9441308813325,0.7816365366317792,0.7785580992276976,0.7982111995344481,0.7787940688960899,0.9110371075166508
992,5080.8928540845445,0.7730732635585157,0.7681362645154765,0.7973474684751376,0.7682802029069691,0.8301617507136061
3305,20964.280584214557,0.7588011417697431,0.7560435408362065,0.786516573666068,0.7541271639552806,0.8212416745956232
3220,10166.334391490584,0.7835394862036156,0.779422699802646,0.8054183015842392,0.7787068917777834,0.8558515699333967
3432,3635.353618972803,0.7806850618458611,0.7763967470114903,0.7987096009109316,0.7771312834899842,0.8990247383444339
3312,1725.032578948664,0.7806850618458611,0.7783256267370696,0.7962066654504508,0.7785633277329833,0.9201950523311132
3609,6071.4091694908475,0.7859181731684111,0.7815035804029031,0.8041262319646212,0.7814662896576249,0.8834443387250238
3510,8316.292704609165,0.7840152235965747,0.7799858840095103,0.8039104855111608,0.7797030110066864,0.8665556612749762
3191,966.6913104767227,0.7616555661274976,0.7587596560290142,0.7764784819461432,0.7600275963714213,0.9293529971455756
3338,3653.5574437733176,0.7863939105613701,0.7828806681310012,0.8053420374509317,0.7826283153256035,0.8977164605137964
3263,0.12665751246931206,0.6474785918173168,0.6407546399848749,0.6580252891874221,0.6434859089819238,0.9568268315889629
3424,13530.840570228649,0.774976213130352,0.7706779870062352,0.7960803548316442,0.7704039585147188,0.844790675547098
3144,2204.7276164656455,0.7887725975261656,0.7853004399043121,0.8039525259111876,0.7857409268527986,0.9124643196955281
3365,24935.544555959874,0.7568981921979068,0.7543429150643227,0.7864945566193045,0.7524475589610452,0.813035204567079
3151,5892.56415912419,0.7878211227402474,0.7840283670012004,0.8080639081042739,0.7830090199433639,0.8789248334919124
3514,2318.7310556285015,0.780209324452902,0.7769376970658171,0.795929855991829,0.7776275002160824,0.9148430066603235
3247,3818.4736741384627,0.7811607992388202,0.7777918296811335,0.8009782978214366,0.7773599924503303,0.8943862987630827
3416,9980.818326058708,0.7816365366317792,0.7774900331242077,0.8026490923036548,0.7771613606926371,0.8591817316841104
3633,6727.036008444702,0.7878211227402474,0.7834681387601741,0.8067171426315072,0.7834443176934152,0.8795195052331113
3296,1623.7460326530959,0.7792578496669839,0.7765448698126651,0.7942442893484282,0.777296387096101,0.9207897240723121
3172,4074.530216353358,0.7878211227402474,0.7843459095481584,0.8063967206271598,0.7838131726978939,0.8917697431018078
3353,15833.291263687997,0.7697431018078021,0.7663482553705996,0.7933814485165118,0.765348577106064,0.8362274024738344
3532,2478.5356399311754,0.780209324452902,0.7773852624623936,0.7971121556681819,0.7776846665574315,0.9121075166508088
1801,9027.946478304137,0.7754519505233112,0.7711663511358607,0.7974044747459039,0.7704072041833948,0.8375356803044719
4262,6077.754804704757,0.7830637488106565,0.778882748710824,0.8030521750819242,0.7790451643067285,0.8892721217887726
3771,54097.69813998125,0.7212178877259753,0.719168092516476,0.7583839319369876,0.7170797493713594,0.763558515699334
3272,150.57282072634402,0.7021883920076119,0.6964894735466396,0.7129283021747481,0.6992112939877381,0.9526641294005709
3417,3896.484591828507,0.7830637488106565,0.7783472284030323,0.8006278042173591,0.7790171627192277,0.8961703139866793
3100,13626.707341462597,0.774500475737393,0.7701982644537215,0.7970963247012216,0.7696705004417841,0.8415794481446242
3478,6158.530023939122,0.7854424357754519,0.7810166156748277,0.8044293526379581,0.7810384518321987,0.8813035204567079
4428,2535.0316515620834,0.7806850618458611,0.7769786972905259,0.796300928017628,0.7781534961535886,0.9215033301617507
3207,1336.463460752769,0.7740247383444339,0.7709350275320885,0.7880776631929576,0.7717505146119665,0.9237630827783063
3357,10201.557984049312,0.7806850618458611,0.7769256291016566,0.8029889147478894,0.7761428421741184,0.8563273073263559
3562,26165.821590828542,0.7530922930542341,0.7498662921409702,0.7812983608861236,0.7485924340868555,0.8112511893434824
3302,4417.647557642874,0.7835394862036156,0.7792903050353301,0.8021914016934633,0.7792057333956894,0.8912940057088488
3136,638.3836897291143,0.7540437678401523,0.7510050877449019,0.7690186279423576,0.7517794379564268,0.9356565176022835
3440,17654.715755914935,0.7645099904852521,0.7614065029422656,0.7896149369167487,0.7604202396317448,0.831232159847764
3241,7736.2141942828885,0.7844909609895337,0.7803187181591762,0.8055491056810501,0.7794529152477543,0.8684586108468125
3676,2864.536928140679,0.780209324452902,0.7764146814833157,0.797814367814162,0.7768545536653213,0.9085394862036156
3342,5535.275345019855,0.7892483349191246,0.7847128391632195,0.8084866482419532,0.7846525527368526,0.8841579448144624
3440,12445.930629472634,0.7764034253092293,0.7725212274834101,0.7983673632655088,0.771807018297621,0.847882968601332
3564,7397.13585300669,0.7849666983824929,0.7810539156711367,0.8057788627311846,0.7805166437884042,0.8738106565176023
3356,19519.574603852816,0.764034253092293,0.7615567100631331,0.790502565174053,0.7598912834514463,0.8257611798287345
3496,147428.5349335283,0.6574690770694577,0.6548075386466192,0.7151711645077784,0.6543119827716888,0.6775689819219791
3359,5199.31830408446,0.7878211227402474,0.78362711829771,0.8077942297901363,0.7832920644379895,0.8864176974310181
3448,54.6957082033378,0.6622264509990485,0.6565009366772041,0.6738954654293347,0.6595367573791645,0.9593244529019981
3655,10788.475078168503,0.7797335870599429,0.776799630473345,0.802859864283457,0.7753308909995826,0.8581113225499524
3306,6336.07321363332,0.7863939105613701,0.7819301787881352,0.8069424162874315,0.7813851097472899,0.8782112274024738
3583,10230.337778372279,0.7825880114176974,0.7787598786677873,0.8038389052302854,0.7782323809599299,0.8589438629876308
3378,31949.764866457583,0.7478591817316841,0.7454086706872138,0.7790891661880788,0.7433569060710548,0.797930542340628
3253,4929.305711724475,0.7840152235965747,0.7800717729764363,0.8031869758505715,0.7795996499139319,0.8864176974310181
3484,16736.728866383317,0.7659372026641293,0.7622825143111197,0.7898275464933201,0.761816119862125,0.8352759276879163
3879,3997.8919087262107,0.7811607992388202,0.7774166681134425,0.8011024483078686,0.7774405349079221,0.9014034253092293
3336,8293.565543295732,0.7840152235965747,0.7798734923310873,0.8053548891949032,0.7792540287313804,0.8659609895337773
3260,271319.67415779846,0.6018078020932446,0.596247580038358,0.6839218254938296,0.6000344616831454,0.6133444338725024
3460,5775.37359217985,0.7835394862036156,0.7792711086121585,0.8021060571067954,0.7793485229870973,0.8832064700285442
3391,11472.947451215223,0.7806850618458611,0.7765182602817597,0.8021650915059448,0.7759433146864889,0.852045670789724
3209,3648.418714654719,0.7844909609895337,0.7808098153758174,0.803191729094481,0.7806458785115351,0.8959324452901998
3553,22173.563254446406,0.7573739295908658,0.7540905711322154,0.7845522925388468,0.7529479375709428,0.8215984776403426
3284,7326.674330356376,0.7854424357754519,0.7808634601355037,0.8062344313994732,0.7804706095050189,0.870837297811608
3387,3467.3413342923295,0.7835394862036156,0.779702165672233,0.8021217577712862,0.7799187518758883,0.8991436726926736
3715,13429.412039305174,0.7730732635585157,0.7699695107906466,0.7956481986935702,0.7687497295836638,0.8466936251189343
3487,5386.955240934955,0.7859181731684111,0.7816803556024399,0.8042980353565733,0.7816726082523335,0.8861798287345385
3203,8560.382322728761,0.7830637488106565,0.7784911141610407,0.8034802490039363,0.778240825604828,0.8638201712654615
3307,2424.7196360284042,0.7854424357754519,0.7820301592016947,0.8013565150935598,0.7826404801896901,0.9104424357754519
3400,4390.994039944091,0.7849666983824929,0.7808284015321384,0.8037024618130623,0.7809388482847027,0.8906993339676499
3618,14053.555734639473,0.7735490009514748,0.7698292793480048,0.7959052972738891,0.7689570827347038,0.8436013320647003
3102,37633.543354775764,0.7392959086584205,0.7375416851742946,0.7739631674607895,0.7350404867511815,0.7836584205518554
3524,7894.299398524235,0.7844909609895337,0.7803010736469745,0.8040793685476215,0.7800520493610583,0.8700047573739296
3316,1838.077760764759,0.7811607992388202,0.7787207694413489,0.796289356933999,0.7790637217440156,0.9188867745004757
3168,3290.0276584157887,0.7868696479543292,0.783926389607108,0.8048663095105975,0.7834003610763397,0.8996194100856327
3430,5858.951449772626,0.7844909609895337,0.7804227916340674,0.8041821864034775,0.7801487106749162,0.8828496669838249
3239,20762.751316419606,0.7592768791627021,0.7562457592777448,0.7860901056341726,0.7547425302478546,0.8210038058991437
3349,8848.584956879371,0.7821122740247384,0.7783418897219698,0.8043293126213792,0.777514598971404,0.8634633682207421
3493,4433.051398598534,0.7854424357754519,0.7812532090667336,0.8035639619090936,0.7815808403628618,0.8922454804947669
3075,12936.929556543979,0.7725975261655567,0.7681078175437073,0.794840540231428,0.767816316996572,0.8453853472882968
3267,2914.4314852727907,0.7840152235965747,0.7806151172515221,0.802014730439342,0.780777840634279,0.9040199809705043
3602,5800.441392377762,0.7868696479543292,0.7826366730394612,0.8050577010375773,0.782546402971971,0.8845147478591817
3372,87517.74596395517,0.7002854424357755,0.6980338301012792,0.7462691842796467,0.6965060828723217,0.7249048525214081
3199,0.00013488720627607696,0.6441484300666033,0.6387606459285151,0.6569304464295448,0.6405016003945678,0.9570647002854424
3448,1709.26834969297,0.7787821122740247,0.7761074902448868,0.7942825434209413,0.7768752593359058,0.9219790675547098
3812,9621.490224804822,0.7821122740247384,0.778863569691415,0.8052582486864871,0.7778950332823436,0.8637012369172217
3310,3238.8053937363734,0.7835394862036156,0.7800750456710546,0.8013608519565649,0.7802562581428374,0.9008087535680305
3526,22250.093042238797,0.7588011417697431,0.7556163804533074,0.7857664467547983,0.7542080602991434,0.8210038058991437
3110,6262.837263938555,0.7854424357754519,0.7813079916235279,0.8054619003667147,0.780633651637878,0.8744053282588011
3405,11895.396876296896,0.7783063748810657,0.7742357261284494,0.7994746125481913,0.7736488302786552,0.8503805899143673
3216,4553.08879015783,0.7844909609895337,0.7807774459934662,0.8032121434197336,0.7804232729512485,0.8895099904852521
3324,1944.849487041049,0.7806850618458611,0.7779311595472671,0.7959686531787498,0.778449412896923,0.9175784966698383
3430,8073.767775653628,0.7844909609895337,0.7803112324088501,0.8049046777806073,0.7798208764321166,0.8685775451950524
3665,15766.32278265699,0.7702188392007612,0.7671423029368578,0.7937320260353407,0.7660893178468047,0.8390818268315889
3964,3016.695364248872,0.7778306374881065,0.7736699187784618,0.7957999400917405,0.7746192154520258,0.909847764034253
3042,5416.969879511879,0.7821122740247384,0.7782721117055142,0.801053248867853,0.7778963109466244,0.8792816365366318
3211,9041.061266955838,0.7849666983824929,0.7809968383226635,0.8062687304490647,0.780226526192495,0.8615604186489058
3310,1076.5830854604626,0.7664129400570885,0.7633654103797568,0.7816365670170728,0.7645656211089632,0.9287583254043768
3563,3941.164467255161,0.7816365366317792,0.7778416825982024,0.8003687124969572,0.7780703952086199,0.8974785918173168
3416,26687.20478019489,0.7540437678401523,0.7513233927574341,0.782531811334412,0.7499406464244224,0.8087535680304472
3161,12599.34963561566,0.7787821122740247,0.7743924580822524,0.8007391808470304,0.7738170972704845,0.8460989533777354
3274,2338.235663068226,0.7825880114176974,0.7793303429008807,0.7989011434614135,0.7797210570512688,0.9112749762131304
3524,6928.048314376674,0.7859181731684111,0.781599271601263,0.8054482474194202,0.7814928778323343,0.8759514747859182
3372,4108.479149006029,0.7868696479543292,0.7827890235175955,0.8053604688537478,0.7828516512583936,0.893791627021884
3148,7331.7814944265,0.7859181731684111,0.7817900294132072,0.8064180631084789,0.7810633167521756,0.8700047573739296
3463,16852.21978520219,0.7659372026641293,0.7625693319231194,0.7898993318474448,0.7618801348843169,0.8334919124643198
3318,1360.1070574618857,0.7740247383444339,0.7715810828191211,0.7892163967865112,0.7721078400780881,0.9248334919124643
3065,2974.457315063233,0.7863939105613701,0.7831716758086517,0.8040091635584578,0.782888786722445,0.9005708848715509
3733,4874.468644370984,0.7849666983824929,0.7808881354155607,0.8036088357932674,0.7808912347051671,0.8929590865842055
3243,9542.38037458643,0.7816365366317792,0.7774818193713492,0.8031679146259773,0.776752628590758,0.8584681255946718
3564,36751.1372964471,0.7388201712654615,0.7363830843895532,0.7703779932670379,0.7342759181180537,0.7901998097050428
3389,2114.026777086833,0.7825880114176974,0.779523060822972,0.7979086388231134,0.7802417137675581,0.9159134157944815
3294,6265.4329152016735,0.7868696479543292,0.7825093147871098,0.8079435827851695,0.781783408546715,0.8779733587059942
3472,13289.86758324441,0.7759276879162702,0.7719748406334065,0.7972081469452564,0.7713279199584822,0.8456232159847764
3215,4029.5464614856814,0.7849666983824929,0.7812721550611224,0.8041697912503502,0.780923825024064,0.8921265461465271
3398,9147.556667600202,0.7835394862036156,0.7796163118480772,0.8058147886958233,0.7788523653091703,0.8632254995242626
3137,22495.281171054194,0.7564224548049476,0.7536484609743775,0.7850861476418541,0.7519262334343934,0.8166032350142721
3011,13.995587393617411,0.6612749762131304,0.6566401945266933,0.6709330390421431,0.6585628551087398,0.9533777354900095
3611,5595.90020361779,0.7868696479543292,0.7825580563798945,0.8047286040682151,0.7826023426055075,0.8864176974310181
3326,654369.7792845913,0.5180780209324453,0.5034917124171712,0.6324179489420653,0.5177814599113151,0.5204567078972407
3456,2493.8437551062557,0.780209324452902,0.7769365004420989,0.7965682636433559,0.7774449787972045,0.9102045670789725
3226,0.0005995527841689606,0.6460513796384396,0.6403520100259472,0.6560398026283538,0.6427440586076685,0.9568268315889629
3348,12504.488912171637,0.7778306374881065,0.7741805067247661,0.7996268640363542,0.7732840914238173,0.846336822074215
3500,3644.58110865845,0.7816365366317792,0.77755982606003,0.799252642662762,0.7781306390760788,0.8997383444338725
3148,6830.540322193811,0.7868696479543292,0.7828560923786485,0.8072536083617325,0.7820306159154221,0.8721455756422455
3247,1185.557084985679,0.7711703139866793,0.767831700273705,0.7855940866909557,0.7691918377663043,0.9262607040913415
3387,17323.895697756383,0.7654614652711703,0.7621478623544016,0.7912803247461905,0.7613405340421383,0.8315889628924833
3591,8901.968131667554,0.7830637488106565,0.7792239843088414,0.8046823098285628,0.7786348224711533,0.865128449096099
3294,1751.9145232809624,0.7816365366317792,0.7789496916197521,0.7969374895845792,0.7795739289246297,0.9194814462416746
438,0.5189475696044423,0.7559467174119886,0.752727238538804,0.7724201030698574,0.7536123523890815,0.8054234062797336
3081,4202.448226389362,0.7825880114176974,0.7786974333618917,0.8007119707670418,0.7785611568081378,0.8892721217887726
4549,2945.0376957175845,0.7773549000951475,0.7725379077676834,0.7933096565854768,0.7746844494999949,0.9181731684110371
3494,55000.75287586545,0.725023786869648,0.7228598627082048,0.7628047624534097,0.720901893640671,0.7591579448144624
3379,6049.166779350849,0.7878211227402474,0.783469951423788,0.8076211744063843,0.783316795396499,0.8805899143672693
3172,9702.377881360006,0.7825880114176974,0.7786225349361877,0.8032755390097133,0.7778880323972949,0.8577545195052331
3726,5139.649489541254,0.7849666983824929,0.7808782397188873,0.8041747267471013,0.7808796657460595,0.8906993339676499
3271,13551.234147510993,0.774976213130352,0.7710712546380125,0.7976712982600915,0.7701131219584647,0.8424119885823026
3004,26008.73958926353,0.7530922930542341,0.751344695752366,0.7839239540255206,0.7488416517197459,0.8064938154138915
3447,2670.2425208288337,0.7825880114176974,0.7791975972297981,0.7987697222220065,0.7795168367017811,0.9077069457659372
1215,6636.675114665416,0.7754519505233112,0.7717460334556743,0.8000427475159937,0.7710650731750859,0.8325404376784015
3337,1710.2044249880241,0.7811607992388202,0.7788308897926667,0.7966442048261618,0.7793430556998202,0.9207897240723121
3656,3946.911007795361,0.7806850618458611,0.7760951103534367,0.7982164499681768,0.777140511692308,0.8977164605137964
1682,9941.818773083853,0.7740247383444339,0.7704025514108339,0.7976265844595419,0.7692949799411121,0.830756422454805
3203,15754.858554504737,0.7711703139866793,0.7673568189664978,0.794257370101619,0.766567166877115,0.8361084681255947
3533,0.0074719075306028965,0.621313035204567,0.61430815882857,0.6344224153852986,0.617139420809607,0.9634871550903901
3392,5704.063627607125,0.7887725975261656,0.7847229226457758,0.8085010409225317,0.7844217441254313,0.8830875356803045
3561,2791.072852086441,0.7792578496669839,0.7757505053123759,0.7975775446407962,0.7762832295529329,0.9068744053282588
3429,4571.559337580506,0.7849666983824929,0.7809751434921985,0.804025045569799,0.7810130248953905,0.8903425309229306
3655,1085.3415378935665,0.764034253092293,0.760245496220562,0.7776950874532671,0.7620195970955803,0.9335156993339676
3471,2151.8540481345026,0.7830637488106565,0.7798967613417855,0.7989811159924123,0.7804736165915592,0.9154376784015223
3361,5591.461960248028,0.7887725975261656,0.7845261526773663,0.8081235563906549,0.7843594540160173,0.8840390104662227
3390,3727.297313355515,0.7849666983824929,0.7808254167598274,0.8032474367336657,0.7810289915368154,0.8978353948620361
3548,832.8613807706802,0.758325404376784,0.7552111168650617,0.7731372734596835,0.7566529079500603,0.9374405328258801
3350,4772.743446750186,0.7863939105613701,0.7824761214073144,0.8056443546614472,0.7820757498053099,0.889034253092293
3476,1771.5962630350866,0.7806850618458611,0.7783548663993627,0.7966386520517046,0.7788222950422882,0.9210275927687916
3309,7722.071535304142,0.7849666983824929,0.7803999961964623,0.8065059894084554,0.7797625216721846,0.8695290199809705
3410,2770.3002441652015,0.7835394862036156,0.7797984978462272,0.8000198125479907,0.780221589765137,0.9059229305423406
3629,5662.370399427383,0.7882968601332064,0.7839697434411994,0.8067493529376911,0.7838978608127904,0.8865366317792579
3284,10921.60454832746,0.7811607992388202,0.7776691981215542,0.8038361024722553,0.776504967405448,0.8537107516650809
3779,3248.2018040590533,0.7811607992388202,0.7777819909556285,0.7995907828203123,0.778025019933161,0.9058039961941009
3495,7233.913589189325,0.7873453853472883,0.7830253564822289,0.807831731934454,0.7826591796020843,0.8739295908658421
3378,19074.206059260254,0.7664129400570885,0.7632370648808294,0.7924242782319257,0.7623089025044358,0.8271883920076119
3558,547.3179732928419,0.7445290199809705,0.7407228724273638,0.7594210628894087,0.7430789537083264,0.9455280685061845
3265,1600.591183261911,0.7811607992388202,0.7782402675825796,0.7963080675465359,0.7788299641973742,0.9212654614652712
3425,10081.5705552287,0.7821122740247384,0.7780502223812631,0.8031092516543851,0.7775318891247907,0.8583491912464319
3334,4847.153426956529,0.7882968601332064,0.7844568654947542,0.8078153078056556,0.7838937086947948,0.8878449096098954
3188,3241.4712190029454,0.7863939105613701,0.7831993674436537,0.8047987063539674,0.7829416739734294,0.8996194100856327
3467,6467.991625213994,0.7849666983824929,0.780700155119097,0.8039252969034567,0.7807111676721884,0.8795195052331113
3327,12724.987737802418,0.7764034253092293,0.7724230711662932,0.7984090689408515,0.7716298776243434,0.8455042816365367
3619,33507.75581982859,0.7426260704091342,0.7399531737711796,0.7724654321590999,0.7381646892297148,0.7955518553758325
3106,2343.8996619834284,0.7873453853472883,0.7840085582227785,0.8024863704823744,0.7844255346610906,0.9097288296860133
3263,4844.998744357006,0.7835394862036156,0.779191006616186,0.8028325719878794,0.7787931435670843,0.8877259752616555
3407,8908.637479872654,0.7849666983824929,0.7808875468933695,0.8059529407912169,0.780377502291747,0.8642959086584205
3508,18557.809138857738,0.764034253092293,0.7608002799726669,0.7886999708819155,0.7599947077168513,0.8301617507136061
3201,4022.706789318988,0.7854424357754519,0.7813935948132963,0.8035209471716008,0.7813787125983717,0.8923644148430067
3348,7039.20398941018,0.7849666983824929,0.7805880085384372,0.8054073842095999,0.7800724687673768,0.8738106565176023
3265,1492.740923783694,0.7783063748810657,0.7751562486548826,0.7925255269626035,0.7760554757850777,0.9226926736441484
3555,2.7809063420934226e-05,0.6274976213130352,0.6196277730917739,0.6389150282712175,0.6235759517587627,0.9638439581351094
3846,12204.731234225706,0.7764034253092293,0.7727302047810943,0.7998457277602382,0.7719329395110404,0.8524024738344433
3438,2593.3328927037956,0.7825880114176974,0.7788342166569915,0.7987203746133041,0.7794207351376017,0.9085394862036156
3140,5688.951035672987,0.7882968601332064,0.7849099220537208,0.8080042019325244,0.7838369926302902,0.8797573739295909
3708,3404.961570730116,0.7797335870599429,0.775313440250582,0.7972223418548577,0.7761727036511279,0.9037821122740247
3353,9203.456599647303,0.7825880114176974,0.7785039325950553,0.804922880124113,0.7777698317684599,0.8612036156041865
3260,19640.94606673669,0.764034253092293,0.7610777763254061,0.7900651400279318,0.7596206586245084,0.8232635585156993
3454,5463.974229252072,0.7840152235965747,0.7798617409469516,0.8031136515966978,0.7798116440118436,0.885941960038059
3138,12576.076106909795,0.7778306374881065,0.774045114403952,0.8004755460850724,0.7730924729873279,0.8462178877259753
3359,987.62809338123,0.768791627021884,0.7658018609818105,0.7832504429632159,0.7668905597495689,0.9322074215033301
3557,2244.480486619263,0.7778306374881065,0.7750247956100215,0.7945364408060751,0.7755807319400579,0.9163891531874405
3043,7248.209535175048,0.7854424357754519,0.7810175628741565,0.8054716210152734,0.78090121214147,0.8678639391056137
3275,3645.829040840563,0.7835394862036156,0.7796430298629541,0.8017560434556149,0.7798760808094334,0.8970028544243578
3438,4838.677774839492,0.7825880114176974,0.7784777212411927,0.8015411217384913,0.7784375805347266,0.8895099904852521
194,25847.57595576648,0.6474785918173168,0.6395538321970899,0.7036248155611695,0.6423242106375583,0.6489058039961941
3218,9042.338063707974,0.7859181731684111,0.7820383703716921,0.8071669051290915,0.7812172743437419,0.8612036156041865
3366,2334.611502136049,0.7830637488106565,0.7797486590375367,0.7989599368521083,0.780194890734937,0.9123453853472883
3631,14680.280705519217,0.7730732635585157,0.7700107351737392,0.7963768715453334,0.7686844091533774,0.8422930542340628
3457,4226.428660289663,0.7835394862036156,0.779319860420072,0.8017371108203399,0.779677702430747,0.8931969552806851
3286,1507.8535911159652,0.774976213130352,0.7724438096631534,0.7900187997052075,0.7729311926866347,0.9225737392959087
3533,6880.923690219769,0.7849666983824929,0.7805130073512873,0.8052379829409233,0.7804190451748667,0.8767840152235966
3176,10037.236425041989,0.7835394862036156,0.7797104113640821,0.8050797441980221,0.7787854098669358,0.8571598477640342
4016,3740.9657332762404,0.7806850618458611,0.7765155907790114,0.7998712090907711,0.7771916570453564,0.9039010466222646
3077,5909.116315000971,0.7844909609895337,0.7802566617634205,0.8042575006769885,0.7800442220385475,0.8752378686964796
3355,49551.44930274432,0.7316841103710752,0.7301094998908934,0.7688113394890816,0.7271997481949775,0.7664129400570885
2954,15316.655276649746,0.7706945765937203,0.7682470616442029,0.7958586505621386,0.7663872874196722,0.8333729781160799
3501,2523.568261235667,0.7816365366317792,0.7782765040957903,0.7976825150918796,0.7788720231618649,0.9111560418648906
3254,8559.012616629163,0.7821122740247384,0.7778980342802985,0.8033715536064212,0.7772183070351599,0.8633444338725024
3394,319.13699939018375,0.7259752616555661,0.7219348591808847,0.7397490797516175,0.7234611400970217,0.9488582302568982
3667,4514.011627027875,0.7859181731684111,0.7814266961300254,0.8034152603557949,0.7819612450321061,0.8936726926736441
3203,1729.1865228385725,0.7816365366317792,0.778323517386024,0.7952885584627483,0.7790244529758261,0.9191246431969553
3328,3.0216968339840404,0.6417697431018078,0.6355994145228724,0.6530020371439431,0.6380940888377997,0.9568268315889629
3478,22261.259932174777,0.7559467174119886,0.7524997244316756,0.7830188886506381,0.7513089123238803,0.8200523311132255
3097,11679.379445136488,0.7783063748810657,0.773614623995601,0.7990385335870493,0.7735662676231032,0.8499048525214081
3390,6386.463592633544,0.7882968601332064,0.7839889272560553,0.808347643182057,0.7835461661045932,0.8789248334919124
3286,3141.1521314953025,0.7835394862036156,0.7803455560970161,0.8021065537781468,0.7801310879286946,0.9019980970504282
3568,1060.3093824738116,0.7645099904852521,0.7620581882046263,0.7800949311681966,0.7632458699543438,0.932802093244529
3132,7669.984411607701,0.7868696479543292,0.782850204400058,0.8074137330720678,0.782059613643528,0.8675071360608944
3419,3073.713172425271,0.7825880114176974,0.7787758172946819,0.7996581465073703,0.7793608652545522,0.9035442435775451
3760,15433.084749833813,0.769267364414843,0.7661483651873117,0.7928550972576625,0.765168865374628,0.8409847764034253
3208,4782.404024321356,0.7878211227402474,0.7843577667977099,0.8072442135107399,0.7837118662482682,0.885941960038059
3314,9149.051829733502,0.7821122740247384,0.777757573337869,0.8039700977034421,0.7773864108652371,0.8612036156041865
2560,0.0020566736907800063,0.6879162702188392,0.6837956545648984,0.6995531668913516,0.6851473217169082,0.9401760228353948
4970,1929.1622234022836,0.7740247383444339,0.7696703179803669,0.7885412501333651,0.7715668005354489,0.9339914367269267
3504,30822.382062230186,0.7478591817316841,0.7451408158510461,0.7776897725965812,0.7434145788629932,0.799476688867745
791,5223.378234094755,0.7664129400570885,0.760656105501011,0.790914182638603,0.761570934374322,0.8097050428163654
3395,3382.1407209062604,0.7811607992388202,0.7771069137284159,0.7994590497821259,0.7777049037403744,0.9004519505233112
3248,12134.415287315747,0.7787821122740247,0.7747098610358714,0.8008991402852098,0.7738542189475326,0.847882968601332
2981,6547.133917271521,0.7844909609895337,0.7807793795572981,0.8043771847065155,0.7801442309747803,0.8716698382492863
4179,17977.830256089386,0.7664129400570885,0.7637067942526027,0.7908572959182653,0.7624157786937975,0.8374167459562322
3608,2468.748842193241,0.7792578496669839,0.7758091742096905,0.7956842808282377,0.7765644149592011,0.913058991436727
3176,666.9984806412631,0.7535680304471931,0.7505893696804732,0.7678791573478458,0.7513415547928254,0.9362511893434824
3351,4605.92145807649,0.7863939105613701,0.7823598679032978,0.8055848949007594,0.782285473567495,0.8903425309229306
3488,9942.782859604244,0.7816365366317792,0.7772851856806035,0.8027562098072287,0.777193318286957,0.8584681255946718
3277,6494.965656297249,0.7859181731684111,0.7817843131258553,0.8063430271335831,0.7810896185311831,0.8760704091341579
3063,1424.3730309676534,0.7716460513796385,0.768608319056329,0.7852808856295795,0.7695482597353401,0.9211465271170314
3427,3600.7046468694434,0.7806850618458611,0.7764210591974031,0.7988970375506589,0.7769523887898129,0.899500475737393
3577,10315.841685499492,0.7825880114176974,0.7788736374022329,0.8041342264949011,0.7782323809599299,0.8581113225499524
3307,18784.459715980418,0.7654614652711703,0.7622767873058364,0.7910044866184563,0.7611212978328031,0.8263558515699334
3168,2279.9085929333864,0.7882968601332064,0.7848227891801205,0.8037669817109115,0.7853687641779956,0.9123453853472883
2321,5616.508915003621,0.780209324452902,0.7773018337746762,0.8013129541462618,0.7760087810579624,0.8661988582302569
3408,0.24494366690636335,0.6398667935299714,0.6339836470226298,0.6517034718420031,0.6369219379718456,0.9594433872502379
3695,8459.304187789161,0.7806850618458611,0.7762813710066974,0.8007776213804363,0.7762324489136186,0.86976688867745
1909,3374.6036122316564,0.7759276879162702,0.7723583522691817,0.7957807797822287,0.7717752732891454,0.8755946717411989
3236,12569.371119715468,0.7773549000951475,0.7725869735871458,0.7996654118827645,0.7723183227108006,0.845861084681256
3510,32704.518695975883,0.7464319695528069,0.7439659755699225,0.7771877164157711,0.7419257327075773,0.7969790675547098
3348,5484.716774412347,0.7868696479543292,0.7826151274663836,0.8062684651221617,0.7824093489419247,0.8845147478591817
3112,2204.1558387767873,0.7878211227402474,0.7843786486569189,0.8024835242755257,0.7848875815724501,0.9113939105613701
3444,4154.575919116095,0.7840152235965747,0.7796911227851997,0.802560788801585,0.7800439146881846,0.8941484300666033
3304,9006.139953342277,0.7844909609895337,0.7801184911179568,0.8061604299899037,0.7795261749936256,0.8619172216936252
3201,1276.6133522988307,0.7725975261655567,0.7699077379141515,0.7871675988780226,0.770497280879272,0.9235252140818269
3596,16187.067912839619,0.7702188392007612,0.7672611074277479,0.7944731595611401,0.7660375363262006,0.8376546146527117
3351,6472.847502349494,0.7868696479543292,0.7826494115148704,0.8066160659378772,0.7820956769525194,0.8776165556612749
3032,3177.190804223428,0.7830637488106565,0.7796335838046247,0.8004804797481123,0.7796153501726788,0.8981921979067554
3439,7566.233195053545,0.7830637488106565,0.7785678354800271,0.8029951386832632,0.7783256825790901,0.871313035204567
3249,4682.923027326683,0.7830637488106565,0.7794959391842249,0.8030574574830445,0.7787717900343479,0.8879638439581351
3518,0.022751427877027438,0.6232159847764034,0.6162999394086276,0.6377490770894977,0.618910762369296,0.9624167459562322
3337,2087.6024848450934,0.7844909609895337,0.7815291667615037,0.7999561457019582,0.7819056015189438,0.9155566127497621
3131,22448.67511421088,0.7554709800190295,0.7525885354704336,0.7838486615461923,0.7509682209664797,0.8167221693625119
3426,11974.819904927228,0.7764034253092293,0.772135504595018,0.7979641844246633,0.7717668563669783,0.8496669838249287
3230,4079.004588119826,0.7825880114176974,0.7793009399907749,0.801973099366276,0.778772266997964,0.892721217887726
3551,7435.7422715004905,0.7844909609895337,0.7800488059264643,0.8052662984126828,0.7799254927192744,0.8735727878211227
