n_features,lambda,accuracy,f1,precision,recall,train_accuracy
1184,763671.3802665278,0.368220742150333,0.34863937960793495,0.5281362378948196,0.3681109165063799,0.37428639391056134
4983,1146.5819160190424,0.69790675547098,0.6936214332180279,0.7188252487990523,0.6949725224060452,0.9205518553758325
841,4.620054903349863,0.615604186489058,0.6152949720967741,0.6402068327131285,0.6141686526945196,0.7126546146527117
1940,1.0058048211068778e-05,0.5818268315889629,0.5802274431355119,0.6122094576006241,0.5780329021819531,0.8264747859181731
792,364.12027344243035,0.621313035204567,0.6211018556963224,0.650507723569359,0.6195432680538666,0.7076593720266413
2010,7.871618346333947,0.5813510941960038,0.5800908452245477,0.6127175504063856,0.5777542272522898,0.8324215033301617
58,8.695258454829938,0.510941960038059,0.49338811911675534,0.5251586233084125,0.5066158513649432,0.5115366317792579
4546,0.001780137537996704,0.49429115128449097,0.48792930286753533,0.5016505559798022,0.49222682291002406,0.9627735490009515
1866,132.51722971704424,0.6065651760228354,0.603905776202134,0.6321604863592085,0.6024506564502653,0.8183872502378687
307,0.023776771245021536,0.5899143672692674,0.5841165615596025,0.6172760924006081,0.5875739646347377,0.6244053282588011
4816,155837.8614776479,0.6179828734538535,0.6142402525990114,0.673775506335372,0.6163980708370994,0.642721217887726
3474,3151.9889528748627,0.6893434823977165,0.6877809421003025,0.7158866760508539,0.6864176702991817,0.8471693625118935
3531,11491.124325457109,0.7050428163653664,0.7068364457206338,0.7381089339638067,0.701914182464728,0.7957897240723121
3680,9890.72374587048,0.7059942911512845,0.7071662071241873,0.7373594282054244,0.7030704196118345,0.80732635585157
3546,23302.074265462346,0.6907706945765937,0.6922877854880295,0.7294514759220422,0.687903650268433,0.7564224548049476
3545,21785.049760717862,0.6941008563273073,0.6960784120371792,0.7324826287192375,0.6911850988602366,0.7612987630827783
2859,0.2168643282791506,0.5466222645099905,0.5411990694042459,0.5637604188228662,0.5421217393576754,0.8887963843958135
4238,92.25902887327936,0.570884871550904,0.5638120489638114,0.5866393661020173,0.5663934999111174,0.9473120837297812
2733,16608.40559206129,0.6936251189343482,0.6951543308818018,0.7287327903698533,0.6919992525550892,0.7533301617507137
3923,424096.08629001415,0.5114176974310181,0.5010257833372105,0.5964680647648103,0.5102761956467586,0.5230732635585157
3082,0.18834762141527997,0.5318744053282588,0.5258640360239922,0.5484153083531338,0.5273892635483909,0.9000951474785919
4918,1319.4703504754325,0.7045670789724072,0.7011067628805696,0.7273719652135633,0.7019317563541885,0.913058991436727
4085,2152.214814585667,0.6941008563273073,0.6927475235378986,0.7219237279639679,0.6914930180392438,0.8774976213130352
4257,62696.434527656515,0.6722169362511894,0.6731105343873467,0.7187168832698116,0.6697285633723815,0.7033777354900095
3237,5043.049219293531,0.6998097050428164,0.7012646963481897,0.7302063464541806,0.6973688559177406,0.8239771646051379
2322,33.33098354705121,0.5727878211227403,0.5696671139507995,0.6001480409743929,0.5682300392703443,0.8553758325404377
4580,532.6605167468794,0.6627021883920076,0.6582185761022906,0.6837360156218081,0.6597100709929553,0.929115128449096
3683,9495.215701001658,0.7040913415794482,0.7055929140051125,0.7355348433716288,0.7013806488285164,0.8087535680304472
3910,113560.23664677207,0.6303520456707897,0.6287210023589566,0.6842995085047353,0.6288017956822868,0.6492626070409134
2472,686763.7167805438,0.4043767840152236,0.3908191502850923,0.5345663806451905,0.4048603625364605,0.4236441484300666
4523,992908.6599195178,0.39200761179828736,0.38381283777359015,0.5268095382459623,0.3947130302604553,0.41246431969552805
3666,5296.260984817513,0.70313986679353,0.7030232149605549,0.7316081481900983,0.7001172886150963,0.8333729781160799
3119,754.228730662279,0.6489058039961941,0.647643386781863,0.676442810165361,0.646867378786756,0.8720266412940058
4826,12827.551662419668,0.7188392007611798,0.7194667372479726,0.7520605935633785,0.7164007918638301,0.8214795432921027
4946,63648.27093224487,0.6803044719314938,0.6805336860174348,0.7263605040961794,0.6776808005006423,0.7184823977164605
4402,42.53722880566047,0.5485252140818269,0.5412670394820589,0.5580892478782289,0.5448868243826943,0.955756422454805
4785,325.68178753594685,0.6408182683158896,0.6380542891757655,0.6624258381602616,0.6383214286129214,0.9474310180780209
1548,1537.7172520055487,0.6588962892483349,0.6576956819736378,0.6875708956118498,0.6563713077584252,0.7754519505233112
4965,0.6166497078135145,0.4771646051379638,0.4671393614235397,0.4805003277271644,0.4740050193578439,0.9772835394862036
4128,2.3725385370503735e-05,0.5161750713606089,0.5075787210459592,0.5284360155906755,0.5110740722785476,0.9462416745956232
4678,13.562293343275087,0.5095147478591817,0.5008386713636024,0.515075533581572,0.5065578283442145,0.9653901046622264
3940,11139.791644320114,0.7102759276879163,0.7113838587223995,0.7429827569907206,0.7071436213919471,0.8092293054234063
3889,192864.12248627265,0.588011417697431,0.582913451149456,0.6553482269759244,0.5869172054251386,0.6060894386298763
4389,28156.65366324324,0.6931493815413892,0.6942043158218254,0.7311272989155606,0.6910795928735334,0.7633206470028544
3370,307.38749097576,0.6175071360608944,0.6164071999988627,0.6463555764714959,0.6140171161887112,0.8991436726926736
3909,1597.6812197312092,0.6817316841103711,0.6796967342590345,0.7075098148134694,0.6790747847399138,0.8801141769743102
2929,6432.736291814837,0.7026641294005709,0.7043512931336288,0.7370357822050123,0.699808078022039,0.8037583254043768
4705,222526.44139260234,0.5946717411988582,0.5891017496530291,0.6562840006786397,0.5945739764781189,0.6081113225499524
4404,39787.86628283456,0.6807802093244529,0.6813207526872747,0.7213712091447027,0.6783703373224517,0.7396527117031398
3738,163.90782826664656,0.5884871550903901,0.5827474551620161,0.609691427381775,0.584285015749985,0.9231684110371076
4992,11036.594777004273,0.7269267364414843,0.7268692864236481,0.7575485321564428,0.7242799651472309,0.8332540437678402
4980,10175.825131806243,0.7245480494766888,0.7239542816510409,0.7540180393192084,0.7214379161089166,0.838011417697431
4747,12908.377239285568,0.7202664129400571,0.7216507301828043,0.7542079293382081,0.7179766796384085,0.818744053282588
4992,11015.677288704419,0.7269267364414843,0.7268692864236481,0.7575485321564428,0.7242799651472309,0.8334919124643198
4760,91437.68706984635,0.6560418648905804,0.656735959136029,0.7098911255648043,0.6536080081778667,0.6858943862987631
4949,3034.3427772895175,0.7216936251189343,0.719079145185211,0.7474021709667735,0.71884751225102,0.8838011417697431
4985,2405.895275910725,0.7193149381541389,0.7164130132663713,0.7440075844542795,0.7164769288198246,0.8949809705042816
4972,3300.142446253595,0.7216936251189343,0.7199294944801758,0.7472845178824913,0.7190564009811483,0.8828496669838249
4563,0.003784513942015859,0.4904852521408183,0.48313938614044283,0.49728534926243195,0.4873090549054422,0.9631303520456708
4240,380888.02225178055,0.5290199809705043,0.5193087423172017,0.6098376620333484,0.528298913555636,0.5424595623215985
598,2.951562531645259,0.6060894386298763,0.6051788472717432,0.6328105866602398,0.6041918787278434,0.6808991436726927
4954,3073.0065972731286,0.7207421503330161,0.7184324057688437,0.7465381857767887,0.7180901605301537,0.8832064700285442
4626,4174.6331645658365,0.7169362511893435,0.7159709259366341,0.7446532170721535,0.7146919741142491,0.8667935299714558
4782,607.2037492575736,0.6646051379638439,0.6607431672647798,0.6884790612974874,0.6614943465712284,0.9337535680304472
4997,36438.86774763016,0.7007611798287345,0.701331747962507,0.7402244072195511,0.6986607407011869,0.7621313035204567
4417,138.90240704616008,0.5999048525214081,0.5932809206975206,0.6111203454826648,0.5967844009115826,0.9474310180780209
4800,3202.6333478965103,0.7121788772597526,0.7099619823438396,0.7379021448582647,0.7091534246976734,0.8784490960989534
4540,1015.2685712255704,0.6722169362511894,0.6682814861163273,0.6965007228050604,0.6698842500048408,0.9088962892483349
4900,19411.6141868758,0.7140818268315889,0.7144326532200346,0.7499377748855978,0.711607758960639,0.801617507136061
4696,56510.50124023895,0.6784015223596574,0.6790041833610198,0.7243816519368304,0.6759110106837235,0.7225261655566128
4116,6024.269237469488,0.7145575642245481,0.7147665226642091,0.7437096739102755,0.7122190677295194,0.840627973358706
4978,3538.884822293178,0.7240723120837298,0.7220899280279818,0.7504242351858122,0.7213634672038423,0.8801141769743102
4846,16559.970479595046,0.7193149381541389,0.7200809402551599,0.7535060603294873,0.7170395111279715,0.8082778306374881
4492,2847.6177588395235,0.7045670789724072,0.7022306310660016,0.730660735702263,0.7019149056010374,0.8757136060894386
4309,59.633900883652075,0.5509039010466222,0.5439844703558415,0.5649664865605651,0.5474272027741784,0.953615604186489
4631,1003.2869793823122,0.6798287345385348,0.6755473059416518,0.703033767441815,0.676784469969428,0.9100856327307326
5000,9548.0764940894,0.7283539486203615,0.7284796383121563,0.7582087493626827,0.7254205183745521,0.8424119885823026
4973,354.26737286603196,0.6512844909609895,0.6472989657033035,0.6682364142415876,0.6491380786325619,0.9526641294005709
4839,6539.796001999543,0.7264509990485252,0.7249379877919158,0.7527651433374025,0.7232418344631668,0.8560894386298763
1153,131482.49563410043,0.5366317792578497,0.5178307190268282,0.6273562506123768,0.5347811970594247,0.5448382492863939
4622,22758.513006272056,0.6993339676498572,0.7013141559384504,0.737200935294761,0.6974734356853881,0.782825880114177
4857,5853.1560116388855,0.7235965746907707,0.7219934679012351,0.7488518737123324,0.7206185897889352,0.8616793529971456
4859,7415.400675131423,0.7269267364414843,0.7258528327360934,0.7537906002045779,0.7239647765638624,0.8493101807802094
4832,6424.7510669643725,0.7269267364414843,0.7258956261399305,0.7535633902078986,0.7238973981856563,0.8565651760228354
4468,10577.270154778618,0.7155090390104663,0.7171896196464859,0.7474530353158374,0.7133920916573508,0.8212416745956232
4818,7505.649417568712,0.7302568981921979,0.7298429700519768,0.7583976368771193,0.7273158180320791,0.8477640342530923
4324,79528.38739313021,0.6584205518553758,0.6584850985148462,0.7070423106148712,0.6557077831855085,0.6867269267364415
4680,41474.87516820198,0.686964795432921,0.6875565263524874,0.7294399419166465,0.6848293551800384,0.7465509039010466
4838,363542.11799483077,0.5475737392959087,0.5392202309750106,0.6194724228188665,0.547040776709231,0.5631541389153187
4708,6644.708459655444,0.725499524262607,0.7254903176927654,0.7551688195798965,0.7231781467661441,0.8502616555661275
4160,7506.049280990907,0.7159847764034253,0.7172748663799282,0.7463529154921934,0.7139238907908123,0.832302568981922
4772,26541.275518481998,0.7050428163653664,0.7067096167650493,0.7445497952847914,0.7026782716268494,0.7774738344433872
2166,1817.003472823993,0.6722169362511894,0.6713562284765529,0.7002647636085793,0.6690085593793176,0.8141056137012369
4562,8615.376164635914,0.7183634633682208,0.719473318704948,0.7491271734922993,0.7162012312835812,0.8342055185537584
4863,642.0385168134701,0.6755470980019029,0.6712138053745054,0.6984461467054331,0.6723972866261494,0.9352997145575642
4723,16652.41969211546,0.7121788772597526,0.7135009060047242,0.7477028684120309,0.7100860990063038,0.806255946717412
4523,1717.1100843016939,0.6912464319695528,0.6888594493318031,0.7168030986424554,0.6887353033960333,0.8939105613701237
1707,54278.06057132591,0.6170313986679353,0.6113571447695817,0.6701482771635526,0.6153876627823086,0.6365366317792579
4859,205758.83855743395,0.6013320647002854,0.5963056006200447,0.6623148245215374,0.6007907248549877,0.6191722169362512
27,250.1470263156699,0.3915318744053283,0.32575049867962713,0.3902514611979596,0.38911390708851423,0.38653663177925784
4630,5418.134695482176,0.7212178877259753,0.7208411834885292,0.7478605927957512,0.7191058280096206,0.8554947668886774
4866,5833.552783762968,0.7269267364414843,0.7255562765803367,0.7524669595536437,0.7240397131596963,0.8612036156041865
4734,11546.276383880897,0.7188392007611798,0.7200465313710571,0.7528524329315863,0.716195935768725,0.8242150333016175
4873,29609.993707981946,0.7064700285442436,0.7072146964922796,0.7459659569046331,0.7042213270866295,0.7742626070409134
4424,3.9088942141671735e-05,0.5009514747859182,0.4926338318072184,0.5057292371098134,0.49767747556330216,0.9580161750713606
4999,1056.612882316239,0.6998097050428164,0.6945998567927348,0.7194266307097823,0.6966160898667851,0.9226926736441484
4661,4455.940645391929,0.7183634633682208,0.7174643404805677,0.7451035184941844,0.7160085850435345,0.865604186489058
4878,9416.56797515582,0.7259752616555661,0.7257929117292352,0.7559325406684726,0.7231680677458533,0.8389628924833492
4776,101815.45931630513,0.6508087535680305,0.6501105155324297,0.7040151709950131,0.6484979832894016,0.6784015223596574
4306,9841.521254495134,0.7126546146527117,0.7137072197226336,0.743444626559564,0.7101404947137373,0.8226688867745005
4896,19849.864805680787,0.7150333016175071,0.715687248020782,0.7515259068083318,0.7126352890186094,0.8007849666983825
4895,2017.6716345889674,0.7136060894386299,0.7100833087083838,0.7359591906978373,0.7106156220447145,0.8989058039961941
4582,4249.525092648548,0.7174119885823026,0.7165962194738482,0.7436880869212439,0.7149541105375918,0.865604186489058
4747,7132.957293832652,0.7283539486203615,0.7287036894923932,0.7582752913015078,0.725952716196932,0.8485965746907707
4722,7942.828469586005,0.725023786869648,0.7254953952384056,0.7553147456973099,0.7226479687097311,0.8427687916270219
4481,39845.66385335428,0.6850618458610847,0.6860030802205048,0.7269828701259883,0.6829519660113802,0.7423882017126546
4748,6952.654659183242,0.7288296860133207,0.7288911277730927,0.7578581976838448,0.7264380588488442,0.8493101807802094
4806,1293.2733945143366,0.6960038058991437,0.6922796825751524,0.7200479114637031,0.6928673411771973,0.9087773549000951
4357,15019.119455164058,0.7069457659372027,0.7089227099639416,0.7409513925271369,0.7049562623353989,0.8028068506184586
4024,525.650112321564,0.6398667935299714,0.6361189687379674,0.6647353427048701,0.6361281270494427,0.9124643196955281
4662,2610.868213844434,0.7055185537583254,0.7030836307390438,0.7301474529329852,0.7028105167127714,0.8823739295908658
4709,7425.677927891497,0.725499524262607,0.7255519193447574,0.7557713885338045,0.7230121063513439,0.844790675547098
4536,5861.534433350844,0.7188392007611798,0.718907287101123,0.7458799449428646,0.7168577762739483,0.8491912464319695
4784,18875.50316247884,0.7117031398667936,0.7125827226486774,0.7475263068946976,0.7093399197845618,0.8000713606089439
4885,33410.21993584483,0.703615604186489,0.7038053872208054,0.7424328190702483,0.7011218751927688,0.7671265461465271
4642,67032.53129489056,0.6741198858230257,0.6751634592768092,0.7222957024410595,0.6716013215887819,0.7064700285442436
2594,6938.8365614153845,0.69790675547098,0.699583051857191,0.7307012753869736,0.6954532174716944,0.7907944814462416
4998,2321.800111623177,0.719790675547098,0.7165123301712323,0.7439009491753359,0.7169350383562685,0.8955756422454805
4744,9378.128181688291,0.7245480494766888,0.7255017620411,0.7572346621972001,0.7220456028245728,0.8356327307326356
4459,13988.47863383143,0.708848715509039,0.7104752308447491,0.7424067633032335,0.7068616860788534,0.8064938154138915
4204,25271.705487330717,0.6960038058991437,0.6978062219095377,0.7347041371944634,0.6940344132956318,0.7671265461465271
4710,4603.770743091089,0.7216936251189343,0.721031028775174,0.7499815441282517,0.7192376067827002,0.8663177925784966
4870,7505.508559690126,0.7274024738344433,0.7263598227471928,0.7549466962449778,0.7243652286793945,0.8501427212178877
4857,3550.254910927861,0.7183634633682208,0.7159500213161426,0.7452113604435361,0.7152200143698318,0.8772597526165556
4588,1391.2865530181427,0.6907706945765937,0.6879530456321221,0.7153567450174638,0.6882545145246795,0.9008087535680305
4900,2.1592719646149856,0.4933396764985728,0.48344142331373324,0.4966779763351785,0.4901954448843272,0.975023786869648
4799,6784.777212900186,0.7259752616555661,0.7253275581523327,0.753851037248377,0.7232027893762276,0.8516888677450047
4812,16296.37633843536,0.7117031398667936,0.7124839128229243,0.746476025561922,0.7095618115890592,0.808872502378687
4922,37676.65563245321,0.6974310180780209,0.6979374101759277,0.7383059211079394,0.6951969029949823,0.758325404376784
4997,2538.3861614150837,0.7216936251189343,0.719032764199501,0.7457241920177338,0.7190925351111312,0.8922454804947669
4804,11238.38191566572,0.7183634633682208,0.7191006897095992,0.7509126721979411,0.7160203525085264,0.8283777354900095
4673,6989.277849038018,0.7245480494766888,0.7245837526100097,0.7536372144240338,0.7222598937823148,0.847882968601332
4560,4703.433512123027,0.7183634633682208,0.7178085317127768,0.7457263398357517,0.7161676673036028,0.8596574690770694
242,7657.654938247774,0.5784966698382493,0.5641319292401837,0.6256166212036439,0.57808151564903,0.5817078972407231
4740,813.2074921312944,0.6745956232159848,0.6707869677727751,0.6982547050335103,0.6715269450103072,0.9212654614652712
4888,15857.883331449539,0.7235965746907707,0.7240625171787242,0.7578029598694931,0.7212726105112637,0.8127973358705994
4801,25434.111304330658,0.7069457659372027,0.7084639378178841,0.7447239610888616,0.7046858304129087,0.7815176022835395
4649,1954.1461469792234,0.7021883920076119,0.699844050171445,0.7273865446132664,0.6996257922814706,0.8917697431018078
4495,4239.819414863341,0.7140818268315889,0.7129602709069329,0.7412924540220703,0.7115957279376126,0.8615604186489058
4908,63702.90343554829,0.6793529971455756,0.6793764132628569,0.7246357506829488,0.6770389275420152,0.7181255946717412
4725,9585.573972001119,0.7226450999048525,0.7237379748814878,0.7556383340992068,0.7202305021072833,0.8339676498572788
4767,5588.168659414582,0.7231208372978116,0.7225603646645454,0.751402989570008,0.7204663855760165,0.8595385347288297
4608,8977.758168552153,0.7183634633682208,0.7199240766642314,0.7484778268969945,0.7163833487591015,0.8337297811607992
4896,0.04325245468834463,0.48858230256898194,0.47809153381107966,0.49036889867664124,0.4854600963138049,0.9756184586108468
4690,14287.746737526557,0.7169362511893435,0.718252642164326,0.7505634509984014,0.7145815626763585,0.8136298763082779
4988,3579.3045123819875,0.7264509990485252,0.7245051734263716,0.7527115663701692,0.7237322571700312,0.8811845861084682
5000,3722.113800199326,0.7278782112274025,0.726068427149438,0.7542770012372245,0.7251704009320294,0.8799952426260704
4997,2809.8031118294557,0.7245480494766888,0.7220380595443441,0.7499311309472241,0.7219578823045969,0.888558515699334
4849,1379.4300178857666,0.7007611798287345,0.696781405302367,0.7243357614520642,0.6973363037821959,0.908301617507136
5000,3398.292246329969,0.725023786869648,0.722639884940818,0.7498739512215051,0.7222472667169628,0.8826117982873454
4834,28121.474027458917,0.703615604186489,0.7046450942100868,0.7442661738665214,0.7012710887037622,0.7752140818268316
4893,6733.5143554921715,0.731208372978116,0.7298617374996162,0.7570276102181607,0.7282557537317801,0.8540675547098002
4908,4658.433428177076,0.7297811607992388,0.7278611684285237,0.7558928984674388,0.7267721050135489,0.8696479543292103
4941,2047.409381358394,0.7150333016175071,0.7112332467099628,0.73771396421145,0.7119501227499269,0.8992626070409134
4844,4023.2727030901974,0.7212178877259753,0.7184773926531817,0.7462683281208369,0.7179878512099065,0.8725023786869648
4998,20.771974644164175,0.5171265461465271,0.5089595202142668,0.5242051511417524,0.5138387968580158,0.9772835394862036
4915,15589.18421611313,0.7221693625118935,0.7228258526972171,0.7567859173444877,0.7197921976758115,0.8125594671741199
4807,11310.732737562103,0.7193149381541389,0.7201376759350957,0.7524205430003643,0.7169415830697163,0.828615604186489
4802,5477.7228171967645,0.725023786869648,0.7235247626040329,0.7514163756699694,0.7221160051016597,0.8629876308277831
4911,921.4365691334395,0.6893434823977165,0.6851179681800722,0.7111814572953026,0.6864684695217806,0.9256660323501428
4614,2818.5605292271257,0.7098001902949572,0.7077612335091309,0.7348721435987567,0.7069560863696245,0.8778544243577545
4743,6572.327371410372,0.7264509990485252,0.7264582386718108,0.7558047396869341,0.7239211225817289,0.8525214081826832
4905,22756.927224197425,0.7117031398667936,0.7121440248870654,0.748366362774918,0.7092984621148237,0.7929352997145576
4993,7404.098325990381,0.7274024738344433,0.7262010866097719,0.7540499783917766,0.7243353991147948,0.851569933396765
4983,11394.353826803046,0.725499524262607,0.7254828676423057,0.7568687425541086,0.7227343105817743,0.8318268315889629
1406,4057.9534461534013,0.6793529971455756,0.6797103047489962,0.7112370405560244,0.6774918451332985,0.7429828734538535
4994,1589.040729120628,0.708848715509039,0.7050139356917426,0.7320125115054034,0.7058148323853365,0.9075880114176974
4753,0.00030249006158769494,0.4862036156041865,0.47707266539702226,0.48899511569099924,0.482607768726536,0.9730019029495718
4878,20641.648292735954,0.7131303520456708,0.7140504977418619,0.7501819427610303,0.7109261845437376,0.799476688867745
4663,4742.28609765228,0.7207421503330161,0.7202060191285329,0.7479937118686069,0.718499475856156,0.8637012369172217
4833,9416.8189378684,0.7235965746907707,0.7239292117663936,0.7547187064501688,0.7209890962972085,0.8382492863939106
4809,6372.467856141812,0.7269267364414843,0.726395887844658,0.755051003443149,0.7241637332492613,0.8552568981921979
4760,6735.288356885836,0.7283539486203615,0.7282005216173592,0.7575242953287773,0.7257841265907377,0.851569933396765
4744,2755.7009103885894,0.7117031398667936,0.7102175898472709,0.7382618460573964,0.7091435862672019,0.8828496669838249
4557,6319.206288226962,0.719790675547098,0.7200135104264962,0.7475247008428508,0.7180020635160468,0.8471693625118935
4999,14514.847492170591,0.7235965746907707,0.7238528435326883,0.7570104541692456,0.7211080671284595,0.8185061845861085
4752,40260.65620813863,0.6917221693625119,0.6928100130406178,0.73409604617059,0.6895849534631533,0.7491674595623216
4902,5766.197790923558,0.730732635585157,0.7288032151741659,0.7560306810754296,0.7277323562930913,0.8626308277830638
4911,3690.180284252361,0.725023786869648,0.7228289084562403,0.7511327719469792,0.72197097051293,0.8771408182683159
3269,2028.2507134319374,0.6841103710751665,0.6829472817063535,0.7109853002853618,0.6811468431009204,0.8563273073263559
4863,13985.280096178689,0.7235965746907707,0.7236905619878355,0.7560450782439132,0.7210123661202636,0.818744053282588
5000,9010.09449999717,0.7278782112274025,0.7278358464660644,0.7573341266701304,0.7249375289082719,0.8445528068506185
4993,7676.407483968778,0.7288296860133207,0.7280253480165784,0.7563027304035941,0.725723796924121,0.8506184586108468
4856,10267.733448761763,0.7226450999048525,0.7227704635556684,0.7534030074514464,0.7198423687295525,0.833848715509039
4913,6597.891576934356,0.7288296860133207,0.727411160285556,0.7552626114318002,0.725754008719809,0.8549000951474786
4996,22671.943841798704,0.7126546146527117,0.7134410485817684,0.7496232088189609,0.7103419177720552,0.7946003805899143
4901,6116.47654631748,0.730732635585157,0.7289619028312755,0.7559236259093384,0.7277885864836439,0.8596574690770694
4915,9579.1506713868,0.7231208372978116,0.7225831358121584,0.7526900904757781,0.7201260700476247,0.8389628924833492
4682,4945.470395926851,0.7202664129400571,0.719822327590646,0.7479166492762777,0.7179866297472297,0.8631065651760228
4912,20657.773807599566,0.7117031398667936,0.712123548019781,0.7471661303089037,0.7093623036740979,0.7993577545195052
4797,41759.192375014325,0.6883920076117983,0.6894062570030692,0.7319325355599122,0.6862843001274633,0.7491674595623216
4817,5531.133539895458,0.7259752616555661,0.7245222086050482,0.7522614871528903,0.7230682480914505,0.8626308277830638
4900,7575.00524530746,0.7288296860133207,0.7275584453623021,0.7554155181515577,0.7258546767010567,0.8494291151284491
4909,12687.623335314893,0.725499524262607,0.7259353103689855,0.7577957801839685,0.7230693218171675,0.8232635585156993
5000,8515.170193435213,0.7288296860133207,0.7286781289826448,0.7575716176119571,0.7258554102177036,0.8466936251189343
4988,8790.824376236636,0.7278782112274025,0.7277087727700279,0.7567992406866078,0.7248060318650101,0.8450285442435775
4998,9399.84842940318,0.7302568981921979,0.7304344548782948,0.7599509974874461,0.7273247139133951,0.8426498572787822
4992,15137.88979746077,0.7221693625118935,0.7223666227564108,0.7557910011871517,0.7197069503109816,0.8163653663177926
5000,9518.540834886646,0.7283539486203615,0.7284796383121563,0.7582087493626827,0.7254205183745521,0.8424119885823026
4998,2900.244763545327,0.7235965746907707,0.7210753465021353,0.7489034082091657,0.721097157794012,0.8876070409134158
4901,10328.84004267529,0.7226450999048525,0.7223114028293486,0.7520645152403522,0.7196669927444461,0.8339676498572788
4987,8484.887439992108,0.7293054234062797,0.7286668865582628,0.7577386836519571,0.7260956279997445,0.8466936251189343
4996,23205.687815975703,0.7107516650808754,0.7115487758601993,0.7483504912880681,0.7084083665737981,0.7929352997145576
4913,7740.969019032708,0.7278782112274025,0.72666704762132,0.7554503646726085,0.7247830364065339,0.8477640342530923
4901,7772.707871777572,0.7264509990485252,0.7252371384877973,0.7531948277288499,0.7234076600159444,0.8483587059942912
4751,4153.093883992551,0.7140818268315889,0.7131885845365623,0.7416134554262521,0.7116268673691472,0.8691722169362512
4908,7768.768402429899,0.7274024738344433,0.726408842820369,0.7553520846354232,0.7242595673929657,0.8475261655566128
4811,15120.997377611451,0.7136060894386299,0.7146205323652679,0.7481611846737801,0.7115234201640386,0.8132730732635585
5000,3748.5450340857296,0.7283539486203615,0.7265051530959239,0.7546597758082185,0.7255672263288548,0.8795195052331113
872,2210.2561885005257,0.6503330161750713,0.6500608555339433,0.6791951486362,0.6493834125319713,0.7076593720266413
4686,4498.087181749724,0.7174119885823026,0.7169334924952907,0.7448064397846843,0.7150815708999658,0.8663177925784966
4991,8102.149735679713,0.7288296860133207,0.7282486929675589,0.7574545487840912,0.7255105641903491,0.8491912464319695
5000,4319.738304111559,0.7293054234062797,0.7278392584214728,0.7549815149385287,0.7267154300028984,0.8744053282588011
4999,3339.3806088752285,0.7240723120837298,0.7217696104706561,0.748918572628931,0.7213532692712412,0.8826117982873454
4916,4053.072256178958,0.7264509990485252,0.7244705250197894,0.7536612413493422,0.7236104250081541,0.8740485252140818
2889,1600.3404292678395,0.6726926736441484,0.6725357834634743,0.7006907093492946,0.6705666195195052,0.8468125594671742
4899,14864.593832489352,0.7231208372978116,0.7231982187627064,0.7566182983550468,0.7206122288615276,0.815651760228354
4801,5140.024652265746,0.7240723120837298,0.7225021861420023,0.7505618944309902,0.7212241065531254,0.8642959086584205
4911,8857.061522968475,0.7245480494766888,0.7238435320450904,0.7534387730650339,0.7215117369743776,0.8414605137963844
4998,2736.39716957918,0.7231208372978116,0.7206235147044572,0.7480215153654278,0.720542538389253,0.8893910561370124
4792,10692.779976398235,0.7193149381541389,0.7200084449768616,0.7512638331878053,0.7168189702752292,0.8299238820171265
4881,5957.798416874177,0.7259752616555661,0.7240183653121999,0.7510897692431733,0.7229184083165711,0.8612036156041865
4889,8240.640497123091,0.7264509990485252,0.7256361549662662,0.7548446484853683,0.7234827263461068,0.845861084681256
4994,16774.975970717882,0.7207421503330161,0.7211223817887438,0.7556291545764419,0.7182830588761195,0.811489058039962
4788,4440.615372097741,0.7226450999048525,0.7214627593887563,0.7503555867649543,0.719686523828759,0.8685775451950524
4904,9058.323085601462,0.7235965746907707,0.7229763023416504,0.7525219040547642,0.720493218455859,0.8413415794481446
1964,2565.506094990258,0.6841103710751665,0.6852911573081097,0.7158903769274657,0.6818983349629525,0.7972169362511894
5000,24895.894398009452,0.7093244529019981,0.7098947727601216,0.7467138530566193,0.7070889549603028,0.7884157944814463
4737,6080.763024267103,0.7245480494766888,0.7243374792855207,0.7535477531668399,0.7218341159118247,0.8550190294957184
4842,11329.205741633888,0.7207421503330161,0.7212709492551411,0.7529449702153901,0.7181171758955779,0.8290913415794482
4912,1.2929048063771986,0.48525214081826834,0.47465005734985777,0.48853723288227824,0.4820228510799943,0.9752616555661275
4919,6499.632494527115,0.7274024738344433,0.7259051917180244,0.7533689242544516,0.7245570784105918,0.8558515699333967
4984,3941.387280061564,0.7288296860133207,0.7268380248960276,0.7546676858479258,0.7259944133548899,0.8773786869647955
4837,3897.067759112408,0.7193149381541389,0.716571755916798,0.7444603137843638,0.7160680178468315,0.8733349191246432
4996,3071.915971029924,0.7245480494766888,0.722061966180433,0.7499729486674794,0.7218863753188487,0.884871550903901
4815,12799.60630395797,0.7188392007611798,0.719182215293596,0.7516732372471591,0.7162762707910332,0.8206470028544244
4699,5835.936997951264,0.7259752616555661,0.7257399894718919,0.7544267696870324,0.7235452715276198,0.8564462416745956
4904,1698.420509877811,0.7078972407231209,0.7046796314244986,0.7302419297717342,0.7050205896776338,0.9034253092293054
4810,7646.4525212692915,0.7293054234062797,0.7288677089203557,0.7573400180885146,0.7265826732890335,0.8471693625118935
4742,10387.66375854335,0.7212178877259753,0.7226107208512178,0.7549518018394472,0.7187476512573407,0.8295670789724072
4991,4122.492315352332,0.7283539486203615,0.7267498912709882,0.7544530020787052,0.725754195572849,0.8760704091341579
4994,3585.316020490357,0.7269267364414843,0.7250012289166845,0.7531892070700515,0.7241952201329942,0.8809467174119886
4809,6.591097031707113,0.5038058991436727,0.4947519474727023,0.5059661337568793,0.50088285382147,0.9749048525214081
5000,0.2252167186478781,0.47240723120837297,0.46329995941324037,0.4756031960327543,0.4696297083785975,0.9778782112274025
4637,2478.175561481576,0.7059942911512845,0.7034614506952943,0.7321169986318158,0.7030122163595659,0.883325404376784
4839,5032.194542283397,0.7235965746907707,0.7219202261409777,0.748856587423805,0.7205610596402832,0.866674595623216
4917,1179.8603157196912,0.698382492863939,0.6943282466550537,0.7214415619838398,0.6956894827260846,0.9173406279733587
4732,19828.026191185832,0.7102759276879163,0.7114984720460343,0.7473817281243236,0.7077879633325679,0.7960275927687916
4998,4394.053594287284,0.7293054234062797,0.7278818649148867,0.7549144044734187,0.7267426631183669,0.8740485252140818
4845,2094.8224946082787,0.7102759276879163,0.7059267082076225,0.7326846762525142,0.7071749639032203,0.8946241674595623
4914,3919.298270881706,0.7240723120837298,0.7218627075496842,0.7504406201892635,0.7211546376207999,0.8754757373929591
4773,5142.487045330819,0.7216936251189343,0.7213942136754883,0.7502718920373791,0.7194011849005922,0.8631065651760228
2358,14062.716074683938,0.6888677450047573,0.690990910168878,0.7240740100969209,0.687106112162715,0.7477402473834444
5000,3038.447948627348,0.7240723120837298,0.7213994852081814,0.7489587222638686,0.7212892306022911,0.8857040913415795
4639,1550.9996445554875,0.6960038058991437,0.6937135545092883,0.7217007070207757,0.6938328451342544,0.8974785918173168
4851,5544.520797261032,0.7235965746907707,0.7219572582295546,0.7485058521949733,0.7208117805437767,0.8633444338725024
4916,9068.501468889,0.7231208372978116,0.7225668463894166,0.7523004724469576,0.720030255492896,0.8409847764034253
4769,31140.472728056986,0.6988582302568982,0.6999713939590168,0.7381519556243268,0.6963891249147098,0.7678401522359658
4909,3560.127089166538,0.725499524262607,0.7233454223214228,0.752115996686379,0.722374076566634,0.8782112274024738
4997,15975.313673405293,0.7212178877259753,0.7215717207375126,0.7557647083711997,0.7188998985712935,0.8137488106565176
4705,6533.439603447828,0.725499524262607,0.7254303981130314,0.7546555966695976,0.7232068532842123,0.8509752616555661
5000,2456.5587051741886,0.719790675547098,0.71639694577802,0.742886747282694,0.7169078052408,0.8935537583254044
4826,939.4843178963331,0.6874405328258801,0.6831235057324624,0.7102470312516017,0.6843027057844691,0.92186013320647
4891,13006.10239095784,0.7245480494766888,0.7242444834897847,0.7557620034807855,0.7218296492674465,0.8225499524262607
4794,4841.971088458813,0.7226450999048525,0.7212773562409451,0.7498032703999316,0.7196493833377056,0.8659609895337773
4641,8376.14283059169,0.7188392007611798,0.7199556378334285,0.7481336574559453,0.7168756465129867,0.8381303520456708
4999,22004.653371662447,0.7126546146527117,0.7132812750735613,0.7493225422555189,0.7103275617265216,0.7962654614652712
3035,1778.65119995281,0.6750713606089439,0.6745579778298195,0.7023746221698944,0.6724358974273781,0.8481208372978116
4881,3493.379888302075,0.7245480494766888,0.7218048912312142,0.7502493119804445,0.7213445417118377,0.878686964795433
4737,7152.386077861667,0.7278782112274025,0.7281162920726283,0.7570954873816685,0.725489753233969,0.8470504281636536
4887,12070.542811081972,0.7245480494766888,0.7243265701630739,0.7558587953500617,0.7218833082952543,0.8259990485252141
4809,5164.35628886175,0.725023786869648,0.7235228867145644,0.7505034925126536,0.7222650639066241,0.8648905803996194
4999,9871.74376827205,0.7278782112274025,0.7278191444879767,0.7572020790418742,0.7248136822060909,0.8405090390104663
4907,2287.707379329332,0.7178877259752616,0.7138131596839701,0.7403805141886053,0.7147050280720946,0.8947431018078021
4709,22358.598266454625,0.7069457659372027,0.7085841499631351,0.7462709041725422,0.7046473103339836,0.7877021883920076
4810,4106.724772531183,0.7202664129400571,0.7181760271848883,0.7466320036096012,0.7172894824462926,0.8707183634633682
4913,6247.323141889208,0.7297811607992388,0.728053475608589,0.7551321286455652,0.7268673559224539,0.8577545195052331
4899,5793.855601492909,0.730732635585157,0.7289014479743054,0.7562131995079768,0.72782817084782,0.8623929590865842
4665,7372.88522294292,0.7231208372978116,0.7234578212598702,0.7527032237003956,0.7210073790099651,0.8456232159847764
4551,15305.929055868195,0.7078972407231209,0.7095523024528494,0.7407349502263829,0.7058791042617787,0.8053044719314938
4834,5493.93062275392,0.7269267364414843,0.7256165603768826,0.7524678017050335,0.7240099037921495,0.8633444338725024
4745,32256.63661880706,0.6974310180780209,0.6985633929181272,0.7374531179052776,0.6948028327401824,0.7643910561370124
4895,556.6063623558784,0.6688867745004757,0.6637943803437856,0.6888968648544828,0.6660915457747676,0.9418411037107517
4581,2578.9064778570864,0.7074215033301617,0.7054531581612633,0.7323702120886064,0.7048142931456851,0.8818981921979068
3578,12455.397476443784,0.7059942911512845,0.707559179127481,0.7382781142340414,0.7029382035511115,0.7928163653663178
4822,6398.48385576912,0.7269267364414843,0.7260490975344674,0.7538706771267847,0.7239851681238909,0.8559705042816366
4914,3516.4398810514485,0.725023786869648,0.722980965583669,0.7517797050503572,0.7219125870062707,0.879162702188392
4729,1269.629776457251,0.6917221693625119,0.6886682880084296,0.7168488188989224,0.6885479980864397,0.9056850618458611
4903,9035.372240776986,0.725023786869648,0.7246375970126404,0.7542760578548997,0.7220260968005672,0.8414605137963844
4805,19067.55391214789,0.7136060894386299,0.7143924122445393,0.7497242012340519,0.711437620933987,0.8001902949571836
4900,5640.155802717052,0.731208372978116,0.7294155154648108,0.7565327416712115,0.7283424144236886,0.8632254995242626
4671,12864.930465670363,0.7183634633682208,0.7195044008579874,0.750182801970093,0.7160236041123579,0.8174357754519506
3750,5793.012338272943,0.7050428163653664,0.7062157075968925,0.735630990126696,0.7023810584553564,0.8308753568030447
4802,89.1775263320121,0.5889628924833492,0.5845690960451537,0.602404561861696,0.5868773099429963,0.9659847764034253
4894,7817.241566360209,0.7269267364414843,0.725848236683521,0.7540586215401092,0.723902709520895,0.8484776403425309
4732,2080.9707737128965,0.7050428163653664,0.7035732864000944,0.7316938289774774,0.7022623821989146,0.8912940057088488
4897,49382.56086107014,0.686489058039962,0.6868507775614122,0.7299793282871775,0.6843514414710257,0.7376308277830638
4617,16991.17103149747,0.7059942911512845,0.7077292073454876,0.7403848720686116,0.7041735039747224,0.8014985727878211
2118,4889.78547149352,0.6945765937202664,0.6968130804441212,0.7293285422429461,0.6926763969805497,0.7867507136060894
4824,0.00984888879676312,0.49429115128449097,0.48335752145750915,0.49321160409865916,0.4906188099700534,0.9737155090390105
4917,10137.94311514986,0.7226450999048525,0.7220511532279253,0.7514469331861995,0.7196628346315131,0.8352759276879163
4998,25823.582607020642,0.7083729781160799,0.7086987612631133,0.7463452223146463,0.7061953114008525,0.7859181731684111
4759,3102.8977890931405,0.7117031398667936,0.7104076665386138,0.7390606147780857,0.7091163934663969,0.8789248334919124
4906,587966.3692863367,0.4838249286393911,0.47922558219156414,0.5827856748083662,0.4851224547359516,0.503686964795433
4824,6656.119879130905,0.7269267364414843,0.726199522569004,0.7539027672948031,0.7241121223968425,0.8539486203615604
4679,10912.60657944086,0.7207421503330161,0.7216682978458211,0.7519467437062476,0.7183209989812861,0.8261179828734538
2671,3843.690301366315,0.6936251189343482,0.693870568313953,0.7235548856936558,0.6908965105638185,0.8154138915318744
4914,2086.4432153645575,0.7169362511893435,0.7133865149781444,0.7394431577338302,0.7140557862389463,0.8989058039961941
4821,7264.6599274832,0.7293054234062797,0.7284565473897138,0.756742848542932,0.7262682823392834,0.8490723120837298
4588,17392.671801933007,0.7055185537583254,0.7073396608976328,0.7401184187622223,0.7037513520837482,0.799476688867745
4781,7949.090941324252,0.7269267364414843,0.7272317911644187,0.7571551526608591,0.7241934005117369,0.8437202664129401
4727,12455.653627149333,0.7183634633682208,0.719714035795158,0.7522517937065414,0.7159092809721619,0.8194576593720266
4495,29624.21315844673,0.6902949571836346,0.691193457864115,0.7279425575468791,0.6878895295371474,0.7627259752616555
4831,5610.646411063597,0.7283539486203615,0.7271375626213764,0.7543024225857979,0.725334538089462,0.8622740247383445
4900,9546.459553793113,0.725023786869648,0.7248317281611681,0.7549405889011835,0.7220621006182772,0.8381303520456708
4658,5667.753604671074,0.7235965746907707,0.7230509756401221,0.7510957971078228,0.7211038371156784,0.8556137012369173
5000,16757.790529634196,0.7207421503330161,0.7211364780971545,0.7554242058263693,0.7184098605546453,0.811964795432921
4839,3419.331842769654,0.7183634633682208,0.7157020417268618,0.7442782968358044,0.7151609800637813,0.8770218839200761
4715,7421.204739098334,0.7216936251189343,0.7222013041495764,0.7518298363279473,0.7195345912863237,0.844790675547098
4819,0.0004445560555806299,0.4904852521408183,0.47979721739721787,0.4901788486258239,0.4868664631748468,0.9741912464319695
4914,12222.486322689014,0.725499524262607,0.7252963132817238,0.7565580926737014,0.7226540113759914,0.8252854424357755
4758,1506.0048893530918,0.6917221693625119,0.6888126481835377,0.7169490860274275,0.6888856829362046,0.9019980970504282
4998,5069.454746236118,0.7302568981921979,0.7291971494285271,0.7555062622566965,0.7278875695612805,0.8688154138915318
4916,2629.851408366814,0.7207421503330161,0.7179630054597508,0.7462803451347174,0.7177413380810457,0.8884395813510942
555,4503.490829105672,0.6279733587059942,0.622827680522866,0.6639007467377516,0.6268646786483505,0.6609181731684111
4597,5892.352618614938,0.7221693625118935,0.7221829919173899,0.7494236065444045,0.720097582130663,0.8507373929590866
4843,2403.2625204164588,0.7121788772597526,0.7084998775950312,0.7359292414386454,0.7089430624486679,0.8904614652711703
4998,1055.2177602834188,0.6993339676498572,0.6941300166156336,0.7188145166643002,0.6960605343112297,0.9228116079923881
4719,19812.877181794076,0.7078972407231209,0.7091660983576823,0.7442323843315013,0.7058428886664245,0.7955518553758325
4894,4492.618072631659,0.7288296860133207,0.7266778745256484,0.7544244479801197,0.725801220943058,0.8709562321598477
4915,4120.44077414467,0.7283539486203615,0.726349039977848,0.7549474887159248,0.7254878158348574,0.8735727878211227
4852,2437.6956588087887,0.7155090390104663,0.7119939706619041,0.7394808928105596,0.712314577829347,0.8904614652711703
4914,7427.432946470535,0.7278782112274025,0.7267591937502675,0.7550010532971452,0.7247816919516015,0.8497859181731684
4803,4197.204594020967,0.7207421503330161,0.7186098034790875,0.7464538611487559,0.717843704219884,0.8698858230256898
1700,11460.047441560597,0.6803044719314938,0.680778558937094,0.7160215527975459,0.6782111132146669,0.7272835394862036
4929,1544.0453039321146,0.7078972407231209,0.7035571006552923,0.7288110984942733,0.7047711931008266,0.9072312083729781
4992,38899.43154140867,0.698382492863939,0.6988606446239221,0.7391449427474012,0.6963080350490639,0.7576117982873454
4836,5806.421145034961,0.7269267364414843,0.7257779210899361,0.7534251466606539,0.7239486196525311,0.860965746907707
4670,3119.502294181389,0.7107516650808754,0.7089898075597397,0.7358451891777821,0.7081933386929811,0.8758325404376784
4908,13407.251198396018,0.725499524262607,0.7257148100864809,0.7580608073900288,0.7230427378430448,0.8211227402473834
4782,8449.593854410976,0.7259752616555661,0.7268912839650878,0.7569067931465805,0.7235262365582333,0.8415794481446242
4915,4864.217947144764,0.7278782112274025,0.7259015541146461,0.7533815904973515,0.7249406490268989,0.8682207421503331
4991,23556.65935625206,0.7098001902949572,0.7104423365710699,0.7477585387424546,0.7074231209904164,0.7917459562321598
4826,3087.146464904648,0.7159847764034253,0.7130512889139746,0.7410679764634713,0.7128316413135142,0.8803520456707897
4722,9146.327686967112,0.7240723120837298,0.7251357549129531,0.7556014388201961,0.7218872760128385,0.8361084681255947
4909,1826.878503345606,0.7131303520456708,0.7090934437485079,0.734024698193589,0.7101604863741544,0.9022359657469077
4645,5781.955060530777,0.7231208372978116,0.722913380083047,0.7509694144458372,0.7207691745386448,0.8538296860133207
4509,16227.96195228827,0.7069457659372027,0.7083841098415339,0.7406027850062841,0.7047835718288687,0.8013796384395814
4825,8677.966267132275,0.7245480494766888,0.7242331862212319,0.7541251916124245,0.7217162290495137,0.8418173168411037
4994,3901.3587458130546,0.7278782112274025,0.7257849105750799,0.7538638639239744,0.7249789642040817,0.8782112274024738
4752,993.4667925857958,0.681255946717412,0.6785378691945627,0.7059813686182028,0.6784114629833013,0.9151998097050428
4997,80642.2274164832,0.6726926736441484,0.6726735801768198,0.7221311903630289,0.6698754030801348,0.6999286393910561
4864,14489.345838561103,0.7226450999048525,0.7228805045792466,0.7555678441359369,0.7201732479377811,0.8169600380589914
4902,6118.7775624056385,0.730732635585157,0.7289285794915182,0.7560573851636347,0.7277885864836439,0.8600142721217888
4910,2455.86049678391,0.7212178877259753,0.7175138917787016,0.7452156440468454,0.718126661893056,0.8915318744053282
4838,6614.096931082325,0.7269267364414843,0.7259034647211058,0.7540737953974281,0.723858335673204,0.8553758325404377
4996,4524.772828899511,0.7288296860133207,0.7275850850666339,0.7543989490064449,0.7262644126872403,0.8727402473834444
3392,3414.488639012103,0.692197906755471,0.6915935050190065,0.7202558694905081,0.6891972225005973,0.8428877259752616
4995,1681.7342356291088,0.7121788772597526,0.708459901212604,0.7351874923693928,0.7091169909415298,0.9063986679352997
4902,4993.064466396339,0.7293054234062797,0.7276123515416774,0.7556550851054485,0.7263617825195585,0.8681018078020932
4762,204.06462976942245,0.6189343482397717,0.6148991561901043,0.6376709787230612,0.615896629864214,0.9552806850618458
4860,5420.507797452701,0.7240723120837298,0.7226365066722837,0.748974629604651,0.7214907723857745,0.8642959086584205
4665,2312.9162928123264,0.7040913415794482,0.7017234466582347,0.7295560114461799,0.7014643797312753,0.8865366317792579
4869,10097.405051329133,0.7226450999048525,0.7225959598958849,0.753010179952157,0.719723848429586,0.8344433872502379
4769,1.3156234237471707e-05,0.48239771646051377,0.47319139251319237,0.4856998757743667,0.478798805902798,0.9718125594671742
1073,23.486176108563114,0.6037107516650809,0.601601916161367,0.626072437555726,0.601236530314864,0.7441722169362512
4905,617.3174242529283,0.6741198858230257,0.6692136921427718,0.6932278419854028,0.671051399771784,0.9391056137012369
4913,3563.3696503830233,0.725023786869648,0.722980965583669,0.7517797050503572,0.7219125870062707,0.8784490960989534
4755,7157.858731734631,0.7283539486203615,0.7283415406393514,0.7581825386165665,0.7258177101820834,0.8483587059942912
4619,21646.955547447466,0.7012369172216937,0.7032326575637464,0.7383066080192049,0.6994342199991136,0.7854424357754519
5000,11705.562514757332,0.7269267364414843,0.726926990376789,0.758565283877417,0.7243779022459054,0.8300428163653664
4829,5294.819484281113,0.7259752616555661,0.7246114190002417,0.7513732600421875,0.723028792674942,0.8646527117031398
4901,1547.868020057891,0.7040913415794482,0.6999408394730542,0.7268143185777622,0.7009567121463862,0.9061607992388202
4736,2850.368155708724,0.7107516650808754,0.7095928111794498,0.7385626874996328,0.7083714556704721,0.8809467174119886
4829,37799.608532168684,0.6969552806850619,0.6981694766873457,0.7393288943806283,0.6946907957787143,0.7560656517602283
4909,9776.608464643065,0.7231208372978116,0.7227762772238059,0.7532166787630445,0.7201883601570387,0.8375356803044719
4806,4854.294198378718,0.725023786869648,0.7235812933762699,0.7514173354343686,0.7223058513318545,0.8663177925784966
4665,0.3379135088069561,0.489058039961941,0.4802322731338277,0.49551338591384786,0.48602836469512456,0.965627973358706
4999,16958.49271575744,0.7202664129400571,0.720692095791006,0.7552247408987063,0.7179501195538185,0.8111322549952427
4911,6988.582286824102,0.7297811607992388,0.7286303680993991,0.7566274285553086,0.7267120211877225,0.8529971455756422
4998,9195.953636008318,0.7302568981921979,0.7303871285629191,0.7601945005824315,0.7273702049489852,0.8436013320647003
4805,28412.814802392008,0.7017126546146527,0.7028632880623371,0.7416387456074449,0.699194309240766,0.7741436726926736
4904,14228.551932798699,0.7231208372978116,0.7232631128838058,0.7559870166751563,0.720618944394116,0.817197906755471
4562,8256.277938313378,0.7188392007611798,0.7199324178642263,0.7490779653811532,0.7167255091583236,0.8361084681255947
4714,20424.43556470346,0.7069457659372027,0.7082067287733868,0.7436364806058685,0.7047755282025124,0.7938867745004757
2782,10812.514242389989,0.6974310180780209,0.6993923580042622,0.7300956061766392,0.6952251272765835,0.7796146527117032
4998,7272.491779012846,0.7283539486203615,0.7273787913887023,0.7548854400527361,0.725519363324632,0.8526403425309229
4849,13578.710750569022,0.7202664129400571,0.7203176295578053,0.7525729518692286,0.7178201649444393,0.8188629876308278
4887,7010.554102164958,0.731208372978116,0.729849075808657,0.757304291739917,0.7281623830501741,0.8526403425309229
4709,6636.618739472212,0.725499524262607,0.7254903176927654,0.7551688195798965,0.7231781467661441,0.8502616555661275
4789,3013.439809284409,0.7131303520456708,0.7109859576521552,0.7386523222343392,0.7101630807236006,0.88023311132255
4908,27720.169961568914,0.7045670789724072,0.7052495349602804,0.7440941270358847,0.7023059919970318,0.7781874405328258
4645,12384.194274007516,0.7159847764034253,0.7171809347978324,0.747736889729786,0.7137738343091463,0.8188629876308278
4816,6139.683299919702,0.7264509990485252,0.7257817086354644,0.7545766666146909,0.7235084565362224,0.8577545195052331
4908,2262.3171955460753,0.7202664129400571,0.7163453986193179,0.7422641038431788,0.7173459481602034,0.89581351094196
4735,46844.66009456101,0.686489058039962,0.6869020177607217,0.7303647633007708,0.6839829690231842,0.7381065651760228
4892,4436.328367319787,0.7288296860133207,0.7267084652916032,0.7545214990861018,0.7258354300289912,0.8714319695528069
4818,8970.65818903389,0.725023786869648,0.7256534027728401,0.7567116171475596,0.7223176371972755,0.8400333016175071
2487,20220.62259552143,0.6807802093244529,0.6819529415049036,0.7168332206996952,0.6799809274961682,0.7323977164605138
4464,5368.050938662281,0.7140818268315889,0.7141861812808534,0.7404399354218747,0.7121598853536341,0.852045670789724
4572,1196.0613014786793,0.6836346336822074,0.6803732942592402,0.7079362328623132,0.6811713186000052,0.9037821122740247
4999,0.041541973728098654,0.47621313035204565,0.4669562449926314,0.4796626744241944,0.47361779654419295,0.9775214081826832
4906,12482.461759346474,0.7245480494766888,0.7243423563312414,0.7559848057761144,0.7220152077850746,0.8240960989533778
4750,2923.976127874272,0.7121788772597526,0.7106283281799912,0.7391442831084103,0.7096875068316616,0.8810656517602283
4835,7529.290593251676,0.7264509990485252,0.7256209657009141,0.7538713103238627,0.7234296516151731,0.8488344433872502
1366,3331.1100567750195,0.6726926736441484,0.6728751437510037,0.7041258245500706,0.6708519168201135,0.7488106565176023
5000,15751.112468133802,0.7216936251189343,0.7221627695787672,0.7561071892918118,0.7193575170281747,0.8147002854424358
4692,5040.382259316518,0.7216936251189343,0.7211927488882262,0.7493056528524245,0.7194021317243567,0.8625118934348239
4901,8941.408041468465,0.7245480494766888,0.7238684857837561,0.7527830780910196,0.7215597538136848,0.8420551855375833
3854,4745.562719952584,0.7064700285442436,0.7059147519574036,0.7358385469501614,0.7035602478649343,0.842174119885823
4799,1666.2543321252908,0.698382492863939,0.695115915700543,0.7216580452792221,0.6955185548043203,0.9011655566127498
4909,150892.22845229734,0.6246431969552807,0.6225063858298938,0.6801496330454517,0.6229657358770665,0.649500475737393
4641,19779.87834824187,0.70313986679353,0.7049082155572062,0.7394818392105954,0.7012839339058853,0.7909134157944815
4912,9507.238934299603,0.7226450999048525,0.7219677593609239,0.7521211518094776,0.7196310205426742,0.8387250237868696
4775,2403.4583568444555,0.7040913415794482,0.7018205253316416,0.7290207742467223,0.7014560844494355,0.8877259752616555
4844,6197.42877639657,0.7245480494766888,0.7229942480785945,0.7504786582463888,0.7214701963389382,0.8583491912464319
4992,12694.968827196348,0.7240723120837298,0.724250927214651,0.7557403950445779,0.7214530656445982,0.8250475737392959
4720,32834.290033684076,0.6945765937202664,0.6956696040510162,0.7352395726297856,0.692180281722547,0.7615366317792579
148,3327.0919858064103,0.549476688867745,0.5321252068704674,0.576531525199135,0.547469308501788,0.5650570884871551
5000,7.818758465173148e-05,0.4714557564224548,0.46138061523601925,0.47299787920899555,0.4685829815469762,0.9777592768791628
4840,7287.821509997479,0.7278782112274025,0.7272155277420502,0.7559824242133089,0.724877860161518,0.8503805899143673
4912,9.20644462509419,0.5019029495718363,0.49186960473453845,0.5065436583044373,0.49803620811688915,0.9751427212178877
4363,4127.040052465393,0.7098001902949572,0.7096683140569033,0.736986068211874,0.7076571921904127,0.8610846812559467
4776,15873.643160313108,0.7145575642245481,0.7164529826514852,0.7503563444336564,0.7126814118085019,0.8087535680304472
4596,8662.570741544367,0.7174119885823026,0.718317903685015,0.7465795120817569,0.7152398695639095,0.8350380589914367
4899,1924.6262623480523,0.7131303520456708,0.7096183822336671,0.7355410865164156,0.7102800807875076,0.9008087535680305
4707,5372.797295417836,0.7235965746907707,0.7232010162117708,0.7522606514348992,0.7210991835624048,0.8603710751665081
4831,11988.0114645222,0.7188392007611798,0.7190360257385497,0.7505626565663231,0.716252785458928,0.8256422454804948
4998,60062.53133206533,0.6836346336822074,0.6837699493970761,0.7292962810170819,0.6810595460646971,0.72395337773549
4915,3340.570475947489,0.7240723120837298,0.7218819036969453,0.7507832543980378,0.7213399419244619,0.8799952426260704
4782,1.1255914672122973,0.4923882017126546,0.4819479762316089,0.4928293404330376,0.48834043211507944,0.971336822074215
4915,25896.435526483994,0.7064700285442436,0.7071185407944294,0.7443421967512636,0.7042342196321776,0.7825880114176974
437,794.1349763911808,0.6065651760228354,0.6035759561238476,0.6384964549868932,0.6046638035046573,0.646883920076118
4685,6973.454577873678,0.7259752616555661,0.726149120208268,0.7543999325907078,0.7237244812447784,0.8477640342530923
4848,4772.892081914621,0.7231208372978116,0.7211897914894052,0.7479845701977361,0.7201726788894109,0.8685775451950524
4995,10386.15305956228,0.7283539486203615,0.7283708227838857,0.7583284038030823,0.7254754083107592,0.8372978116079924
4795,2447.262678322863,0.7069457659372027,0.704159431828342,0.7304525632973144,0.7043824235674582,0.8886774500475737
4910,16490.939967118742,0.7226450999048525,0.723430484229043,0.7573210762011704,0.7203477532313671,0.8101807802093245
4612,6376.992742709343,0.7212178877259753,0.7215091191556631,0.7491246658475703,0.7192105843021646,0.8480019029495718
4998,272229.03876679856,0.5756422454804948,0.5689613158471478,0.6416726404912488,0.575094145083506,0.5955042816365367
4846,1412.9189400615417,0.7017126546146527,0.6978782564218443,0.7255525849929898,0.6983372498660436,0.9074690770694577
4719,3170.9258627884615,0.7131303520456708,0.7117507032013684,0.7398017567654998,0.7105085969209842,0.8771408182683159
4078,9918.41104142495,0.7117031398667936,0.7128400681318317,0.7423770521750435,0.7093550663301686,0.8168411037107517
4908,21263.41110386169,0.7117031398667936,0.7121699395629847,0.747873998749969,0.7092608730049712,0.7978116079923881
5000,4415.15213118381,0.7302568981921979,0.7290229785766036,0.7558763371702333,0.7277581122691752,0.8738106565176023
4784,1933.0724677416144,0.7017126546146527,0.6986012293372539,0.7254539455521685,0.698681872586288,0.8959324452901998
4528,405.63048483312434,0.6431969552806851,0.6378712146338876,0.6634805005434725,0.6398570832975468,0.9335156993339676
4907,3605.0856981523457,0.7264509990485252,0.7243750083919689,0.7527065813349934,0.7233575972372379,0.8783301617507137
4750,4169.124170748127,0.7126546146527117,0.7117578867496637,0.7405298218011276,0.7102160898708717,0.8690532825880114
4836,6203.383145038253,0.7269267364414843,0.7259445397964445,0.7540971055935004,0.7238944277336983,0.8585870599429115
4660,2741.444241640705,0.7064700285442436,0.7042094977728226,0.7304209561975351,0.703904424806701,0.8794005708848716
1862,1214.2751470820142,0.6627021883920076,0.6615630925126302,0.6902366750627431,0.6597410748815085,0.8044719314938155
4917,5405.612323747003,0.7274024738344433,0.7258227967805556,0.7525340361521173,0.7246847827650202,0.8647716460513797
4836,0.0013075314407437854,0.4895337773549001,0.4802809310456908,0.4919749877270817,0.48592523522294345,0.9744291151284491
4923,11992.525355665399,0.7240723120837298,0.7237460165826428,0.7547331423159964,0.7212375732480677,0.8279019980970505
3063,7392.378084268198,0.70313986679353,0.7056996853274417,0.7381920209633615,0.7001368443762701,0.8011417697431018
4739,2080.7125118442336,0.7055185537583254,0.7039685822978777,0.7312903327793434,0.7028457081217417,0.8911750713606089
4990,3871.739512950414,0.7269267364414843,0.7246695353664367,0.7527001334193502,0.7240822358757867,0.8784490960989534
4832,16260.639424396428,0.7169362511893435,0.7178401553874657,0.7520980879748278,0.7148261116112569,0.8091103710751665
3227,8043.4980260936545,0.7045670789724072,0.7065063479192448,0.736651118076675,0.7016167504703335,0.8019743101807802
4683,5338.221668855892,0.7226450999048525,0.7223169669848571,0.7504088851962798,0.7203465898825083,0.8593006660323501
4997,32016.676895782708,0.703615604186489,0.7041549041161101,0.7430466091706057,0.701483482090887,0.7715271170313986
4831,11730.79076967789,0.7178877259752616,0.7181655445816817,0.7493152412194501,0.7153587880132065,0.827069457659372
4921,2750.430616339766,0.7207421503330161,0.7175619043031953,0.7461736181624883,0.7178064105487192,0.8868934348239772
4999,4464.452321963674,0.7297811607992388,0.7283597634152847,0.7554278319574481,0.7272056260813298,0.8735727878211227
4992,1159.157250009223,0.7021883920076119,0.6975654486354455,0.7228997568243006,0.6991301350434436,0.9200761179828735
4892,1871.5679399982942,0.7121788772597526,0.7086488304458158,0.7342582528759735,0.7090994520863395,0.9014034253092293
4781,4139.380657107175,0.7178877259752616,0.716324872441364,0.7445957500007244,0.7150881544544292,0.8694100856327307
4993,4325.765658558677,0.7297811607992388,0.7281877724339078,0.7552522066873575,0.7271464644856571,0.8744053282588011
5000,680.2467490145957,0.6784015223596574,0.6725661335456186,0.6975452083216325,0.6753457137630678,0.9376784015223597
4893,2880.754204338204,0.7226450999048525,0.720380646241934,0.7482051723784501,0.7197436098791169,0.8846336822074216
4998,63.1200497620181,0.5718363463368221,0.5656621365305836,0.5822060399663281,0.5695853105966068,0.9740723120837298
4999,1794.678499874005,0.7164605137963844,0.712829074030123,0.740016228428414,0.7135180245091,0.9044957183634633
4830,4040.4603105351634,0.7207421503330161,0.7183654503950652,0.7462001434937471,0.7175228638785043,0.8723834443387251
4753,5800.106137705612,0.7245480494766888,0.7241646087708935,0.7532761501774397,0.7218341159118247,0.8576355851569933
4905,2799.69292139397,0.7240723120837298,0.7215025814737916,0.749614759061575,0.7211234481817161,0.8857040913415795
4598,9000.052427161294,0.7183634633682208,0.7196910629634733,0.7481618559999731,0.7163248363047746,0.8332540437678402
840,4610.229806459219,0.6612749762131304,0.6598527429404031,0.6946036980538797,0.6603206881728843,0.6933872502378687
2358,15289.92775129394,0.686964795432921,0.6887112337225583,0.7219216122602414,0.6853186528660847,0.7422692673644149
4836,7742.606509889109,0.7274024738344433,0.726799650293318,0.7557327000945153,0.724182664799753,0.8472882968601332
4920,3.840211728104572,0.4933396764985728,0.48358560906045583,0.4970560968941761,0.4899315146470071,0.9753805899143673
4999,1060.5517384483514,0.6998097050428164,0.6945998567927348,0.7194266307097823,0.6966160898667851,0.9228116079923881
4724,2151.022039875383,0.7055185537583254,0.7037779417126535,0.7316707140093722,0.7029982767431255,0.8893910561370124
4841,4328.9294413189145,0.7207421503330161,0.7184979610130459,0.7460071832322337,0.7175129565029192,0.8704804947668887
4450,11119.451104310667,0.7150333016175071,0.7166947350655832,0.7473084340180878,0.7126448902499544,0.8180304471931494
4758,20763.602382215377,0.7093244529019981,0.7108209250390771,0.7469715938978028,0.7068649842128968,0.794243577545195
4910,5381.3307988948345,0.7278782112274025,0.7262698122903128,0.7531016569681317,0.72511353664205,0.8644148430066603
4664,3079.0629727177457,0.7107516650808754,0.7091233104768015,0.736967133814242,0.7080646595072514,0.876546146527117
4840,7548.011023482565,0.7278782112274025,0.7271372917668346,0.7559910163047608,0.724784489479912,0.8484776403425309
4998,1643.1441160852812,0.7098001902949572,0.7058821106576826,0.7329247978471397,0.7068109585175592,0.9067554709800191
4882,10498.340723547728,0.7240723120837298,0.7238483469728538,0.754453784767209,0.721113196493965,0.8337297811607992
4763,3533.2289527603975,0.7164605137963844,0.7147884097857711,0.7436115053114043,0.713816119921206,0.8745242626070409
4999,0.09846372546656457,0.47621313035204565,0.4669253738168024,0.4794693498203026,0.47361779654419295,0.9775214081826832
4906,6235.071848705418,0.730732635585157,0.7289314663872467,0.7563069485785608,0.7277885864836439,0.8579923882017126
4586,5212.518478332343,0.7178877259752616,0.7175760580266164,0.7444501806609889,0.7158120716386172,0.8573977164605138
4699,2913.078901668693,0.7117031398667936,0.7102111083374076,0.7375291465007001,0.7092293164659705,0.8790437678401523
4822,15774.139978860127,0.7136060894386299,0.7141477026291434,0.7476796318551073,0.711429920534765,0.8106565176022835
4902,5667.959337500214,0.731208372978116,0.7292861178640464,0.7563327528208263,0.7282728968336317,0.8632254995242626
4914,1466.0959884978079,0.70313986679353,0.699121131040561,0.7254533468143832,0.7000628727624478,0.9087773549000951
4911,5574.278126153323,0.7288296860133207,0.7273344153250324,0.7539330196993969,0.7262215783854509,0.8629876308277831
4832,2373.988272674508,0.7117031398667936,0.708232663461685,0.7358340621956867,0.7085238210187883,0.8912940057088488
4770,10162.60974077052,0.7212178877259753,0.7226289973282018,0.7546326884870348,0.7188402438499333,0.8313510941960038
4912,4192.141766549562,0.7264509990485252,0.724270448216557,0.7531044371822068,0.7233762705879532,0.8730970504281637
4998,6181.049942721408,0.7302568981921979,0.7292794141335432,0.756310626718256,0.7276595216249023,0.8608468125594672
4898,26834.4570293556,0.7064700285442436,0.7073297006097763,0.7461420700529617,0.7039900099701324,0.7800903901046622
4996,7741.220536448569,0.7283539486203615,0.7275707154546696,0.7559274118745575,0.7253532684919675,0.8503805899143673
4804,15953.909443902689,0.7131303520456708,0.7140972440809122,0.7480912821223353,0.711163896867615,0.8099429115128449
4921,0.007916385248632541,0.47954329210275926,0.4679768639098934,0.4805539962013424,0.47591246747323057,0.9756184586108468
4830,47121.56982507928,0.6883920076117983,0.6891931825339758,0.7325014852243318,0.686062849997409,0.7407231208372979
2215,11259.283723741126,0.6960038058991437,0.6975592330657607,0.7299313431500848,0.6942540675388046,0.7558277830637488
4674,2652.91156421135,0.7069457659372027,0.7046627553307737,0.730857842610869,0.704317793406394,0.8814224548049476
4994,6559.987326475604,0.7297811607992388,0.7286365633645884,0.7556327562552904,0.7271277600322273,0.8570409134157945
4926,3788.5527911453023,0.7245480494766888,0.7222660703250527,0.7508379993056232,0.7216488645214868,0.876546146527117
4991,6265.422278928345,0.730732635585157,0.7293446805020457,0.7565835093178083,0.7278349462957381,0.8593006660323501
5000,7888.757877336291,0.7283539486203615,0.7276395994224243,0.756458895514199,0.7253179599878439,0.850023786869648
4922,22202.777228617553,0.7107516650808754,0.7110939657601651,0.7473925574857273,0.7083083631049227,0.7947193149381542
4911,12518.480017217467,0.725499524262607,0.7255736149997571,0.7567321666533674,0.7229072116345179,0.8240960989533778
4831,6304.417682822127,0.7264509990485252,0.7251833848594276,0.7533468106941634,0.7232826218883971,0.8579923882017126
4934,942.4947925024716,0.6917221693625119,0.6875804974047647,0.7131390949120758,0.6886867224650144,0.9247145575642245
4746,1932.3467769512738,0.7002854424357755,0.6984163759500951,0.7254382919538922,0.6976501014283469,0.894267364414843
4987,11695.375441050628,0.7259752616555661,0.7260656816889219,0.7571743106421966,0.7233219526793174,0.8301617507136061
4996,5974.401580697568,0.730732635585157,0.7294241436301917,0.7564603516320961,0.728083269480987,0.8629876308277831
4993,3540.427800027103,0.7259752616555661,0.723856874427821,0.7515020498471845,0.7232372076650807,0.8813035204567079
4997,5479.921827671525,0.7297811607992388,0.728633417468511,0.7555447058747989,0.7271566609388214,0.8663177925784966
4999,6681.698540901559,0.730732635585157,0.7298134240875418,0.7565166231843272,0.7281075030477442,0.8577545195052331
5000,5740.440071746869,0.7302568981921979,0.7290223173788208,0.7555762643366982,0.7277696531772717,0.8642959086584205
3500,2560.983341017569,0.6879162702188392,0.6866387671277909,0.7139717988964296,0.6856759313462145,0.8552568981921979
4875,17434.000109537974,0.719790675547098,0.7204736929088454,0.7551111561886777,0.7175648566437194,0.8075642245480494
4881,6187.964250566685,0.7274024738344433,0.7258010285806096,0.752818028727902,0.7243914759242605,0.8597764034253093
4913,9738.006091831216,0.7226450999048525,0.7218491163702412,0.7518840026947837,0.7195663563791366,0.8377735490009515
4845,3768.6437707666396,0.719790675547098,0.7174802064103438,0.7455476528518523,0.716764890846275,0.8747621313035204
4916,5870.718057156231,0.7297811607992388,0.7280450713711148,0.7553827689988205,0.7269287981238555,0.8612036156041865
4996,1735.1591371482334,0.7145575642245481,0.7106343860656563,0.7375297438156212,0.7113498750861786,0.9053282588011418
4998,12842.049199143037,0.7235965746907707,0.7237703556225322,0.7559220528553248,0.7210944600578234,0.8244529019980971
4779,32682.549904699183,0.6969552806850619,0.6983991883227423,0.7383234055943386,0.6945736200938715,0.763558515699334
4832,2995.015886185161,0.7169362511893435,0.7137898810613424,0.7424353212443244,0.7138057226943589,0.8824928639391056
4910,7629.489745614859,0.7274024738344433,0.7262390202401008,0.755012186115935,0.7242547139664467,0.8485965746907707
4731,4423.640377653283,0.7155090390104663,0.7146429199545661,0.7425618178952526,0.7129819905852913,0.8663177925784966
4995,20996.04235270018,0.7155090390104663,0.7159782925898902,0.7519885464079785,0.7131407906690717,0.7999524262607041
4829,10374.998266004512,0.7207421503330161,0.7212250415968343,0.7523848753510692,0.7180687353510002,0.8333729781160799
4902,1340.4621540904689,0.7017126546146527,0.6977856904124122,0.7237357584349415,0.698896273310279,0.9113939105613701
4996,5832.3074573395525,0.730732635585157,0.7296043716375724,0.7566001589707406,0.7281814935891122,0.8635823025689819
4756,2173.718959404996,0.7026641294005709,0.700837957720599,0.7286367836339629,0.7000930061738223,0.8909372026641293
4999,4510.867000640999,0.7297811607992388,0.7283597634152847,0.7554278319574481,0.7272056260813298,0.8730970504281637
4843,3198.0809165168953,0.7174119885823026,0.7147666548842199,0.742905657235682,0.7143004963904065,0.8795195052331113
4646,17025.73994974025,0.7069457659372027,0.708292265031421,0.74094288137871,0.7051682426346166,0.801617507136061
4892,7906.662977303033,0.7264509990485252,0.7254686068757842,0.7539435110316178,0.7234125134424636,0.8480019029495718
4776,5186.6173048624505,0.7235965746907707,0.7232038761672495,0.7518631692137273,0.72110883877479,0.8628686964795433
5000,11874.044584922658,0.7269267364414843,0.7269301061758251,0.7589295124480546,0.7243779022459054,0.8290913415794482
4855,2406.732773821416,0.7117031398667936,0.7082033905662352,0.7362575803048698,0.7085167524447609,0.8906993339676499
4906,3930.254796467629,0.725499524262607,0.7235920988810332,0.7521521058684346,0.7225989987104211,0.8753568030447193
5000,8178.359438446762,0.7297811607992388,0.729535978914494,0.7584829730310404,0.7267168300418749,0.8485965746907707
4728,911.8509805495551,0.6798287345385348,0.6766719149045872,0.7041901182593079,0.6770536546666045,0.9169838249286394
4833,15505.982438691264,0.7178877259752616,0.7186558912298572,0.7525443014073139,0.7157314836101977,0.8122026641294006
4908,5833.230035926735,0.7297811607992388,0.7283177888574708,0.7560700988465209,0.7270302441941167,0.8615604186489058
4661,1828.7582308661015,0.6998097050428164,0.6977765179136138,0.7246250709122839,0.697637444699988,0.8934348239771646
3960,3280.847202600595,0.7078972407231209,0.706422507952691,0.7360596226091562,0.7051238636663659,0.8606089438629876
5000,83504.18083113237,0.6688867745004757,0.6683289477710544,0.7186398305988075,0.6659880544706664,0.6969552806850619
4780,29553.452572289563,0.6993339676498572,0.7006466580389239,0.738755904707876,0.696985605088787,0.7710513796384396
4882,9264.724212761066,0.7283539486203615,0.7280630113567279,0.7581839054522581,0.7254114004884487,0.8397954329210275
4906,5261.987660341136,0.7293054234062797,0.7280571974789166,0.7543310085493884,0.7267175640411979,0.865604186489058
4781,340.4190269261234,0.6431969552806851,0.6400189935585162,0.6644325384368186,0.6404362032344438,0.9456470028544244
4701,11519.64452423604,0.7207421503330161,0.7217344896164247,0.7535483929304041,0.7182635859451498,0.8230256898192198
4912,3051.4806862352802,0.7231208372978116,0.7208391250680156,0.7497881115263797,0.7203279654011354,0.8828496669838249
4823,6988.162373038961,0.7269267364414843,0.7259270815284924,0.7541607935458895,0.7238717918074594,0.8510941960038059
5000,20086.770084991418,0.7183634633682208,0.7188771697337539,0.7541311747877362,0.7159262590724856,0.8029257849666984
4563,4362.319212427232,0.7174119885823026,0.7166178501166744,0.743985836720582,0.7150861585466931,0.8633444338725024
4902,39.07982680361293,0.5423406279733587,0.5356682992935937,0.5535310401478051,0.5393707252185467,0.9734776403425309
4808,2084.7613037022534,0.7059942911512845,0.7023331057141886,0.7286691597287686,0.7029708607501799,0.8940294957183634
4900,12538.87405219363,0.725023786869648,0.7245962095036698,0.7558098027792409,0.7224020819440863,0.8239771646051379
5000,7978.113729853753,0.7283539486203615,0.7276395994224243,0.756458895514199,0.7253179599878439,0.8495480494766888
4710,4599.654527225881,0.7216936251189343,0.721031028775174,0.7499815441282517,0.7192376067827002,0.8663177925784966
4813,1276.3834134539018,0.6955280685061845,0.6914701369048185,0.7191478573793261,0.6924347788729194,0.9102045670789725
4913,767904.4333024634,0.44053282588011416,0.43729937126773866,0.5690523885042663,0.44312813919955846,0.4626546146527117
1042,44925.028075006645,0.6018078020932446,0.5922337041035178,0.6652525136263767,0.6017011597127088,0.606208372978116
4998,6962.896784963547,0.7293054234062797,0.7283613502594232,0.755168452668167,0.7266522877587734,0.8538296860133207
4752,2788.325189975515,0.7107516650808754,0.7091654856864575,0.7370092961405015,0.7081945853387401,0.8827307326355851
4865,15811.353337019103,0.7188392007611798,0.7195260921173572,0.7535855247523406,0.7167684814398765,0.8112511893434824
4217,10148.729998436358,0.7131303520456708,0.7142591175158036,0.7447339898678131,0.7104303714724365,0.8185061845861085
4666,3923.828114776559,0.7174119885823026,0.7162729850076712,0.7442687741537378,0.7148605103171584,0.8694100856327307
1469,5964.520147781934,0.6803044719314938,0.6803269889288759,0.7141248741336859,0.6782283934623644,0.7350142721217888
4902,11337.997738550192,0.725499524262607,0.7250071306331634,0.7558926840493112,0.7226424286737949,0.8294481446241675
4819,21679.17257121162,0.7098001902949572,0.7111386019666608,0.7476189157191955,0.7076297419656021,0.7929352997145576
4912,2183.550353490325,0.7188392007611798,0.715172744582342,0.7406612931405718,0.7159012485854453,0.8972407231208372
4773,615.5462190183894,0.6646051379638439,0.6606366015045785,0.6889949551248842,0.661245305270467,0.9325642245480494
4908,5498.922952118303,0.7288296860133207,0.7275635586214941,0.7546550853043674,0.7261610723348458,0.8633444338725024
4637,2913.4844201376172,0.7078972407231209,0.7060567423679167,0.73448107370109,0.705118432501523,0.8772597526165556
4805,1386.9706735777122,0.6993339676498572,0.6960521472707523,0.723697549350947,0.6963038467777027,0.9065176022835395
4887,126.64089219466881,0.6075166508087536,0.6024959418977754,0.6216256444207539,0.6050071955153588,0.9657469077069457
4996,8930.477917058146,0.7293054234062797,0.7294579588745747,0.7588996398528483,0.7262216627898048,0.8449096098953378
4540,4154.956259692536,0.7155090390104663,0.714621102925677,0.7424927089616822,0.7132096620593239,0.8633444338725024
4713,25061.82818381402,0.7040913415794482,0.7052946340964004,0.7417852674641219,0.7016894510398923,0.7804471931493815
4908,7217.608505223771,0.7297811607992388,0.7286533694570976,0.7572396791679049,0.7265867220259121,0.8512131303520457
4783,13342.326926142021,0.7178877259752616,0.7188859082626207,0.7513404326197588,0.7155775588151713,0.8182683158896289
4996,3635.092707086691,0.7274024738344433,0.7254322910938555,0.7529606948725638,0.7246924229540516,0.8808277830637488
4840,6454.732924959985,0.7259752616555661,0.7245354772782951,0.7522213654384239,0.7228107999804082,0.8564462416745956
4887,1763.0760213669118,0.7102759276879163,0.7068859897589784,0.7328271676592079,0.7074234597820885,0.9018791627021884
3688,15699.070217851708,0.7045670789724072,0.7065429882449068,0.7401108670167851,0.7018289516513618,0.7831826831588963
5000,9185.624837124724,0.7297811607992388,0.7298044709796729,0.7594804355642994,0.7269093645299679,0.8434823977164605
705,2927.941727664773,0.6441484300666033,0.6408193108324454,0.6719935302469802,0.6422240620425614,0.6837535680304472
4731,5190.8570733412525,0.7221693625118935,0.7220482567041742,0.7500520083861022,0.7198875335223,0.860965746907707
5000,4265.795809862584,0.7288296860133207,0.727318229884227,0.7554304434968784,0.7261629438150532,0.8748810656517603
4833,34382.566446956225,0.7002854424357755,0.7010089292414012,0.7410464950852128,0.6978639199777186,0.7630827783063748
4920,1.9845705561865437,0.48810656517602286,0.47798197664704994,0.49134151231685824,0.4848392614573509,0.9758563273073264
4642,9522.21459620653,0.7164605137963844,0.7176002951249332,0.7465245798749571,0.7143783508239858,0.8314700285442436
4999,16.57600051616901,0.5114176974310181,0.5033707631262645,0.5186885801893525,0.5081908055165709,0.978116079923882
4802,2327.6984439509274,0.7069457659372027,0.703437480436595,0.7289757811701822,0.7040533942908904,0.8909372026641293
4915,16025.94503095954,0.7226450999048525,0.7233163123224994,0.7573323527351057,0.7203477532313671,0.8116079923882017
2970,6548.359749691322,0.7040913415794482,0.705754030866591,0.7363883444968184,0.7013298731837566,0.803639391056137
4832,4448.96370012361,0.7235965746907707,0.7217406963719412,0.7493960235745847,0.7203871519684428,0.86976688867745
4751,1076.2987546209813,0.6845861084681256,0.6817231798255455,0.7101234686824156,0.6815901024485725,0.9123453853472883
3172,10238.345576378406,0.7012369172216937,0.7032850713724328,0.7359674366201373,0.6983723496915422,0.791151284490961
4905,2666.7330706247985,0.7226450999048525,0.7197754967660897,0.7472394045686006,0.7195524434753523,0.8876070409134158
4703,20226.324310939628,0.7098001902949572,0.7109030258990555,0.7470787825651425,0.7074253067080676,0.794243577545195
4921,6346.411675606007,0.7278782112274025,0.7260497555223375,0.7534360586154667,0.7249832594668313,0.8565651760228354
4830,3786.0641669550214,0.7193149381541389,0.7166326011939752,0.7443646203543625,0.7160082898852397,0.8746431969552807
1817,13124.735625491187,0.6807802093244529,0.6814282676798269,0.7181996060226419,0.6790770005227921,0.7247859181731684
2564,1745.847150117385,0.6741198858230257,0.6729197827897636,0.7003398038686057,0.67113590118864,0.8321836346336822
4909,0.5610426275699404,0.4857278782112274,0.4748778905440735,0.48753882856801684,0.4829404460121417,0.9749048525214081
4994,6832.627006551478,0.7288296860133207,0.7279063638985159,0.755333455610336,0.7260742235666011,0.8551379638439581
4997,9967.9683350177,0.7278782112274025,0.7279830895394792,0.7576648305672761,0.7248831997961476,0.8397954329210275
4745,3635.819136387321,0.7136060894386299,0.712093443509851,0.7395267031844879,0.7109822153339926,0.8733349191246432
4626,5374.361085449276,0.7202664129400571,0.7198373980199351,0.7473693790950723,0.718031995352153,0.8558515699333967
4837,31917.612761568784,0.7017126546146527,0.7020474585137695,0.7410198525804537,0.6993956032305527,0.7668886774500476
5000,14783.499697798443,0.7235965746907707,0.7237868604773107,0.7569287304532706,0.7212380907691214,0.8179115128449096
4841,2137.1370694232487,0.7102759276879163,0.7064910482943916,0.7333009242069845,0.707041328100154,0.8936726926736441
4900,7914.844382123879,0.7264509990485252,0.7251934658333007,0.7535637842695361,0.7233484984202716,0.8475261655566128
4745,4917.348836714679,0.7188392007611798,0.7186101327830803,0.7472565595455068,0.716568087516508,0.8641769743101808
4499,2688.9223726313003,0.70313986679353,0.7009668292933114,0.7285127259796829,0.7005090643047082,0.8770218839200761
4912,8387.293428917901,0.725499524262607,0.7248783699741628,0.7544779802508808,0.7224670493318788,0.8445528068506185
3374,19265.65332589719,0.6936251189343482,0.6951092293574813,0.7298309942627034,0.6908968560386903,0.7643910561370124
4999,59723.13511905897,0.6841103710751665,0.6842264233369859,0.7296783305485794,0.6815497421431285,0.7245480494766888
4832,1369.1030333460774,0.6988582302568982,0.6950721121858516,0.7234910993822925,0.6954904917500122,0.9086584205518554
4650,3415.154853371694,0.7107516650808754,0.7092602866046799,0.7369041471225868,0.7082645716533136,0.8719077069457659
4757,12607.307960145892,0.7183634633682208,0.7199605576623254,0.7528639878391161,0.7159715710815758,0.8205280685061845
4886,5651.844974172993,0.7302568981921979,0.7287752267544455,0.7557342133522684,0.7274837018353323,0.8632254995242626
4562,6691.66178143762,0.7212178877259753,0.721621825371127,0.7487016645142011,0.7192871113375802,0.844790675547098
4713,22553.13279577478,0.7055185537583254,0.7069386478877983,0.7437933290728032,0.703226176841324,0.7874643196955281
4826,7.582458682985077e-05,0.49096098953377737,0.47968935511060423,0.4897410912460501,0.48693957849638225,0.9741912464319695
4847,11400.36387518695,0.7202664129400571,0.7203938357491405,0.7519926129780068,0.717590197910423,0.828615604186489
4903,5801.425531648769,0.7302568981921979,0.7284243693909174,0.7556963743964248,0.7273013218103327,0.8617982873453853
4702,7633.8594611450735,0.725023786869648,0.7252202193908989,0.7554366371868617,0.7225627213449013,0.8440770694576594
4617,13710.430491760626,0.7145575642245481,0.7160670517906575,0.7472817365413296,0.7122001780817102,0.813510941960038
4770,6511.925520526009,0.7264509990485252,0.726160155715452,0.7551703724387597,0.7238264944201493,0.8527592768791628
4412,19902.20345178848,0.7007611798287345,0.7024951030993939,0.735746904502904,0.6986761571216594,0.7852045670789725
4824,11500.890677748028,0.719790675547098,0.7202649789804534,0.7527463160761548,0.7172129512429484,0.8282588011417698
4902,5316.087691281602,0.7293054234062797,0.7276829967738527,0.7550398116013521,0.726442446799415,0.865128449096099
4747,0.0011954306275709654,0.4838249286393911,0.47530716141551865,0.48770849276971234,0.4805505388787745,0.972882968601332
3799,3147.8239721428163,0.69790675547098,0.6963772540638943,0.7250917333276152,0.6953367298081827,0.8559705042816366
4895,30384.008368283845,0.7045670789724072,0.7050373597134258,0.7430992641184105,0.7021440398761655,0.773430066603235
4685,9677.269585831418,0.7216936251189343,0.7227101228903068,0.7526895880074591,0.7194846036700264,0.8326593720266413
4826,5123.0088845184055,0.7235965746907707,0.7217946251521954,0.7491083581765435,0.7206038406617916,0.8660799238820172
2052,3216.5133063109115,0.6855375832540438,0.6871974740393538,0.7185324792237578,0.6837962514473578,0.7962654614652712
4912,7322.8950980726795,0.7278782112274025,0.7266023732068763,0.7547705890170247,0.7247768385250823,0.8501427212178877
4903,15315.98701743825,0.7226450999048525,0.7229038405523049,0.7566053900733244,0.7201184060643897,0.8129162702188392
4771,2177.0747798921707,0.7026641294005709,0.7005780074394635,0.7275616399855965,0.7000288330898472,0.8911750713606089
4573,0.11523510744253371,0.4871550903901047,0.4802595107684827,0.4943248651979448,0.4843489813653351,0.9639628924833492
4909,9072.472788323417,0.7240723120837298,0.7234690141671347,0.7534807367051664,0.7210487740114147,0.8411037107516651
4999,4865.057968976384,0.7288296860133207,0.7274620914273221,0.7544555257031363,0.7262192331516367,0.8703615604186489
4813,22372.699328244827,0.7093244529019981,0.7106368406613053,0.7474233215620726,0.7072416410987779,0.7907944814462416
4678,9297.291798540464,0.7212178877259753,0.7224451556049614,0.7521098310628089,0.7191773949464784,0.8345623215984777
4906,3282.4507761558866,0.725023786869648,0.7228603722212287,0.7516423317800531,0.7220114602557417,0.8803520456707897
4806,6042.524237993694,0.7264509990485252,0.7258575859970393,0.754403168257682,0.7236684134027651,0.8581113225499524
1655,1792.6031221167495,0.6646051379638439,0.6640753117048817,0.6931181521843689,0.6621426035995417,0.7810418648905804
4911,818.8141989313284,0.6883920076117983,0.6840760505566514,0.7104924382159643,0.6855575322613785,0.9293529971455756
4999,44377.231259602246,0.692197906755471,0.6924235995485188,0.7335689254679042,0.6898738390093346,0.7478591817316841
2825,13787.170227835686,0.6945765937202664,0.6958113774397792,0.729544077875662,0.6925956053339026,0.7673644148430067
4717,4053.7620387977404,0.7174119885823026,0.7160351867004178,0.7436239425477106,0.7148305222995006,0.8694100856327307
4835,9328.24741812938,0.7240723120837298,0.7244580070947754,0.7557958414373516,0.7214218556927451,0.8388439581351094
4890,2300.477319964087,0.7174119885823026,0.7139354946191536,0.7417064448955377,0.7144561094068107,0.8949809705042816
4769,5852.688439203769,0.7235965746907707,0.7230203056013419,0.751654747816816,0.7210027470606539,0.8570409134157945
4626,16431.66601349739,0.7064700285442436,0.7081523755216577,0.7404820462157125,0.7046581974852889,0.8038772597526166
4998,4093.1103360908332,0.7278782112274025,0.725922361597853,0.7536779243772398,0.7251696228430161,0.8769029495718363
4908,7811.80401075534,0.7278782112274025,0.7268822551895717,0.7559537315054946,0.7248151229485214,0.847407231208373
4807,1511.624472952834,0.6993339676498572,0.6956532120016754,0.7235192204148884,0.6961173261525077,0.9043767840152236
4907,2880.9355799539444,0.7245480494766888,0.7221333678914342,0.7499803458353617,0.7217663736460471,0.884871550903901
4757,28654.621914823827,0.7012369172216937,0.7023433562918708,0.7400486890034506,0.6986078938510353,0.7724785918173168
4848,12754.451152756574,0.7212178877259753,0.721163882068573,0.7528054094792487,0.7186017111841696,0.8224310180780209
4916,5719.708882344865,0.7293054234062797,0.7275896357286719,0.7548656644832467,0.7263582275532848,0.8622740247383445
5000,9779.74033336383,0.7283539486203615,0.7282348318408165,0.757654154915153,0.7252447166888494,0.8409847764034253
4678,3715.744115421606,0.7164605137963844,0.7150234567994422,0.7426507713929624,0.7137072420210808,0.8711941008563273
4817,7.05931236653225,0.505708848715509,0.49647553004565975,0.5070629780176727,0.5028256828164148,0.9745480494766888
4914,6777.946601889244,0.7288296860133207,0.7275486630058617,0.7554065960303673,0.725754008719809,0.8539486203615604
4997,2257.9765986575735,0.719790675547098,0.7166501057449299,0.7438082266821253,0.7170619926292201,0.8965271170313986
4752,19122.401790288557,0.7112274024738344,0.7123381796257329,0.7480447902543045,0.7087481291165882,0.7986441484300666
4512,4927.795453074336,0.7155090390104663,0.7145306599307641,0.7421865866126817,0.7130526185531949,0.8575166508087536
4842,10467.37370179592,0.7221693625118935,0.7223659569592016,0.7532486142272707,0.7194489233566465,0.8332540437678402
4905,453198.73163122556,0.521883920076118,0.5114477211362185,0.5986411234361488,0.5210016783205306,0.5377021883920076
4684,1191.9054739111918,0.6883920076117983,0.6856081610081141,0.715209871297971,0.6858100583119815,0.9072312083729781
1250,3190.754901307841,0.6698382492863939,0.6709611760603524,0.7026110622992546,0.6680079174906606,0.739058039961941
4914,6825.344753489512,0.7288296860133207,0.7275486630058617,0.7554065960303673,0.725754008719809,0.8535918173168411
4789,15877.496829844406,0.7145575642245481,0.7157449279258874,0.7504068204926477,0.7126808449150033,0.8092293054234063
4997,4280.101530056947,0.7288296860133207,0.7275414470067524,0.7552232128483993,0.7262524670399355,0.8747621313035204
4999,9289.835001685577,0.7293054234062797,0.7293855503158893,0.7590944245665937,0.7264783300472092,0.8431255946717412
4821,26113.166709424542,0.7078972407231209,0.7089382210467596,0.7462721792817949,0.7056449003263038,0.780209324452902
4598,2199.413357780862,0.7050428163653664,0.703006584046953,0.7304599414986631,0.7019927037248213,0.8874881065651761
367,6289.602811987335,0.60941960038059,0.6014636316895644,0.6511164829878859,0.6086079629234445,0.6164367269267365
4848,11760.036678986042,0.7212178877259753,0.7212441763706411,0.752833926024152,0.7186142189968064,0.827069457659372
4746,4402.226075833754,0.7155090390104663,0.7147943237510604,0.7437419496086854,0.7130165634611652,0.8673882017126546
4910,2915.8104706002055,0.7226450999048525,0.7197945717757668,0.7477916091791839,0.7197744034418582,0.884395813510942
4894,7899.85916205768,0.725499524262607,0.7242522613655404,0.7526439831363454,0.7224224144325625,0.847882968601332
4999,15726.096394152451,0.7221693625118935,0.7223952899511439,0.7563469449474626,0.719790546765257,0.814581351094196
4703,4938.753059655951,0.7231208372978116,0.7225194422728116,0.7515633600560909,0.7206882592021678,0.8634633682207421
4838,1583.1540038225141,0.7040913415794482,0.6999484263923933,0.7270504546222477,0.7007074079339233,0.9024738344433872
4923,10024.478901185828,0.7221693625118935,0.721690607266207,0.7516798893098746,0.719190201159617,0.8370599429115129
4752,90844.11736840522,0.6565176022835395,0.6570527083249172,0.7101164984329686,0.6540731244569364,0.6862511893434824
4624,2876.705194871445,0.7098001902949572,0.7078157953739176,0.736430988803976,0.7069386719967369,0.8776165556612749
4830,43141.36554269074,0.6917221693625119,0.6928702925308808,0.7363751023820478,0.6895525901072388,0.7479781160799239
4906,6603.004583977198,0.7297811607992388,0.7282811981320593,0.7558260237526981,0.7267344008766717,0.8545432921027593
4998,21104.039401414888,0.7155090390104663,0.7160476233464823,0.7525376550544127,0.7131932367321561,0.7999524262607041
4769,5141.189475630093,0.7226450999048525,0.7221368425155188,0.7508400649304129,0.7201253417509446,0.8631065651760228
5000,668.506710101655,0.6779257849666984,0.6718612956496377,0.6969847602040634,0.6747932275752226,0.9379162702188392
4859,12204.296438357991,0.7245480494766888,0.7248075608463032,0.7559258816833517,0.7220782523367436,0.8256422454804948
4680,2917.6411133906963,0.7069457659372027,0.7048837214508905,0.7314867760517041,0.7043500124436143,0.879162702188392
4306,7638.480347383525,0.7155090390104663,0.7160616773714065,0.7443913414820111,0.7130383851789188,0.8343244529019981
4903,4477.003418139203,0.7288296860133207,0.7266974061363223,0.7551259432013041,0.725733428265779,0.8711941008563273
4818,1680.7154752972751,0.7002854424357755,0.6964462570408875,0.7237530144311831,0.6973192978180307,0.9008087535680305
4916,15664.288466909135,0.7221693625118935,0.7226218419984395,0.7567824972601535,0.7197281826536196,0.8124405328258801
4800,8660.316206566413,0.7259752616555661,0.7266316472655001,0.7563127482059702,0.7235969405414394,0.8415794481446242
4908,3709.0508221096575,0.7259752616555661,0.7238006029726909,0.7523113621858768,0.7229009256041212,0.8766650808753568
4710,28637.596493097113,0.7002854424357755,0.7014951061100869,0.7405409841350103,0.6980355802939274,0.7723596574690771
4996,5472.872504090071,0.7302568981921979,0.7292440733060772,0.7561174471527268,0.7277042937001476,0.8665556612749762
5000,1714.6073156116813,0.7155090390104663,0.7115834953491158,0.7389490987482373,0.7122376746504487,0.9055661274976213
4911,2752.3567416513483,0.7235965746907707,0.7207815540504108,0.7480966958263154,0.7207242132314943,0.8866555661274976
4996,4957.912966847139,0.730732635585157,0.7299717629365594,0.7563434405730625,0.7282854627593027,0.86976688867745
4934,4502.426927325048,0.7240723120837298,0.7221741024420721,0.7495750393203744,0.7215348383245187,0.8707183634633682
4998,1082.0478113383654,0.7002854424357755,0.6949631034221062,0.7195944903617592,0.6967766075273029,0.9222169362511894
3584,2240.5025588320404,0.6850618458610847,0.683433089855673,0.7118571498399997,0.6826597648602001,0.8616793529971456
4993,5431.726658544458,0.7302568981921979,0.729286365410109,0.7561138198983396,0.7277091471266667,0.8663177925784966
4999,10645.574558909746,0.7274024738344433,0.727346125008503,0.7585572768869435,0.7246848505315769,0.8353948620361561
4917,4896.7311053415215,0.7278782112274025,0.725994114893098,0.7535579759430453,0.7249727355688865,0.8679828734538535
4996,6876.5643715546275,0.7302568981921979,0.7291961234976906,0.7559115019366314,0.7275393092340302,0.8547811607992388
4996,3276.157960421249,0.725499524262607,0.7232892952291301,0.7509034844078117,0.7228676153837237,0.8832064700285442
4844,12512.455050585279,0.7207421503330161,0.7206733992547146,0.7521588125647921,0.7181013171731374,0.8232635585156993
4999,6758.437537799287,0.731208372978116,0.7303255585923083,0.7569896903300386,0.7285976991261756,0.8571598477640342
4841,0.014632022838714964,0.48858230256898194,0.4791295785676134,0.4906685626887531,0.48534455064447285,0.9737155090390105
4836,19516.190301489696,0.7121788772597526,0.7130080949277708,0.7484317533796702,0.7098785618749279,0.7995956232159848
4998,0.00031768313603286084,0.47335870599429114,0.46376330073937433,0.47591493901268855,0.4706856661908092,0.9776403425309229
4905,9922.13856105283,0.7216936251189343,0.7213800016277652,0.7515678971186219,0.7187593247386417,0.8372978116079924
4777,7400.708901167482,0.7283539486203615,0.7281436181191081,0.7577576735664001,0.7255643826339349,0.8464557564224549
4908,13339.937556595525,0.7259752616555661,0.7261936182184303,0.7582519132637915,0.7234682697579385,0.821360608943863
4827,3496.6357649232523,0.7188392007611798,0.7160062167493848,0.7444673158959711,0.7157117129649787,0.8764272121788773
5000,227.58185007228855,0.6298763082778306,0.6251774032930719,0.6459371596161934,0.6276384388795162,0.9617031398667936
4742,22025.874039814087,0.7078972407231209,0.7092391170970082,0.7464279000139318,0.7054342010797958,0.7903187440532826
4907,6825.698396900531,0.7297811607992388,0.7283476058916201,0.7558917980021772,0.7267071677612034,0.8537107516650809
4999,2784.6795354324872,0.7212178877259753,0.7185821525295328,0.7460813752318277,0.7186924929577805,0.8889153187440533
4833,10681.90971504467,0.7212178877259753,0.7219284636960015,0.7536093321708713,0.7185949352471418,0.8318268315889629
4753,4668.9482147778435,0.7193149381541389,0.7188843342110105,0.7470520628270976,0.716958183637656,0.8667935299714558
4898,1983.3330645032756,0.7136060894386299,0.7100716514178277,0.7365825815008751,0.710676906184333,0.9000951474785919
4909,15635.221181774505,0.7231208372978116,0.7237931527189472,0.7579222824629871,0.7206487640734638,0.8123215984776403
4829,7321.423096778581,0.7278782112274025,0.7268705412816194,0.7552743387176334,0.7247564084564313,0.850023786869648
4669,32987.81637987296,0.6945765937202664,0.6960576496291215,0.7361461699996343,0.6924190144133856,0.7615366317792579
4997,1069.837502076394,0.6998097050428164,0.6948093088625867,0.7193862716131182,0.6964204342958504,0.9228116079923881
4559,4061.4680392513615,0.7164605137963844,0.7154731409269345,0.7424374625670426,0.7141540039671546,0.865128449096099
4999,7321.252914844013,0.7288296860133207,0.7279840450356714,0.7556052626456722,0.7260192662561016,0.8521646051379639
4836,2205.7900797454704,0.7102759276879163,0.7065154884553664,0.7334794613700534,0.7071290672662274,0.8931969552806851
4759,13413.022831578237,0.7178877259752616,0.719251828260936,0.7514624749789725,0.7156065452172873,0.8170789724072313
4893,6403.088068304327,0.7302568981921979,0.7286532709038356,0.755982874570656,0.7273679079952693,0.8570409134157945
4918,3856.8624357308604,0.7259752616555661,0.7238625925191717,0.7532441430848651,0.7229804984360225,0.8759514747859182
4643,0.0029905888165212033,0.4938154138915319,0.48801092968148474,0.5027412910786849,0.49151536873525553,0.9659847764034253
4764,10095.476795347318,0.7202664129400571,0.7214354741248452,0.753307243819652,0.7177896387894274,0.8320647002854424
4909,19947.025203468744,0.7126546146527117,0.7130628772204739,0.7477429213337927,0.710282885093942,0.8009039010466222
4834,4788.005334611431,0.725499524262607,0.7237279673037739,0.7505415445769216,0.7225319591111826,0.8682207421503331
4905,247506.07048508254,0.5851569933396765,0.5793930853145952,0.6485718420036817,0.5847524333986444,0.6024024738344433
4723,2912.5523917624305,0.7112274024738344,0.709873743643495,0.7382372058312933,0.7085279078216196,0.8805899143672693
4907,487.3659324862,0.6636536631779257,0.6592526831142657,0.6848075842846867,0.6608551523948768,0.9436251189343482
4994,8806.661022519713,0.7283539486203615,0.7282503868139016,0.757412509477605,0.7252315637799037,0.8457421503330161
4820,1555.7854964063522,0.7017126546146527,0.6974889563237087,0.7252794757146696,0.6983014511271899,0.9029495718363464
4995,4915.1379268835735,0.730732635585157,0.729708248917414,0.7562443780740075,0.728164011054216,0.86976688867745
4999,2732.1957803367336,0.7212178877259753,0.7185716465252276,0.7455935526085367,0.7186924929577805,0.8893910561370124
4771,16071.400813662684,0.7150333016175071,0.7165162554561302,0.7504626958392536,0.7128499894565403,0.8080399619410086
4619,4734.067003340332,0.7193149381541389,0.7191453446693336,0.7464830012982825,0.7174993304924455,0.8610846812559467
4842,50271.26084569649,0.686489058039962,0.6869823813427149,0.7303135677204907,0.6842709420308302,0.7352521408182683
4437,11153.547372147956,0.7159847764034253,0.7174699813842523,0.7478223822193936,0.7135972712023353,0.8170789724072313
4911,1355.7711998257016,0.7045670789724072,0.7007525134358809,0.7263316810577818,0.7016546611926504,0.9112749762131304
5000,6913.178309424617,0.731208372978116,0.7303916654334268,0.7571731442103171,0.7285636173298644,0.8544243577545195
4922,30865.14831248273,0.7040913415794482,0.7046469730755925,0.7429389146990754,0.7017026702675146,0.7721217887725975
4998,9714.255398030853,0.7288296860133207,0.7290049117035904,0.7584170743473418,0.7258037812159918,0.8412226450999049
4839,3320.221342156951,0.7178877259752616,0.7151727656024252,0.7442345794451377,0.7145713427119146,0.878686964795433
4996,17376.355323866366,0.7212178877259753,0.7216425040917719,0.7565028116565411,0.7188123411137616,0.8098239771646052
4742,8068.64889524916,0.7283539486203615,0.7292328250011578,0.7593992518403491,0.7259532476085204,0.8424119885823026
5000,2334.1595364639697,0.7188392007611798,0.7153299396557905,0.7422767126523514,0.7159823703944368,0.89581351094196
5000,5371.493956668339,0.731208372978116,0.7302023440282711,0.7568251853629504,0.728808174627883,0.8678639391056137
4996,4124.348622379291,0.7293054234062797,0.7275738788380862,0.7555577649717973,0.7266139839326373,0.8761893434823977
4909,12486.221108991715,0.725499524262607,0.7257835975288368,0.7577575568349213,0.7229822317924398,0.8242150333016175
4909,8238.66499310033,0.7264509990485252,0.7260134863448339,0.7559981166943042,0.7233869354381366,0.8449096098953378
4999,837.077955813875,0.6883920076117983,0.683008022002541,0.7069369529280011,0.6853539316869298,0.9311370123691722
4816,21646.58217934313,0.7102759276879163,0.7116097479243276,0.7481966276345325,0.7080927049285651,0.7929352997145576
4897,2236.127552804962,0.7164605137963844,0.712554254729677,0.739011689602352,0.7133537018816751,0.8955756422454805
4997,5832.07875516131,0.7297811607992388,0.7284836656831368,0.755575176991878,0.7270734518457113,0.8638201712654615
3997,3384.1481580922946,0.7050428163653664,0.7034386257200472,0.7322429536271017,0.7023531190679295,0.8603710751665081
4828,11758.759401317124,0.7193149381541389,0.7194373059586138,0.7510863950681412,0.7166838199416867,0.8268315889628924
2304,5483.859505272738,0.7026641294005709,0.7053259960835991,0.7370864986489937,0.7009256538933685,0.788058991436727
4906,9063.534164568933,0.7235965746907707,0.7230001033591584,0.7524855654601494,0.720493218455859,0.8413415794481446
4766,1864.1756574432832,0.6998097050428164,0.6976722422585493,0.7239762191611243,0.6975615640450141,0.8960513796384396
5000,949927.1963929487,0.4138915318744053,0.4078186092984725,0.5478167847054716,0.4164723215722881,0.4352997145575642
4839,3372.283299669892,0.7178877259752616,0.7152052514366158,0.7442016287175285,0.7146054245082257,0.8778544243577545
5000,30001.792327902225,0.7040913415794482,0.7045262197265162,0.7423504119744495,0.7020057647113058,0.7752140818268316
4692,15703.973433923396,0.7107516650808754,0.7123936568114775,0.7458464319663607,0.7085735960812989,0.8091103710751665
4911,134681.47460493303,0.6303520456707897,0.6292804832374582,0.6862037589089631,0.6284676137208924,0.6597288296860133
4831,0.03741996663385224,0.49143672692673646,0.48047132762266453,0.49177853774042585,0.48778635894904865,0.9741912464319695
4893,6653.776836019107,0.730732635585157,0.7294297525045291,0.7567929548587772,0.7277927907688171,0.8547811607992388
933,8456.45163510163,0.6493815413891532,0.6463348744626776,0.6881489538366972,0.6491981553612989,0.6824452901998097
4689,14839.972107818307,0.7140818268315889,0.7156338141308968,0.7485136005333936,0.7117844383378233,0.8125594671741199
4762,4054.9799196124304,0.7155090390104663,0.7140967190722949,0.7427717545459578,0.7128926087542871,0.8694100856327307
4586,6974.087241848917,0.7221693625118935,0.7226606505965056,0.7499894626038887,0.7201558958356858,0.8437202664129401
4816,23591.184242065832,0.708848715509039,0.7101170218543166,0.7465469709852568,0.7067172359344133,0.7868696479543292
4898,57493.20816452085,0.6817316841103711,0.6817824778575542,0.7265763130906837,0.6791165596227728,0.7256184586108468
4708,10587.467626532502,0.7216936251189343,0.722871950119443,0.7542819325085944,0.7192530204125702,0.8284966698382493
4844,4000.0636102454328,0.7212178877259753,0.7184738256511138,0.7462888726078919,0.7179878512099065,0.8727402473834444
4904,1584.7700756215331,0.7055185537583254,0.7013985398190055,0.727295385191231,0.7024314975414507,0.9060418648905804
4766,67.57167954273488,0.566127497621313,0.5587713599614216,0.5764959036293674,0.5626376848707954,0.9665794481446242
4915,5693.094440240909,0.7297811607992388,0.7280027117753326,0.7551231408756162,0.7268211905162478,0.8626308277830638
4807,2987.324797598168,0.7126546146527117,0.7099895512500646,0.7378060868579098,0.7097106541783754,0.8815413891531875
4999,7045.240361547884,0.730732635585157,0.7298201426128422,0.7565013525907848,0.728073421251433,0.8537107516650809
4660,15261.62173534824,0.7126546146527117,0.714203499972253,0.7470609935192468,0.7105093467679033,0.8094671741198858
4906,11064.92872859507,0.7235965746907707,0.7232541341160098,0.7541063244942452,0.7208305499186414,0.830756422454805
4999,25000.139002417694,0.7098001902949572,0.7103461837746436,0.7475220636070807,0.7075519179232658,0.7881779257849667
4824,7930.991499667042,0.7259752616555661,0.7250798390741405,0.7541439042016727,0.7229161688111116,0.8450285442435775
4731,2453.3741063587363,0.7093244529019981,0.7076072366525682,0.7352602052617465,0.7067144191980754,0.8852283539486203
4894,4847.7416136798265,0.7274024738344433,0.7254628821580528,0.7532762909561836,0.7244578384908936,0.8688154138915318
4913,8181.952772137191,0.7264509990485252,0.7259083989711268,0.7552038590100116,0.723414168553605,0.844790675547098
4531,3670.7974837954316,0.7126546146527117,0.711399524981996,0.7389930609725214,0.7102172723501223,0.8676260704091342
4801,15317.80426753634,0.7131303520456708,0.7141906017818205,0.7478290512648067,0.7111967614986159,0.811489058039962
4916,6337.119845261029,0.7288296860133207,0.7272076243436211,0.7543501304948906,0.7259733584767323,0.8570409134157945
4682,1185.450642707201,0.6860133206470028,0.6826080946661925,0.7125307971236488,0.6833076919886475,0.9073501427212178
4839,35391.51757471273,0.7002854424357755,0.7010721129934441,0.7411034084476866,0.6980226501364487,0.7610608943862988
4913,11.94737400371643,0.5085632730732635,0.49868919739890083,0.5135509436721838,0.5050251960948049,0.9745480494766888
4757,11994.541127643732,0.719790675547098,0.7214550980186446,0.7536078068746863,0.7174694386045788,0.8224310180780209
5000,2698.6872088422956,0.719790675547098,0.7172112904127168,0.7445015447644907,0.7172442844114356,0.8896289248334919
4828,5151.011511788087,0.7259752616555661,0.7244908228085857,0.7513699054786281,0.7230318620426522,0.865604186489058
4913,20453.022323894056,0.7121788772597526,0.7126098586554281,0.7477061641943352,0.7099178592296534,0.7997145575642245
2741,8831.559126296235,0.6993339676498572,0.7012349626068607,0.7313912699898039,0.6971008698308598,0.7861560418648906
4637,1858.5449566175785,0.7007611798287345,0.6989995523528644,0.7272384238860147,0.6981920108664287,0.8934348239771646
4912,3683.1729492824275,0.7240723120837298,0.721964356724462,0.7505195173234884,0.7210790956111542,0.8770218839200761
4996,6413.079111228868,0.7316841103710752,0.7306602787085483,0.7574258347339606,0.7290661646570036,0.8589438629876308
4805,12617.198818258028,0.7178877259752616,0.7186177353025932,0.7506498363117303,0.7155417815930554,0.8217174119885823
4999,7686.574505653244,0.7274024738344433,0.7265621163069537,0.7548569058136876,0.7244613935901916,0.8509752616555661
4742,19580.940988778235,0.7121788772597526,0.7134087738160663,0.7491536950987944,0.7097061415845016,0.7973358705994291
4839,7112.851163371165,0.7278782112274025,0.7271841935149074,0.7555853465222182,0.7248125006843937,0.851569933396765
5000,12996.317315415185,0.7235965746907707,0.7239271192864801,0.7558708133044478,0.7211839832827058,0.8243339676498572
4893,4608.6848714408825,0.7293054234062797,0.7273823375134225,0.7551908823634992,0.7262028997664025,0.8702426260704091
4739,9006.070373140183,0.725023786869648,0.7260968128679834,0.7568800645541688,0.7225617029636198,0.836941008563273
4840,34597.62574239603,0.7002854424357755,0.7010046433103949,0.7408909274894684,0.6978639199777186,0.7623691722169362
4901,5858.963542090781,0.731208372978116,0.7293471899508508,0.7564103499531429,0.7281931967121086,0.8619172216936252
4595,2350.8585945625,0.7074215033301617,0.7051484562363,0.7325632086191531,0.7044691565613147,0.8847526165556613
2654,3657.1703958797953,0.6907706945765937,0.6903979334450195,0.7199787238448067,0.6881925095799357,0.8160085632730733
4742,5572.9270140145845,0.7231208372978116,0.7229704167599837,0.751996857275468,0.7206583016949246,0.8597764034253093
4150,1299.5723027495258,0.6779257849666984,0.6758104763534635,0.7055750381137311,0.6754472981556624,0.8935537583254044
4641,2527.0030793776486,0.7069457659372027,0.7046556670120442,0.733338199988234,0.7040628214200719,0.8826117982873454
4831,5072.5038088518495,0.7259752616555661,0.7245216153378117,0.7513824223340653,0.7229665025655281,0.8661988582302569
548,2.8673320587049815e-05,0.6027592768791628,0.6003986124793357,0.6311484286552389,0.5999411747941328,0.6745956232159848
4505,6754.268119303551,0.7174119885823026,0.7176177676222428,0.7440554705766735,0.7154942919739391,0.8432445290199809
4690,3161.9904501856477,0.7140818268315889,0.7124340896130044,0.7397751286375482,0.7113126037090193,0.8766650808753568
3317,1.0828073013671735,0.5375832540437678,0.5307653738490414,0.5530496077810516,0.5329244442882832,0.9147240723120837
4910,10900.210928060671,0.7221693625118935,0.7219062037401726,0.7526883289004256,0.719353763801896,0.8315889628924833
4779,1873.445606843148,0.6998097050428164,0.6973254169439123,0.7238379392771186,0.6973447018898027,0.8967649857278782
4914,4414.750540468108,0.7288296860133207,0.7273309166246619,0.7557796713982372,0.7259171700802798,0.8710751665080876
4911,795.7127516020406,0.6883920076117983,0.683839674888363,0.7103849310456233,0.6854680090364962,0.9305423406279734
4814,16121.264990301876,0.7126546146527117,0.7135827217384453,0.7479504131682664,0.7105183506543727,0.8095861084681256
4712,6931.39213741055,0.725023786869648,0.72530606392356,0.7549257199954928,0.722870844594201,0.8476450999048525
4912,3402.168811855581,0.7240723120837298,0.7219100952632486,0.7505866919549532,0.7209545745383573,0.8795195052331113
4837,9303.945543900354,0.7235965746907707,0.7240756917499434,0.7556868134719503,0.7207737075445969,0.8392007611798288
4905,5552.556285599311,0.730732635585157,0.729520523692438,0.7566211453698568,0.7281274053886768,0.8629876308277831
18,19545.711810232067,0.32112274024738346,0.24441651502064782,0.25168677079705,0.3271805164009433,0.3299238820171265
4578,6156.275307725745,0.7231208372978116,0.7229652734906792,0.7501436903350817,0.7208593044441095,0.8493101807802094
4730,10293.86296451508,0.7216936251189343,0.7229582280355381,0.7554117490528774,0.7192059188555676,0.8294481446241675
4664,2326.6403144620003,0.7040913415794482,0.7016738376935467,0.7292391043428681,0.7014643797312753,0.8858230256898192
4785,4111.461652232042,0.7178877259752616,0.7162592694587697,0.7445560656932566,0.7149660772547549,0.8703615604186489
4840,14225.79873122535,0.719790675547098,0.7203283632266578,0.7531785507562215,0.717563186291635,0.8162464319695528
5000,1.1483223484533336e-05,0.4714557564224548,0.46138061523601925,0.47299787920899555,0.4685829815469762,0.9777592768791628
1549,6686.791560350264,0.681255946717412,0.6816793548203514,0.7151790084894796,0.6795527115499413,0.7366793529971456
4910,3362.852133360427,0.7240723120837298,0.7216575134685874,0.7507710630944733,0.7208977869968083,0.8797573739295909
4755,22093.454064452766,0.7098001902949572,0.7115976755990685,0.7485005451143826,0.7075323418330978,0.790080875356803
4831,10337.341107854481,0.7212178877259753,0.7214711045452837,0.752043156827603,0.7185316983139632,0.8333729781160799
5000,1594.9085417982915,0.708848715509039,0.7044658163878552,0.7317821577695549,0.7056909711268534,0.9074690770694577
4638,5752.231387379901,0.7221693625118935,0.7221665418079102,0.7509444609618335,0.7199073909245328,0.8533539486203615
4907,7769.733764860216,0.7269267364414843,0.7256771050898831,0.754492559756273,0.7238250239386204,0.8476450999048525
4768,2511.1636913210655,0.7050428163653664,0.7029192747935544,0.7297045469528867,0.702407180092915,0.8855851569933397
4915,14166.339236132239,0.7245480494766888,0.7249175500533915,0.7582347144731181,0.7220400778867756,0.81767364414843
4849,4203.40258423425,0.7216936251189343,0.7194670708238232,0.7470268696080591,0.7187284450894118,0.8716698382492863
4701,36747.87933260043,0.692197906755471,0.6930081904513516,0.7344033508832044,0.6899953106432032,0.7549952426260704
4829,8437.033274701525,0.725499524262607,0.7250809718502357,0.7543037939350979,0.7226319570428388,0.8432445290199809
4930,31.264268059670357,0.532825880114177,0.5248813364736102,0.5398895217755076,0.5303240510008779,0.9744291151284491
4997,4718.505989741024,0.7283539486203615,0.7269495833249641,0.7541559644572295,0.7257097731832881,0.8714319695528069
4769,12952.894554816443,0.7174119885823026,0.7189772672562798,0.7509001541569637,0.7151741662795963,0.8189819219790676
4908,2716.2129660459264,0.7245480494766888,0.7217441260602449,0.7499190614888243,0.7216741503107525,0.8870123691722169
4843,136.49028307619085,0.6070409134157945,0.6033635609482515,0.6232759839855111,0.6049387416315535,0.9636060894386299
1271,4993.301427674208,0.6717411988582302,0.672638694502079,0.7049942513046009,0.6704422750119354,0.7284728829686014
4677,1458.1741528954506,0.6936251189343482,0.6915172072284367,0.7192840848403443,0.691395655191011,0.90104662226451
4999,23588.39078394178,0.7107516650808754,0.7115207035229837,0.7485417051971391,0.7085009591663909,0.7916270218839201
4505,0.0006011599449528203,0.4971455756422455,0.4884580306335802,0.5019391290990048,0.4939221181254701,0.9600380589914367
4907,8408.403082350138,0.7245480494766888,0.7239421077795264,0.7536303227676593,0.7214415240707343,0.8440770694576594
4770,65862.47967052033,0.6750713606089439,0.6756289486802962,0.7226824843389823,0.6727882214043259,0.7101569933396765
4903,3396.433179433314,0.7245480494766888,0.7221704342571683,0.7511070538379536,0.7213368968682222,0.8803520456707897
4998,6688.4844641423,0.730732635585157,0.7296462906184814,0.7561814672179945,0.7281026496212251,0.8575166508087536
4793,1702.1190620430953,0.6960038058991437,0.69273861056385,0.7198851348734486,0.6932136272658973,0.9002140818268316
4895,5508.10259074946,0.7288296860133207,0.7271287726306405,0.7539870773777156,0.726015487654162,0.8639391056137012
4999,891.9612642550528,0.6898192197906755,0.6841853503336534,0.7086515307366504,0.6867284881770435,0.9293529971455756
4649,2714.9633711554056,0.7083729781160799,0.7061155512545164,0.7333791335364973,0.7057646586282723,0.8803520456707897
4835,6613.301512603844,0.7264509990485252,0.725315202644417,0.7531945765916699,0.7233362111145683,0.8550190294957184
4913,4484.5037039235,0.7288296860133207,0.7269736340998905,0.7545201342130777,0.7259137900563604,0.8705994291151284
4749,11570.461267367065,0.7178877259752616,0.7191957915066319,0.7514426734070778,0.7154640485056529,0.8254043767840152
4844,2198.785022531647,0.7112274024738344,0.7073979441548642,0.7342392600892712,0.7082020883597877,0.8931969552806851
4919,7305.721138429042,0.7278782112274025,0.7267086674152015,0.7551740843847569,0.724739407477013,0.8508563273073264
4691,3607.6912407637838,0.7131303520456708,0.7118213436859617,0.7400082711072257,0.7104628859922096,0.8729781160799239
4392,385.1146770922219,0.6403425309229306,0.6353207636522786,0.6614824556167631,0.6368484354206851,0.9310180780209324
4998,16815.275686364028,0.7202664129400571,0.720743324556701,0.7551772910998434,0.7180162571199561,0.8116079923882017
4589,6212.394195841093,0.7226450999048525,0.7225958933345015,0.7494728895248182,0.7205199157301789,0.8485965746907707
2914,3.31859477115423,0.5451950523311132,0.5401729176639444,0.5648047829656319,0.541103943832848,0.8910561370123692
4839,0.29402211746978196,0.4871550903901047,0.4777695103566824,0.48980572999396516,0.4841327455938977,0.9743101807802094
4915,9861.421700252571,0.7235965746907707,0.7231131329434101,0.7528067683844641,0.7206138920719324,0.8375356803044719
4772,3498.456598927143,0.7159847764034253,0.7142452636470489,0.743207595698645,0.7132900596456999,0.8745242626070409
4995,0.12041015402722838,0.4705042816365366,0.46079925667096333,0.47238504057369557,0.4679604627707616,0.9776403425309229
4841,5153.386807313824,0.7235965746907707,0.7218618360766893,0.7488106690189245,0.7204949220741457,0.8658420551855376
4734,2096.581075554629,0.7040913415794482,0.7025784341077457,0.7304691519099932,0.701280516639452,0.8908182683158896
4887,10968.312982428222,0.7226450999048525,0.722464030591605,0.7532601084782132,0.7196514253922344,0.830756422454805
4997,1149.3824445575692,0.7021883920076119,0.6968517705445685,0.7227622070560618,0.6986529191512861,0.9209086584205518
4912,20930.101805544422,0.7117031398667936,0.7121538910310925,0.7475965254037391,0.7092881061204397,0.7988820171265462
1964,7022.079292036834,0.6902949571836346,0.6919789002058492,0.7244971523176351,0.689210735582021,0.764034253092293
4795,3393.063742078413,0.7140818268315889,0.7120753416074292,0.7403121038595839,0.7111004604040557,0.8761893434823977
4912,13812.153283861719,0.7240723120837298,0.724320750360788,0.7570855870676523,0.7215769568620294,0.8192197906755471
4669,6124.2009246667985,0.725499524262607,0.7252606174574445,0.7531513236856157,0.7231141097552392,0.8526403425309229
4831,2287.582004807844,0.7107516650808754,0.7074266906639721,0.7339689011518221,0.7077783503318387,0.8923644148430067
4917,9257.910330474599,0.7231208372978116,0.7225850953762866,0.7524233646169286,0.720160279133558,0.8402711703139867
4747,4107.255103872338,0.7150333016175071,0.7137320843265792,0.7424914393117812,0.7124304238803375,0.8689343482397717
4575,15609.586764434796,0.7093244529019981,0.7110237775302528,0.7425713828401275,0.70738450429303,0.8051855375832541
3613,5083.510088226266,0.7007611798287345,0.7006985698464571,0.7289667635854942,0.6981172696984129,0.8337297811607992
4834,9958.569339851316,0.7231208372978116,0.723352022523504,0.7542319787576085,0.7204236966953234,0.8351569933396765
4994,27247.41468136519,0.7064700285442436,0.7063990078387881,0.7432479374794637,0.7041868519342163,0.7817554709800191
4911,3281.0692010220364,0.7235965746907707,0.7214300915883097,0.7501685968338077,0.7206224133050697,0.8804709800190295
4743,6373.814241369804,0.7264509990485252,0.7263198799240956,0.7555477246378454,0.723796601508932,0.853116079923882
4913,1828.414706663491,0.7131303520456708,0.7093961710275263,0.734466412167284,0.7101279087526041,0.9024738344433872
3449,8047.632695998925,0.70313986679353,0.7047695718764142,0.7330728222697382,0.7007749523628009,0.8107754519505234
4998,4039.4588334863083,0.7278782112274025,0.7259367476674383,0.7536238973842626,0.7251696228430161,0.8772597526165556
4999,14528.205172952454,0.7235965746907707,0.7238528435326883,0.7570104541692456,0.7211080671284595,0.8185061845861085
4790,2594.726718911755,0.7083729781160799,0.7056324117402116,0.7315726095288779,0.7057795459067855,0.885941960038059
4854,5569.0578233524175,0.7235965746907707,0.7221707848802763,0.7489629004564995,0.7208453404883641,0.8633444338725024
4700,8929.021259316432,0.7240723120837298,0.7250793735039563,0.7549487733676845,0.7218671769296181,0.8372978116079924
4821,18915.265354483374,0.7126546146527117,0.7134888215363058,0.7486443336651903,0.710387015873481,0.8014985727878211
4904,1274.562409766588,0.6998097050428164,0.6955565826868593,0.7219322039244156,0.6967427104990438,0.9136536631779257
4625,3666.3501370466106,0.7150333016175071,0.7135567810314745,0.7417193236725059,0.7127962641842688,0.8704804947668887
4919,11151.769683165987,0.7235965746907707,0.7230768768679596,0.7535928261666124,0.7208033168031731,0.8315889628924833
4999,42945.749421404966,0.6931493815413892,0.6933947859037051,0.7347645842101795,0.6908549264797839,0.7501189343482397
4834,5490.014667723375,0.7269267364414843,0.7256165603768826,0.7524678017050335,0.7240099037921495,0.8633444338725024
3093,2137.8743131830456,0.6784015223596574,0.677685729080544,0.7053449217896915,0.6756295200035913,0.8460989533777354
4998,8244.383039044043,0.7293054234062797,0.7289689701336517,0.7579713969535506,0.7262217805369244,0.8477640342530923
4758,3517.3515943004822,0.7145575642245481,0.7131187736491091,0.741617966152748,0.7119082993217017,0.8746431969552807
4843,12624.050341903116,0.7202664129400571,0.7202360726160597,0.7521657132904267,0.7177453028483006,0.82290675547098
4909,25309.67860966567,0.7069457659372027,0.7077310955537385,0.7447352250962365,0.7047292691371281,0.784847764034253
4684,5994.887376223234,0.7235965746907707,0.7234453346021293,0.7512106576273749,0.7212336495608256,0.8543054234062797
4909,3072.264537294091,0.725023786869648,0.7228216038236477,0.7516114359204743,0.7222646451131338,0.8826117982873454
4772,6780.855801815839,0.7293054234062797,0.7293972313512792,0.758052815756391,0.7266744055274031,0.8508563273073264
4913,1396.3225734376417,0.703615604186489,0.6999569191870372,0.7261009696907736,0.7007748671980366,0.9102045670789725
3859,15406.45249537186,0.7064700285442436,0.7084355142408143,0.7423082855420352,0.7035513706710795,0.7909134157944815
5000,5143.4449747435465,0.730732635585157,0.729820466556389,0.7561010072238206,0.7284400557491258,0.8684586108468125
4996,2226.4490014624403,0.719790675547098,0.7167314090917949,0.7437196269483372,0.7170349175755348,0.8974785918173168
4915,947.9935969248534,0.692197906755471,0.6882715328690823,0.7144719525838888,0.6895147996396368,0.9242388201712655
4907,0.00016236683273856918,0.4785918173168411,0.46689401172066347,0.4779734271092102,0.4754251484855866,0.9753805899143673
4835,4137.1143817929815,0.7212178877259753,0.718718007118083,0.7465576560152234,0.7180209827511651,0.8717887725975262
4914,2954.1532645229304,0.7221693625118935,0.7198258708007855,0.7485554292026044,0.7192732022276968,0.8841579448144624
4998,548.6961791004683,0.6693625118934349,0.6635524387940903,0.687406552709869,0.666642633920848,0.943744053282588
4994,5252.5977931416,0.730732635585157,0.7295880577617598,0.7562256930389823,0.7281981164972856,0.8670313986679353
2409,1868.1092120002133,0.6745956232159848,0.6744477166763906,0.7021648714703105,0.6717021798343664,0.8248097050428164
4822,9270.938547977945,0.7245480494766888,0.7247360575201439,0.754775824654712,0.7219422553386028,0.838011417697431
4999,4375.29050679833,0.7297811607992388,0.7283597634152847,0.7554278319574481,0.7272056260813298,0.8740485252140818
4830,8104.585051373218,0.725499524262607,0.7249763785679855,0.7535772125986742,0.7225012380885903,0.8449096098953378
4728,2766.55522228523,0.7121788772597526,0.7107055817246475,0.7391012737507575,0.7095623058453577,0.8815413891531875
4922,5276.657200668155,0.7274024738344433,0.7256425663298112,0.7527417328776811,0.7245974128562447,0.865604186489058
4994,12556.58253735115,0.7245480494766888,0.7247144452698315,0.7561167224872892,0.7219432617230297,0.8258801141769743
4997,1504.8403336411711,0.7093244529019981,0.7048434302985145,0.730568295160294,0.7062673104062479,0.9099666983824929
4825,3854.887451023993,0.7202664129400571,0.7176250420799086,0.7460626814001456,0.7170714042562367,0.8739295908658421
125,7418.619885367294,0.533301617507136,0.5107269870719335,0.5664928919949044,0.5310090200232325,0.5374643196955281
4998,23967.976466476775,0.7107516650808754,0.7114620041754747,0.7481157349218013,0.7085398636170599,0.7909134157944815
2147,10584.81961360354,0.692197906755471,0.6942600346520366,0.7264813220015668,0.690554859417536,0.7563035204567079
4843,2521.9400306601806,0.7159847764034253,0.7124312634546922,0.7398382083934173,0.7126800947731983,0.8891531874405328
4734,0.004929336017996921,0.48287345385347286,0.4751931168323293,0.4887106636002233,0.47960289991692767,0.971336822074215
4902,4317.977263227482,0.7274024738344433,0.725346424669584,0.7537795667834003,0.7245163988733415,0.8721455756422455
4595,6670.418594168,0.7221693625118935,0.72244300302106,0.7500546732861075,0.7200384441817487,0.8459800190294957
4832,13537.242159928304,0.7193149381541389,0.7195186870305187,0.7521101550546397,0.7170166067752035,0.818744053282588
4908,5399.755442255859,0.7288296860133207,0.7275635586214941,0.7546550853043674,0.7261610723348458,0.8646527117031398
4745,2400.3249142345335,0.7074215033301617,0.7058559697372349,0.7326893522276977,0.7047806708911973,0.8878449096098954
4851,7934.516998335203,0.725023786869648,0.7240347493670344,0.7529200780337004,0.7218401410260747,0.8470504281636536
4903,20090.62805028616,0.7140818268315889,0.7146876169186452,0.7504802625033052,0.7115943544670364,0.8005470980019029
4474,3716.1998575165503,0.7107516650808754,0.7095521165991255,0.7383961799947039,0.7081508851210285,0.8667935299714558
4728,1436.5961091971049,0.6941008563273073,0.6911851196654288,0.7184810845789674,0.6913256978924909,0.9015223596574691
4899,8804.7873915937,0.725023786869648,0.7247028884370381,0.7540506933467988,0.7220548033186354,0.8425309229305423
5000,0.6393948092925792,0.47335870599429114,0.46449336488439574,0.47756657696004756,0.47054788024504524,0.9777592768791628
4999,5346.779059858125,0.7302568981921979,0.7291274310211324,0.7558453518998529,0.7277151478994972,0.8683396764985728
4642,13389.129664880762,0.7140818268315889,0.7154832363149362,0.7466028528589916,0.7118296496495568,0.8148192197906755
4999,3509.5780392302404,0.725023786869648,0.722683638454133,0.7499668779554783,0.7221826025534251,0.8818981921979068
4780,749.917375540543,0.6745956232159848,0.670418074258966,0.6987509721604446,0.6715586395022356,0.9272121788772597
4836,2243.4988206982202,0.7098001902949572,0.7062747961126659,0.7330591363071816,0.70670116129721,0.8926022835394862
4888,8050.846314863321,0.725499524262607,0.724527324123991,0.75344254732026,0.7224321212856009,0.8466936251189343
4685,31666.961151081116,0.6955280685061845,0.6969880035886561,0.7368738875609683,0.6933005333207773,0.7632017126546147
4901,5046.330828279254,0.7293054234062797,0.7276582517205006,0.7553918137798117,0.7264192192024533,0.8676260704091342
4768,14360.51363706048,0.7174119885823026,0.7188907583765027,0.7512723297380163,0.7151339369746612,0.8133920076117983
4915,3181.615463040539,0.725023786869648,0.7226904741616569,0.7513407667307769,0.7222556699177869,0.8816603235014272
4827,9606.843274785822,0.7240723120837298,0.7244370813660318,0.7554922359667253,0.7214544333142954,0.8368220742150333
4996,5645.821889789388,0.7297811607992388,0.7287357537780548,0.7556459409149271,0.7272140976217162,0.865128449096099
4784,16648.387428762926,0.7159847764034253,0.7173628016872605,0.7515436599813986,0.7138164465704069,0.80732635585157
4913,1693.2518433045561,0.7093244529019981,0.7053547329231618,0.730645782733547,0.706207494202927,0.9042578496669839
4997,7266.047687679542,0.7283539486203615,0.7272377280036124,0.754478830091284,0.725519363324632,0.8525214081826832
4631,3512.627332297225,0.7117031398667936,0.7103557650014618,0.7394740151958801,0.7093088652847801,0.8720266412940058
4832,12011.535932803732,0.719790675547098,0.7201176018163715,0.7520333962667942,0.7171733668787722,0.8252854424357755
4902,5672.719736101613,0.731208372978116,0.7292861178640464,0.7563327528208263,0.7282728968336317,0.8632254995242626
4684,22424.85109434205,0.7055185537583254,0.7069106521039451,0.7438172464067334,0.7032548833593923,0.7873453853472883
4758,9078.000870147323,0.7245480494766888,0.7255122382523402,0.7567798453335788,0.7220128671412395,0.8371788772597526
4540,48114.03702902511,0.6769743101807802,0.6776981812098046,0.7204612002225703,0.6747630017675703,0.7310894386298763
4747,2711.463073124517,0.7098001902949572,0.7080473553081166,0.7356023730695147,0.707114313962611,0.8829686013320647
4842,5542.320239849531,0.725023786869648,0.7236568483073617,0.7501537861756474,0.722065301285922,0.8635823025689819
4659,10810.192731659517,0.7188392007611798,0.7199686039265861,0.7499745874096206,0.7165895019192086,0.8248097050428164
4831,4364.2390439051715,0.7231208372978116,0.7212347903094031,0.7490388660055709,0.7199946024316699,0.86976688867745
4908,1154.8121891313915,0.6974310180780209,0.6931289663489166,0.7194912927010314,0.694650265961887,0.9178163653663178
4740,17926.95329141842,0.7136060894386299,0.7145774097618899,0.749029096988543,0.7111271016142436,0.8017364414843007
4815,7404.23768998518,0.7288296860133207,0.7283413605494218,0.7570275952651284,0.7261609888308634,0.8482397716460514
4896,3072.530275641089,0.725499524262607,0.7235526478745415,0.7521135494633644,0.7224652312558992,0.8824928639391056
4080,1826.9332375138067,0.6950523311132255,0.6931882410092594,0.7224591708107859,0.6923015076822592,0.8818981921979068
4912,6752.192344398276,0.7283539486203615,0.7270771674402104,0.7547768273212632,0.7253229742370504,0.8540675547098002
4593,10830.689297790008,0.7155090390104663,0.7170688609238377,0.746324320804292,0.7135288975156111,0.8239771646051379
4999,4071.2214400726502,0.7283539486203615,0.7265540788911691,0.7545800276875372,0.7256646723479665,0.8772597526165556
4759,28984.529872651394,0.7007611798287345,0.7019610010235304,0.7398804552276885,0.6981918743832917,0.771883920076118
4910,96472.76255038759,0.6579448144624167,0.6572863661021524,0.7112133073237119,0.6553533392673414,0.6863701236917221
4818,17745.70297567096,0.7136060894386299,0.7144297647997474,0.7490044068693622,0.7113325190309034,0.8039961941008563
4673,5.202484159962791,0.49524262607040914,0.4858462000252725,0.49973298697309804,0.49217849518501466,0.9658658420551856
4910,2443.7917656442464,0.7212178877259753,0.7175138917787016,0.7452156440468454,0.718126661893056,0.8917697431018078
4841,6950.293012577998,0.7269267364414843,0.7260185036786126,0.7536245281814415,0.7237849706264233,0.8526403425309229
4913,4828.026208514018,0.7274024738344433,0.7253324560407887,0.7531016999819654,0.7244455995219485,0.8682207421503331
4747,12319.658615207563,0.7202664129400571,0.7215584525964085,0.7539036522847765,0.7178147275175423,0.8217174119885823
4912,3390.5953702978104,0.7240723120837298,0.7218376609592078,0.7504162447832594,0.7209545745383573,0.8795195052331113
4837,8073.797792893644,0.7269267364414843,0.7268387373129472,0.7561612805098037,0.7238221231046855,0.8452664129400571
4999,1921.8054470396762,0.719790675547098,0.7160971575646442,0.7430558431266086,0.7169682722445673,0.902592768791627
4691,4763.704859979281,0.7212178877259753,0.720877696062255,0.7494778457213165,0.7189399468504072,0.8641769743101808
4909,10793.637858868144,0.7221693625118935,0.7219723786179382,0.7531435394078183,0.719353763801896,0.8321836346336822
4789,6268.360102889415,0.725023786869648,0.7242623666057219,0.7533689874050202,0.7221186007243758,0.8551379638439581
761,21630.17972910743,0.6160799238820172,0.6082391105458969,0.6705590392550054,0.615702753649184,0.6225023786869648
4908,3071.792467227477,0.7245480494766888,0.7223663447241151,0.7510851431357899,0.7218016821501708,0.8828496669838249
4817,12985.369267957689,0.7174119885823026,0.7177835047161001,0.7499365924523186,0.7149193103823487,0.8204091341579448
4999,7152.284674987532,0.7297811607992388,0.7289840230926066,0.7560243185571353,0.7270930290945703,0.8529971455756422
4570,4290.313754122293,0.7188392007611798,0.7179986673329929,0.7453765821285779,0.716435621133189,0.8650095147478591
5000,1168.676920135676,0.7017126546146527,0.6967268707564394,0.7230197435318979,0.6983830480274124,0.9199571836346336
5000,2154.939823058185,0.7183634633682208,0.7147420648207572,0.7419725652153897,0.715460245835801,0.8989058039961941
1833,9906.675346853895,0.686489058039962,0.6870782559392782,0.7197617030704289,0.6845129832202023,0.7402473834443387
4711,33444.96811742765,0.6955280685061845,0.6969095320478365,0.7366492919713393,0.6931550932642844,0.7611798287345385
4853,16364.500829892428,0.7174119885823026,0.718383091704512,0.7516356575210223,0.7152787185798356,0.8085156993339676
4774,5187.030060779043,0.7226450999048525,0.7224776297878535,0.7510110715035027,0.720350496485263,0.8628686964795433
4916,411245.25582152116,0.5371075166508088,0.5279871901248929,0.609188101940987,0.5365480851007168,0.5498334919124643
4837,1.984890926227323,0.49429115128449097,0.4844983488739327,0.4967434103973013,0.4906908947217323,0.9746669838249287
4664,3530.895617333793,0.7164605137963844,0.7149327972776672,0.7421734136421219,0.7138317630938777,0.8721455756422455
4925,0.021193888506338222,0.4809705042816365,0.4705409527607552,0.48312476987282726,0.4779658461421808,0.976569933396765
4829,7672.462207658615,0.7278782112274025,0.7269201501245222,0.7556233188568,0.724619700055342,0.8482397716460514
4910,2454.664104397066,0.7212178877259753,0.7175138917787016,0.7452156440468454,0.718126661893056,0.8915318744053282
4298,12047.954871639457,0.7117031398667936,0.7133724393737494,0.7446807735631824,0.7092021631386016,0.8124405328258801
4490,0.0681342938795143,0.4961941008563273,0.48935079127107645,0.5043562059354969,0.4935823059281882,0.9589676498572788
4765,5504.979230222669,0.7226450999048525,0.7221370487249186,0.7509279083547731,0.720069560179191,0.8608468125594672
4914,19665.92669877382,0.7136060894386299,0.7138903153748808,0.7491421040592567,0.7112031795043354,0.8018553758325404
5000,7336.065291511807,0.7283539486203615,0.7276493382265624,0.7556405037516587,0.725478725715561,0.852045670789724
3222,3231.0664485023785,0.6902949571836346,0.6898931217258178,0.7189493578291716,0.6872071624046207,0.8387250237868696
4713,1468.4767466886065,0.6950523311132255,0.6927660685462149,0.7213109009075437,0.6922802717353961,0.9016412940057088
4843,10352.744884362093,0.7221693625118935,0.7223683513535653,0.7530068294413913,0.7194489233566465,0.8339676498572788
4916,4976.36783011736,0.7274024738344433,0.7254192964260194,0.7527871522179069,0.7244776860639359,0.8675071360608944
4792,852.8210083144011,0.6836346336822074,0.6803155931324295,0.7065419006031052,0.6809113410447594,0.922930542340628
4915,3485.428768803895,0.7259752616555661,0.7238072446835092,0.7528590343865688,0.7229104589942418,0.8794005708848716
4997,9059.561528875642,0.7293054234062797,0.7293924710230806,0.7591633022939603,0.7264441209612762,0.8438392007611798
4999,2003.1945796102239,0.719790675547098,0.7158574639587558,0.7427330332719391,0.7168755507043072,0.9015223596574691
4603,14466.718516944376,0.7107516650808754,0.7125225913651091,0.744905224157682,0.7085078433327301,0.8112511893434824
4833,5856.3343293693515,0.7264509990485252,0.7249506079342558,0.7523625054401077,0.7234487167210615,0.8607278782112274
4755,4462.2018756241305,0.7183634633682208,0.7177699997269622,0.7465276917006498,0.716004574319417,0.8673882017126546
4907,24447.299339614594,0.7069457659372027,0.707580420620295,0.744317191228086,0.7046128080518519,0.7871075166508088
4682,8439.741695745979,0.7240723120837298,0.7249396606418819,0.7538341249740854,0.7218805467371611,0.8399143672692674
4832,2751.262672198739,0.7174119885823026,0.7139930162594845,0.7419584282151478,0.7141950072515997,0.8857040913415795
4998,16404.300456087713,0.7216936251189343,0.7220525964054518,0.7563130757350001,0.7193630195960397,0.8123215984776403
4911,5746.034353695926,0.7288296860133207,0.7271488928082915,0.754331089392537,0.7259796391336107,0.8620361560418649
4998,10510.677658877778,0.7283539486203615,0.72830696172781,0.7586208419493559,0.7253828157181665,0.8363463368220743
5000,4307.507834439278,0.7293054234062797,0.7279697985332699,0.7558347319069119,0.7267154300028984,0.8745242626070409
4825,1831.4628745275484,0.7040913415794482,0.7001534608792861,0.7276591746633644,0.7008060424751494,0.8981921979067554
1114,7214.276899079013,0.6684110371075167,0.6681167656995357,0.7024896072401555,0.6675838207987667,0.7037345385347288
4721,38428.46357259999,0.692197906755471,0.6933597504233932,0.7346573768711275,0.6901629250517631,0.7521408182683159
4860,2886.4298812920497,0.7216936251189343,0.7188309594821901,0.7479217461737273,0.7183279043316231,0.883325404376784
4764,16135.841436920946,0.7140818268315889,0.7154668529148634,0.7493886789822279,0.7118664687859363,0.8074452901998097
266,6935.103845394409,0.5832540437678402,0.5714956074786144,0.6272404838387549,0.5823753996501924,0.5918173168411037
3760,4043.854170082646,0.6974310180780209,0.6975670210583335,0.726521374003956,0.6952550764107165,0.8464557564224549
4620,177699.90602763757,0.6089438629876308,0.6049172006494181,0.6670533994957927,0.6078547692240569,0.6272597526165556
4906,11552.6569675494,0.7245480494766888,0.7240801693329962,0.7549802716878323,0.7217517804798315,0.8293292102759277
5000,2379.51823492781,0.7188392007611798,0.715452517628648,0.7422326525897421,0.7159872238209559,0.8949809705042816
4836,259.5205632339473,0.6360608943862988,0.632889468033162,0.6543975871704222,0.6338298255034641,0.9551617507136061
4907,1116.5574622021672,0.6974310180780209,0.6929856637440732,0.7189524235809822,0.6945543241175361,0.9194814462416746
4752,5631.9634963174385,0.725023786869648,0.7247235416490341,0.7537541475285289,0.7223746564523651,0.8590627973358707
4909,23745.53731219739,0.7078972407231209,0.7084562463419816,0.7447281606453806,0.7055319160690962,0.7892483349191246
4837,60368.59498771309,0.681255946717412,0.6821446837106715,0.728791793524171,0.6789475819452756,0.7196717411988582
4685,9437.114067326935,0.7240723120837298,0.7252652331190648,0.7552938338585767,0.7219635488353432,0.8336108468125595
4913,4037.734775368299,0.725023786869648,0.7228155485634061,0.7511875710424427,0.7220192794071074,0.8740485252140818
4793,14232.132170559955,0.7178877259752616,0.7189278388075371,0.7517154897437421,0.7156577752455272,0.815651760228354
4999,6815.367073561268,0.730732635585157,0.7299679670229817,0.7567493752860448,0.7281325828471058,0.8560894386298763
4841,3009.3493408345603,0.7164605137963844,0.7137274184062024,0.7431249763680431,0.713389044257134,0.8820171265461465
4910,8517.646999488812,0.7245480494766888,0.7240945395608678,0.7538740149913983,0.7214463774972535,0.8438392007611798
4585,4476.1899128873065,0.7174119885823026,0.716623663349624,0.7436806672284246,0.7154004116501302,0.8635823025689819
4743,1869.0898365804085,0.6998097050428164,0.6980744206721499,0.7246287982308683,0.6973866351808525,0.89581351094196
4906,13763.23150406283,0.7235965746907707,0.7239311758679752,0.7566872258446201,0.7211139938990664,0.8192197906755471
4998,5988.998544990752,0.731208372978116,0.7301540666243861,0.7570154423142924,0.7285752496182273,0.8628686964795433
4773,2651.652807557256,0.7074215033301617,0.7054269623465469,0.7331787626746753,0.7049525896209037,0.8839200761179828
4670,4303.089677238975,0.7183634633682208,0.7175024646152341,0.7459012177998577,0.716045297131259,0.8676260704091342
4854,1358.5728065564817,0.6998097050428164,0.6958002626116696,0.7235762221960178,0.6963836358203642,0.9088962892483349
4909,574.4048540597464,0.6726926736441484,0.6679154011818624,0.6931099920953694,0.6697077031158454,0.9404138915318744
4997,8817.483977188624,0.7283539486203615,0.7282325113950229,0.7576618951101503,0.725296923257028,0.8462178877259753
4822,24986.172420924773,0.7098001902949572,0.7111008904454091,0.7483163886556189,0.7076773709462724,0.7841341579448144
4910,3478.482835635105,0.725023786869648,0.72272110938015,0.7516419606394116,0.7218470985814791,0.8792816365366318
4747,5721.523577801941,0.7235965746907707,0.7232417767949579,0.752173617120117,0.7209743275520364,0.8590627973358707
4999,2064.6209988052924,0.7193149381541389,0.715642792897154,0.7433645069909305,0.7163853546258758,0.9006898192197906
5000,11372.026345121261,0.7269267364414843,0.726902192848283,0.7582742540937744,0.7243404711978361,0.8317078972407231
4841,5286.176359762163,0.7259752616555661,0.7245387801933385,0.7508960270189843,0.7229778073171108,0.8647716460513797
4677,18734.659042347048,0.7083729781160799,0.7099176865160173,0.7450202414238414,0.7064934463679691,0.798406279733587
4545,3338.144349727404,0.7093244529019981,0.7078216567328216,0.7349062317593255,0.7068976682825473,0.8710751665080876
4410,8508.628395427,0.7174119885823026,0.7184422912076138,0.7473050699705731,0.7150174393999746,0.8315889628924833
4916,6105.098962270484,0.7288296860133207,0.7272049081873135,0.7546305744290839,0.7260075675626656,0.8596574690770694
4775,1674.765577787759,0.6950523311132255,0.6925340649259942,0.7204007609277623,0.6922634108301708,0.8993815413891532
5000,12809.233068494474,0.7235965746907707,0.7239271192864801,0.7558708133044478,0.7211839832827058,0.8246907706945766
4840,3531.587616328352,0.7183634633682208,0.7156481159040952,0.7441873631194893,0.7151609800637813,0.8763082778306375
4906,36086.97959567122,0.698382492863939,0.6988002337505155,0.738455842518323,0.696233546285368,0.7617745004757374
4738,8539.584385318505,0.7259752616555661,0.7270298449557824,0.7572169247673641,0.7236012567161554,0.8392007611798288
5000,92.3689296218231,0.5865842055185537,0.580984176542264,0.5990893723789528,0.5844887238620889,0.9718125594671742
4851,4795.742044925926,0.7226450999048525,0.7205802320555706,0.74796870383197,0.7197735712288111,0.8682207421503331
4635,17128.0825836548,0.7059942911512845,0.7076657720902821,0.7401068563147731,0.7041631479803383,0.801617507136061
4914,2537.919077932519,0.7202664129400571,0.717206356978107,0.7453861294899435,0.7171497787077801,0.8898667935299714
4820,6673.746848355366,0.7264509990485252,0.7255787489690373,0.7537836262950879,0.7235324030935288,0.8535918173168411
4911,12494.62552820645,0.725499524262607,0.7255736149997571,0.7567321666533674,0.7229072116345179,0.8243339676498572
4760,4388.026303457087,0.7183634633682208,0.7175404649722242,0.7465700641532889,0.7158192601865643,0.8676260704091342
4916,8077.257855451383,0.725499524262607,0.724762148715927,0.7541498043763128,0.7225677846874191,0.8457421503330161
2248,2449.01001470944,0.6860133206470028,0.6862426572926136,0.7156006450839438,0.6825525125260717,0.8113701236917221
2584,1046.2417800485919,0.6646051379638439,0.6640033561459011,0.6902922274847809,0.6616203372624414,0.8437202664129401
4827,5747.6071175346315,0.7264509990485252,0.7253094904202744,0.7524162868055748,0.723574173944655,0.8612036156041865
4693,10636.87942699429,0.7216936251189343,0.7226209651580355,0.7530458577686271,0.7193191579787077,0.8273073263558516
4913,3358.188694006461,0.7245480494766888,0.7223981500187052,0.7511525475609857,0.7214447706167887,0.8799952426260704
5000,22475.9535105804,0.7121788772597526,0.7128546909997496,0.7490994798055242,0.7099020298116281,0.7949571836346336
4797,4609.387779283801,0.7226450999048525,0.7212848566536785,0.7497848881520076,0.7197791164213515,0.8672692673644149
4906,9784.634118107724,0.7221693625118935,0.7216836337206046,0.7518647002891545,0.7192303476891254,0.8377735490009515
4999,1467.5698122410095,0.7083729781160799,0.7041666031723783,0.7303685783398246,0.7053095849477851,0.9105613701236918
4780,16491.83196267029,0.7140818268315889,0.7157211368585198,0.7497853557585161,0.7121310789367634,0.8072074215033301
4657,2356.9524560986674,0.7045670789724072,0.7018527504091014,0.728700428342271,0.7017834848597665,0.8857040913415795
4847,6828.979646429339,0.7278782112274025,0.7267856036276747,0.7548245556574973,0.7247130498684562,0.8532350142721218
3013,19.323969840019004,0.5447193149381542,0.5400965713020025,0.5617662640757553,0.5411557067542232,0.8948620361560419
4909,4050.7953143920367,0.7264509990485252,0.724387192986654,0.7525464487964966,0.7234587870702095,0.8742863939105614
4741,7429.289780674051,0.7288296860133207,0.729214061103837,0.7584987245846864,0.7263811299307795,0.845861084681256
5000,11442.62590674509,0.7269267364414843,0.726963627102989,0.7584744166061101,0.7243404711978361,0.8317078972407231
1635,2982.310637715511,0.6803044719314938,0.6806792195378131,0.7105242516748105,0.6781939856454404,0.7686726926736441
4504,5353.858474983359,0.7164605137963844,0.7157586386325756,0.7428689004732965,0.7142589080514793,0.8535918173168411
5000,17949.148662222233,0.7216936251189343,0.7220683882177015,0.7567629050956189,0.7193017591031796,0.8086346336822074
4853,1870.5546167612506,0.7093244529019981,0.7051120616725048,0.7316124350789177,0.7059246762181174,0.8981921979067554
4846,27297.10040304846,0.7040913415794482,0.7050452583443593,0.7440291630347898,0.7019232369030598,0.7767602283539486
4913,9660.429364282267,0.7226450999048525,0.7218491163702412,0.7518840026947837,0.7195663563791366,0.8382492863939106
4736,4261.478447511856,0.7155090390104663,0.7146373274448439,0.742830994235528,0.7129826397266372,0.8678639391056137
4999,5828.643229322541,0.7302568981921979,0.7291360408173118,0.7557687852844173,0.7277528923065083,0.8639391056137012
4599,2656.6361079039225,0.7098001902949572,0.7080151980282277,0.7349687589195331,0.7069921729627614,0.8801141769743102
4824,14070.120202461676,0.7188392007611798,0.7192321064341589,0.7519043569825976,0.7164821261535244,0.8166032350142721
4913,796.5135470308163,0.6879162702188392,0.6833141204100681,0.7097014279660194,0.6849729595315457,0.9306612749762131
4703,46228.2194330426,0.6855375832540438,0.6859884478506947,0.7300784864682706,0.6829615400435711,0.7388201712654615
4910,7518.3652595531075,0.7274024738344433,0.7261642971227719,0.7547901714770993,0.7242547139664467,0.8488344433872502
4786,3603.6047200024536,0.7159847764034253,0.7139181270237825,0.7414989887627375,0.7130331053788448,0.8739295908658421
4916,1667.3457746348545,0.7121788772597526,0.7080482301361538,0.7334441089785597,0.7090605744199108,0.9043767840152236
4830,9776.085545156591,0.7226450999048525,0.7230022635493355,0.7541309036446896,0.7200757423580073,0.8363463368220743
4917,4980.707601367568,0.7274024738344433,0.7254478651435572,0.7530234523176826,0.7244776860639359,0.8675071360608944
4670,15374.696855672935,0.7098001902949572,0.7111489454849174,0.7442151166251252,0.707551708211829,0.8102997145575642
4999,6951.380989758909,0.730732635585157,0.7299604247987279,0.7568707075701464,0.728073421251433,0.8539486203615604
998,2986.395620866573,0.6607992388201712,0.6602154509692515,0.6927506639552977,0.6591622898613465,0.719790675547098
4778,10320.331512229006,0.7221693625118935,0.7232291111624429,0.7543920972291909,0.71972873872779,0.8313510941960038
4850,26212.799500683766,0.7078972407231209,0.7091411730268186,0.7470373500476938,0.7058288070885448,0.7799714557564225
4917,4872.318043670399,0.7278782112274025,0.725994114893098,0.7535579759430453,0.7249727355688865,0.8679828734538535
4745,2677.917734133063,0.7107516650808754,0.7093782192897639,0.7369667987214925,0.7082320163868097,0.8838011417697431
4914,6141.666330337983,0.7293054234062797,0.7276647847753959,0.7552014574467754,0.7264705305256285,0.8587059942911512
4830,14395.613889121141,0.7183634633682208,0.7190373187796504,0.7519398161359498,0.7162212772420704,0.8155328258801142
4628,1517.4973860769364,0.6950523311132255,0.6930166636541641,0.7211366621841597,0.6928319562630034,0.8986679352997146
4915,7759.107426466318,0.7274024738344433,0.7261926566519422,0.7547736123913573,0.724286642446651,0.8481208372978116
1363,4282.433404919644,0.6750713606089439,0.6749482548703047,0.7065449862461954,0.673333709348353,0.7407231208372979
4770,3378.658477233951,0.7155090390104663,0.7142933742104753,0.7433780279267712,0.712987704348671,0.8758325404376784
4919,10434.730197758276,0.7231208372978116,0.7225980452920813,0.7524530076305787,0.7202558212351381,0.8348001902949572
4836,21077.684152554924,0.7126546146527117,0.714056036822185,0.7508406901974359,0.7103634288484121,0.7947193149381542
642,6315.697671424495,0.6403425309229306,0.6368855056723675,0.6780138971550937,0.6395429271148321,0.6618696479543292
4998,2048.2478887224142,0.7202664129400571,0.7169016177548199,0.7437583522980991,0.7174649768606591,0.9005708848715509
4701,3988.5182398442457,0.7183634633682208,0.7174135312700817,0.7458944073144538,0.7158813497560691,0.8696479543292103
4996,10296.42915806962,0.7274024738344433,0.7275383053565467,0.7572650680442989,0.7243642971996481,0.8376546146527117
4840,1176.2547779912652,0.69790675547098,0.6939864572363789,0.722107700733254,0.6945505139450183,0.9132968601332064
4916,6737.072560919809,0.7278782112274025,0.7266297691438979,0.754457716414532,0.7249191728697602,0.8538296860133207
4541,14640.973494380034,0.7102759276879163,0.7119744180156118,0.7428683184594437,0.7082311543001747,0.8083967649857279
4764,0.5165466479915584,0.4857278782112274,0.4764491868941551,0.48835889164990043,0.4824318062763173,0.9720504281636536
4832,2656.8508498076812,0.7169362511893435,0.7134080432930989,0.7413317508798561,0.7136999577466491,0.8870123691722169
4922,4542.807281251876,0.7274024738344433,0.7252048602275754,0.7529004215998197,0.7244297464270566,0.8702426260704091
4676,42.57283958193467,0.5547098001902949,0.5470137061293121,0.5631518313830645,0.550852448774516,0.9627735490009515
4913,10024.577196295477,0.7221693625118935,0.7215513332263077,0.7510432970020627,0.7191527701115478,0.8368220742150333
4825,38544.134010798094,0.6955280685061845,0.6967386419024402,0.7385586923528774,0.6933069762400259,0.75523311132255
5000,6523.736804083097,0.731208372978116,0.7300004847941901,0.7570247226677896,0.7284762474210889,0.8579923882017126
